[    1952ms] [INFO] %cDownload the React DevTools for a better development experience: https://react.dev/link/react-devtools font-weight:bold @ http://localhost:3000/_next/static/chunks/node_modules_next_dist_1ybzpk2._.js:2489
[    2060ms] [LOG] [HMR] connected @ http://localhost:3000/_next/static/chunks/node_modules_next_dist_1ybzpk2._.js:2489
[    2239ms] [WARNING] Image with src "/images/brand-free-images/imperial-mobile-banner.png" has "fill" prop and "sizes" prop of "100vw", but image is not rendered at full viewport width. Please adjust "sizes" to improve page performance. Read more: https://nextjs.org/docs/api-reference/next/image#sizes @ http://localhost:3000/_next/static/chunks/node_modules_next_dist_1ybzpk2._.js:2489
[  105600ms] [LOG] [Fast Refresh] rebuilding @ http://localhost:3000/_next/static/chunks/node_modules_next_dist_1ybzpk2._.js:2489
[  105634ms] [LOG] [Fast Refresh] done in 145ms @ http://localhost:3000/_next/static/chunks/node_modules_next_dist_1ybzpk2._.js:2489
[  125759ms] [LOG] [Fast Refresh] rebuilding @ http://localhost:3000/_next/static/chunks/node_modules_next_dist_1ybzpk2._.js:2489
[  125977ms] [LOG] [Fast Refresh] done in 215ms @ http://localhost:3000/_next/static/chunks/node_modules_next_dist_1ybzpk2._.js:2489
[  132582ms] [LOG] [Fast Refresh] rebuilding @ http://localhost:3000/_next/static/chunks/node_modules_next_dist_1ybzpk2._.js:2489
[  132668ms] [LOG] [Fast Refresh] done in 108ms @ http://localhost:3000/_next/static/chunks/node_modules_next_dist_1ybzpk2._.js:2489
[  137854ms] [LOG] [Fast Refresh] rebuilding @ http://localhost:3000/_next/static/chunks/node_modules_next_dist_1ybzpk2._.js:2489
[  138014ms] [LOG] [Fast Refresh] done in 180ms @ http://localhost:3000/_next/static/chunks/node_modules_next_dist_1ybzpk2._.js:2489
[  184181ms] [LOG] [Fast Refresh] rebuilding @ http://localhost:3000/_next/static/chunks/node_modules_next_dist_1ybzpk2._.js:2489
[  184263ms] [LOG] [Fast Refresh] done in 191ms @ http://localhost:3000/_next/static/chunks/node_modules_next_dist_1ybzpk2._.js:2489
[  205047ms] [LOG] [Fast Refresh] rebuilding @ http://localhost:3000/_next/static/chunks/node_modules_next_dist_1ybzpk2._.js:2489
[  205179ms] [LOG] [Fast Refresh] done in 141ms @ http://localhost:3000/_next/static/chunks/node_modules_next_dist_1ybzpk2._.js:2489
[  208731ms] [LOG] [Fast Refresh] rebuilding @ http://localhost:3000/_next/static/chunks/node_modules_next_dist_1ybzpk2._.js:2489
[  208929ms] [ERROR] ./src/app/page.tsx:6:1
Module not found: Can't resolve '@/components/sections/WhyChooseUs'
  4 | import { CategoryGrid } from "@/components/sections/CategoryGrid";
  5 | import { ServicesSection } from "@/components/sections/ServicesSection";
> 6 | import { WhyChooseUs } from "@/components/sections/WhyChooseUs";
    | ^^^^^^^^^^^^^^^^^^^^^^^^^^^^^^^^^^^^^^^^^^^^^^^^^^^^^^^^^^^^^^^^
  7 |
  8 | export const metadata: Metadata = {
  9 |   title: "Imperial Essence Trading LLC | Luxury Perfumery, Beauty & Duty Free Distribution ...

Import map: aliased to relative './src/components/sections/WhyChooseUs' inside of [project]/

https://nextjs.org/docs/messages/module-not-found @ http://localhost:3000/_next/static/chunks/node_modules_next_dist_1ybzpk2._.js:3330
[  209064ms] [LOG] [Fast Refresh] rebuilding @ http://localhost:3000/_next/static/chunks/node_modules_next_dist_1ybzpk2._.js:2489
[  209670ms] [ERROR] ./src/app/page.tsx:6:1
Module not found: Can't resolve '@/components/sections/WhyChooseUs'
  4 | import { CategoryGrid } from "@/components/sections/CategoryGrid";
  5 | import { ServicesSection } from "@/components/sections/ServicesSection";
> 6 | import { WhyChooseUs } from "@/components/sections/WhyChooseUs";
    | ^^^^^^^^^^^^^^^^^^^^^^^^^^^^^^^^^^^^^^^^^^^^^^^^^^^^^^^^^^^^^^^^
  7 |
  8 | export const metadata: Metadata = {
  9 |   title: "Imperial Essence Trading LLC | Luxury Perfumery, Beauty & Duty Free Distribution ...

Import map: aliased to relative './src/components/sections/WhyChooseUs' inside of [project]/

https://nextjs.org/docs/messages/module-not-found @ http://localhost:3000/_next/static/chunks/node_modules_next_dist_1ybzpk2._.js:3330
[  209782ms] [LOG] [Fast Refresh] rebuilding @ http://localhost:3000/_next/static/chunks/node_modules_next_dist_1ybzpk2._.js:2489
[  210558ms] [ERROR] ./src/app/page.tsx:6:1
Module not found: Can't resolve '@/components/sections/WhyChooseUs'
  4 | import { CategoryGrid } from "@/components/sections/CategoryGrid";
  5 | import { ServicesSection } from "@/components/sections/ServicesSection";
> 6 | import { WhyChooseUs } from "@/components/sections/WhyChooseUs";
    | ^^^^^^^^^^^^^^^^^^^^^^^^^^^^^^^^^^^^^^^^^^^^^^^^^^^^^^^^^^^^^^^^
  7 |
  8 | export const metadata: Metadata = {
  9 |   title: "Imperial Essence Trading LLC | Luxury Perfumery, Beauty & Duty Free Distribution ...

Import map: aliased to relative './src/components/sections/WhyChooseUs' inside of [project]/

https://nextjs.org/docs/messages/module-not-found @ http://localhost:3000/_next/static/chunks/node_modules_next_dist_1ybzpk2._.js:3330
[  210558ms] [ERROR] Failed to load resource: the server responded with a status of 500 (Internal Server Error) @ http://localhost:3000/?_rsc=q3mOO9BClNZHexY7:0
[  210607ms] [ERROR] Failed to load resource: the server responded with a status of 500 (Internal Server Error) @ http://localhost:3000/?_rsc=q3mOO9BClNZHexY7:0
[  210626ms] [ERROR] Failed to load resource: the server responded with a status of 500 (Internal Server Error) @ http://localhost:3000/:0
[  210708ms] [ERROR] Refused to execute script from 'http://localhost:3000/_next/static/development/_clientMiddlewareManifest.js' because its MIME type ('application/json') is not executable, and strict MIME type checking is enabled. @ http://localhost:3000/:0
[  210746ms] [INFO] %cDownload the React DevTools for a better development experience: https://react.dev/link/react-devtools font-weight:bold @ http://localhost:3000/_next/static/chunks/node_modules_react-dom_0kla17-._.js:15305
[  210818ms] Error: ./src/app/page.tsx:6:1
Module not found: Can't resolve '@/components/sections/WhyChooseUs'
  4 | import { CategoryGrid } from "@/components/sections/CategoryGrid";
  5 | import { ServicesSection } from "@/components/sections/ServicesSection";
> 6 | import { WhyChooseUs } from "@/components/sections/WhyChooseUs";
    | ^^^^^^^^^^^^^^^^^^^^^^^^^^^^^^^^^^^^^^^^^^^^^^^^^^^^^^^^^^^^^^^^
  7 |
  8 | export const metadata: Metadata = {
  9 |   title: "Imperial Essence Trading LLC | Luxury Perfumery, Beauty & Duty Free Distribution ...

Import map: aliased to relative './src/components/sections/WhyChooseUs' inside of [project]/


https://nextjs.org/docs/messages/module-not-found


    at <unknown> (Error: ./src/app/page.tsx:6:1)
    at <unknown> (https://nextjs.org/docs/messages/module-not-found)
    at Object.getCompilationErrors (file://D:\onepws\imperrial\node_modules\next\dist\server\dev\hot-reloader-turbopack.js:1186:59)
    at DevBundlerService.getCompilationError (file://D:\onepws\imperrial\node_modules\next\dist\server\lib\dev-bundler-service.js:44:55)
    at DevServer.getCompilationError (file://D:\onepws\imperrial\node_modules\next\dist\server\dev\next-dev-server.js:720:42)
    at DevServer.findPageComponents (file://D:\onepws\imperrial\node_modules\next\dist\server\dev\next-dev-server.js:690:43)
    at async DevServer.renderErrorToResponseImpl (file://D:\onepws\imperrial\node_modules\next\dist\server\base-server.js:1753:26)
[  210817ms] [LOG] [HMR] connected @ http://localhost:3000/_next/static/chunks/node_modules_next_dist_1gdrd03._.js:1226
[  210821ms] [ERROR] ./src/app/page.tsx:6:1
Module not found: Can't resolve '@/components/sections/WhyChooseUs'
  4 | import { CategoryGrid } from "@/components/sections/CategoryGrid";
  5 | import { ServicesSection } from "@/components/sections/ServicesSection";
> 6 | import { WhyChooseUs } from "@/components/sections/WhyChooseUs";
    | ^^^^^^^^^^^^^^^^^^^^^^^^^^^^^^^^^^^^^^^^^^^^^^^^^^^^^^^^^^^^^^^^
  7 |
  8 | export const metadata: Metadata = {
  9 |   title: "Imperial Essence Trading LLC | Luxury Perfumery, Beauty & Duty Free Distribution ...

Import map: aliased to relative './src/components/sections/WhyChooseUs' inside of [project]/

https://nextjs.org/docs/messages/module-not-found @ http://localhost:3000/_next/static/chunks/node_modules_next_dist_1gdrd03._.js:1945
[  210895ms] [ERROR] ./src/app/page.tsx:6:1
Module not found: Can't resolve '@/components/sections/WhyChooseUs'
  4 | import { CategoryGrid } from "@/components/sections/CategoryGrid";
  5 | import { ServicesSection } from "@/components/sections/ServicesSection";
> 6 | import { WhyChooseUs } from "@/components/sections/WhyChooseUs";
    | ^^^^^^^^^^^^^^^^^^^^^^^^^^^^^^^^^^^^^^^^^^^^^^^^^^^^^^^^^^^^^^^^
  7 |
  8 | export const metadata: Metadata = {
  9 |   title: "Imperial Essence Trading LLC | Luxury Perfumery, Beauty & Duty Free Distribution ...

Import map: aliased to relative './src/components/sections/WhyChooseUs' inside of [project]/

https://nextjs.org/docs/messages/module-not-found @ http://localhost:3000/_next/static/chunks/node_modules_next_dist_1gdrd03._.js:1945
[  210949ms] [ERROR] ./src/app/page.tsx:6:1
Module not found: Can't resolve '@/components/sections/WhyChooseUs'
  4 | import { CategoryGrid } from "@/components/sections/CategoryGrid";
  5 | import { ServicesSection } from "@/components/sections/ServicesSection";
> 6 | import { WhyChooseUs } from "@/components/sections/WhyChooseUs";
    | ^^^^^^^^^^^^^^^^^^^^^^^^^^^^^^^^^^^^^^^^^^^^^^^^^^^^^^^^^^^^^^^^
  7 |
  8 | export const metadata: Metadata = {
  9 |   title: "Imperial Essence Trading LLC | Luxury Perfumery, Beauty & Duty Free Distribution ...

Import map: aliased to relative './src/components/sections/WhyChooseUs' inside of [project]/

https://nextjs.org/docs/messages/module-not-found @ http://localhost:3000/_next/static/chunks/node_modules_next_dist_1gdrd03._.js:1945
[  210998ms] [ERROR] ./src/app/page.tsx:6:1
Module not found: Can't resolve '@/components/sections/WhyChooseUs'
  4 | import { CategoryGrid } from "@/components/sections/CategoryGrid";
  5 | import { ServicesSection } from "@/components/sections/ServicesSection";
> 6 | import { WhyChooseUs } from "@/components/sections/WhyChooseUs";
    | ^^^^^^^^^^^^^^^^^^^^^^^^^^^^^^^^^^^^^^^^^^^^^^^^^^^^^^^^^^^^^^^^
  7 |
  8 | export const metadata: Metadata = {
  9 |   title: "Imperial Essence Trading LLC | Luxury Perfumery, Beauty & Duty Free Distribution ...

Import map: aliased to relative './src/components/sections/WhyChooseUs' inside of [project]/

https://nextjs.org/docs/messages/module-not-found @ http://localhost:3000/_next/static/chunks/node_modules_next_dist_1gdrd03._.js:1945
[  211049ms] [ERROR] ./src/app/page.tsx:6:1
Module not found: Can't resolve '@/components/sections/WhyChooseUs'
  4 | import { CategoryGrid } from "@/components/sections/CategoryGrid";
  5 | import { ServicesSection } from "@/components/sections/ServicesSection";
> 6 | import { WhyChooseUs } from "@/components/sections/WhyChooseUs";
    | ^^^^^^^^^^^^^^^^^^^^^^^^^^^^^^^^^^^^^^^^^^^^^^^^^^^^^^^^^^^^^^^^
  7 |
  8 | export const metadata: Metadata = {
  9 |   title: "Imperial Essence Trading LLC | Luxury Perfumery, Beauty & Duty Free Distribution ...

Import map: aliased to relative './src/components/sections/WhyChooseUs' inside of [project]/

https://nextjs.org/docs/messages/module-not-found @ http://localhost:3000/_next/static/chunks/node_modules_next_dist_1gdrd03._.js:1945
[  211099ms] [ERROR] ./src/app/page.tsx:6:1
Module not found: Can't resolve '@/components/sections/WhyChooseUs'
  4 | import { CategoryGrid } from "@/components/sections/CategoryGrid";
  5 | import { ServicesSection } from "@/components/sections/ServicesSection";
> 6 | import { WhyChooseUs } from "@/components/sections/WhyChooseUs";
    | ^^^^^^^^^^^^^^^^^^^^^^^^^^^^^^^^^^^^^^^^^^^^^^^^^^^^^^^^^^^^^^^^
  7 |
  8 | export const metadata: Metadata = {
  9 |   title: "Imperial Essence Trading LLC | Luxury Perfumery, Beauty & Duty Free Distribution ...

Import map: aliased to relative './src/components/sections/WhyChooseUs' inside of [project]/

https://nextjs.org/docs/messages/module-not-found @ http://localhost:3000/_next/static/chunks/node_modules_next_dist_1gdrd03._.js:1945
[  211149ms] [ERROR] ./src/app/page.tsx:6:1
Module not found: Can't resolve '@/components/sections/WhyChooseUs'
  4 | import { CategoryGrid } from "@/components/sections/CategoryGrid";
  5 | import { ServicesSection } from "@/components/sections/ServicesSection";
> 6 | import { WhyChooseUs } from "@/components/sections/WhyChooseUs";
    | ^^^^^^^^^^^^^^^^^^^^^^^^^^^^^^^^^^^^^^^^^^^^^^^^^^^^^^^^^^^^^^^^
  7 |
  8 | export const metadata: Metadata = {
  9 |   title: "Imperial Essence Trading LLC | Luxury Perfumery, Beauty & Duty Free Distribution ...

Import map: aliased to relative './src/components/sections/WhyChooseUs' inside of [project]/

https://nextjs.org/docs/messages/module-not-found @ http://localhost:3000/_next/static/chunks/node_modules_next_dist_1gdrd03._.js:1945
[  211198ms] [ERROR] ./src/app/page.tsx:6:1
Module not found: Can't resolve '@/components/sections/WhyChooseUs'
  4 | import { CategoryGrid } from "@/components/sections/CategoryGrid";
  5 | import { ServicesSection } from "@/components/sections/ServicesSection";
> 6 | import { WhyChooseUs } from "@/components/sections/WhyChooseUs";
    | ^^^^^^^^^^^^^^^^^^^^^^^^^^^^^^^^^^^^^^^^^^^^^^^^^^^^^^^^^^^^^^^^
  7 |
  8 | export const metadata: Metadata = {
  9 |   title: "Imperial Essence Trading LLC | Luxury Perfumery, Beauty & Duty Free Distribution ...

Import map: aliased to relative './src/components/sections/WhyChooseUs' inside of [project]/

https://nextjs.org/docs/messages/module-not-found @ http://localhost:3000/_next/static/chunks/node_modules_next_dist_1gdrd03._.js:1945
[  211248ms] [ERROR] ./src/app/page.tsx:6:1
Module not found: Can't resolve '@/components/sections/WhyChooseUs'
  4 | import { CategoryGrid } from "@/components/sections/CategoryGrid";
  5 | import { ServicesSection } from "@/components/sections/ServicesSection";
> 6 | import { WhyChooseUs } from "@/components/sections/WhyChooseUs";
    | ^^^^^^^^^^^^^^^^^^^^^^^^^^^^^^^^^^^^^^^^^^^^^^^^^^^^^^^^^^^^^^^^
  7 |
  8 | export const metadata: Metadata = {
  9 |   title: "Imperial Essence Trading LLC | Luxury Perfumery, Beauty & Duty Free Distribution ...

Import map: aliased to relative './src/components/sections/WhyChooseUs' inside of [project]/

https://nextjs.org/docs/messages/module-not-found @ http://localhost:3000/_next/static/chunks/node_modules_next_dist_1gdrd03._.js:1945
[  211299ms] [ERROR] ./src/app/page.tsx:6:1
Module not found: Can't resolve '@/components/sections/WhyChooseUs'
  4 | import { CategoryGrid } from "@/components/sections/CategoryGrid";
  5 | import { ServicesSection } from "@/components/sections/ServicesSection";
> 6 | import { WhyChooseUs } from "@/components/sections/WhyChooseUs";
    | ^^^^^^^^^^^^^^^^^^^^^^^^^^^^^^^^^^^^^^^^^^^^^^^^^^^^^^^^^^^^^^^^
  7 |
  8 | export const metadata: Metadata = {
  9 |   title: "Imperial Essence Trading LLC | Luxury Perfumery, Beauty & Duty Free Distribution ...

Import map: aliased to relative './src/components/sections/WhyChooseUs' inside of [project]/

https://nextjs.org/docs/messages/module-not-found @ http://localhost:3000/_next/static/chunks/node_modules_next_dist_1gdrd03._.js:1945
[  211349ms] [ERROR] ./src/app/page.tsx:6:1
Module not found: Can't resolve '@/components/sections/WhyChooseUs'
  4 | import { CategoryGrid } from "@/components/sections/CategoryGrid";
  5 | import { ServicesSection } from "@/components/sections/ServicesSection";
> 6 | import { WhyChooseUs } from "@/components/sections/WhyChooseUs";
    | ^^^^^^^^^^^^^^^^^^^^^^^^^^^^^^^^^^^^^^^^^^^^^^^^^^^^^^^^^^^^^^^^
  7 |
  8 | export const metadata: Metadata = {
  9 |   title: "Imperial Essence Trading LLC | Luxury Perfumery, Beauty & Duty Free Distribution ...

Import map: aliased to relative './src/components/sections/WhyChooseUs' inside of [project]/

https://nextjs.org/docs/messages/module-not-found @ http://localhost:3000/_next/static/chunks/node_modules_next_dist_1gdrd03._.js:1945
[  211399ms] [ERROR] ./src/app/page.tsx:6:1
Module not found: Can't resolve '@/components/sections/WhyChooseUs'
  4 | import { CategoryGrid } from "@/components/sections/CategoryGrid";
  5 | import { ServicesSection } from "@/components/sections/ServicesSection";
> 6 | import { WhyChooseUs } from "@/components/sections/WhyChooseUs";
    | ^^^^^^^^^^^^^^^^^^^^^^^^^^^^^^^^^^^^^^^^^^^^^^^^^^^^^^^^^^^^^^^^
  7 |
  8 | export const metadata: Metadata = {
  9 |   title: "Imperial Essence Trading LLC | Luxury Perfumery, Beauty & Duty Free Distribution ...

Import map: aliased to relative './src/components/sections/WhyChooseUs' inside of [project]/

https://nextjs.org/docs/messages/module-not-found @ http://localhost:3000/_next/static/chunks/node_modules_next_dist_1gdrd03._.js:1945
[  211449ms] [ERROR] ./src/app/page.tsx:6:1
Module not found: Can't resolve '@/components/sections/WhyChooseUs'
  4 | import { CategoryGrid } from "@/components/sections/CategoryGrid";
  5 | import { ServicesSection } from "@/components/sections/ServicesSection";
> 6 | import { WhyChooseUs } from "@/components/sections/WhyChooseUs";
    | ^^^^^^^^^^^^^^^^^^^^^^^^^^^^^^^^^^^^^^^^^^^^^^^^^^^^^^^^^^^^^^^^
  7 |
  8 | export const metadata: Metadata = {
  9 |   title: "Imperial Essence Trading LLC | Luxury Perfumery, Beauty & Duty Free Distribution ...

Import map: aliased to relative './src/components/sections/WhyChooseUs' inside of [project]/

https://nextjs.org/docs/messages/module-not-found @ http://localhost:3000/_next/static/chunks/node_modules_next_dist_1gdrd03._.js:1945
[  211514ms] [ERROR] ./src/app/page.tsx:6:1
Module not found: Can't resolve '@/components/sections/WhyChooseUs'
  4 | import { CategoryGrid } from "@/components/sections/CategoryGrid";
  5 | import { ServicesSection } from "@/components/sections/ServicesSection";
> 6 | import { WhyChooseUs } from "@/components/sections/WhyChooseUs";
    | ^^^^^^^^^^^^^^^^^^^^^^^^^^^^^^^^^^^^^^^^^^^^^^^^^^^^^^^^^^^^^^^^
  7 |
  8 | export const metadata: Metadata = {
  9 |   title: "Imperial Essence Trading LLC | Luxury Perfumery, Beauty & Duty Free Distribution ...

Import map: aliased to relative './src/components/sections/WhyChooseUs' inside of [project]/

https://nextjs.org/docs/messages/module-not-found @ http://localhost:3000/_next/static/chunks/node_modules_next_dist_1gdrd03._.js:1945
[  211566ms] [ERROR] ./src/app/page.tsx:6:1
Module not found: Can't resolve '@/components/sections/WhyChooseUs'
  4 | import { CategoryGrid } from "@/components/sections/CategoryGrid";
  5 | import { ServicesSection } from "@/components/sections/ServicesSection";
> 6 | import { WhyChooseUs } from "@/components/sections/WhyChooseUs";
    | ^^^^^^^^^^^^^^^^^^^^^^^^^^^^^^^^^^^^^^^^^^^^^^^^^^^^^^^^^^^^^^^^
  7 |
  8 | export const metadata: Metadata = {
  9 |   title: "Imperial Essence Trading LLC | Luxury Perfumery, Beauty & Duty Free Distribution ...

Import map: aliased to relative './src/components/sections/WhyChooseUs' inside of [project]/

https://nextjs.org/docs/messages/module-not-found @ http://localhost:3000/_next/static/chunks/node_modules_next_dist_1gdrd03._.js:1945
[  211617ms] [ERROR] ./src/app/page.tsx:6:1
Module not found: Can't resolve '@/components/sections/WhyChooseUs'
  4 | import { CategoryGrid } from "@/components/sections/CategoryGrid";
  5 | import { ServicesSection } from "@/components/sections/ServicesSection";
> 6 | import { WhyChooseUs } from "@/components/sections/WhyChooseUs";
    | ^^^^^^^^^^^^^^^^^^^^^^^^^^^^^^^^^^^^^^^^^^^^^^^^^^^^^^^^^^^^^^^^
  7 |
  8 | export const metadata: Metadata = {
  9 |   title: "Imperial Essence Trading LLC | Luxury Perfumery, Beauty & Duty Free Distribution ...

Import map: aliased to relative './src/components/sections/WhyChooseUs' inside of [project]/

https://nextjs.org/docs/messages/module-not-found @ http://localhost:3000/_next/static/chunks/node_modules_next_dist_1gdrd03._.js:1945
[  211682ms] [ERROR] ./src/app/page.tsx:6:1
Module not found: Can't resolve '@/components/sections/WhyChooseUs'
  4 | import { CategoryGrid } from "@/components/sections/CategoryGrid";
  5 | import { ServicesSection } from "@/components/sections/ServicesSection";
> 6 | import { WhyChooseUs } from "@/components/sections/WhyChooseUs";
    | ^^^^^^^^^^^^^^^^^^^^^^^^^^^^^^^^^^^^^^^^^^^^^^^^^^^^^^^^^^^^^^^^
  7 |
  8 | export const metadata: Metadata = {
  9 |   title: "Imperial Essence Trading LLC | Luxury Perfumery, Beauty & Duty Free Distribution ...

Import map: aliased to relative './src/components/sections/WhyChooseUs' inside of [project]/

https://nextjs.org/docs/messages/module-not-found @ http://localhost:3000/_next/static/chunks/node_modules_next_dist_1gdrd03._.js:1945
[  211732ms] [ERROR] ./src/app/page.tsx:6:1
Module not found: Can't resolve '@/components/sections/WhyChooseUs'
  4 | import { CategoryGrid } from "@/components/sections/CategoryGrid";
  5 | import { ServicesSection } from "@/components/sections/ServicesSection";
> 6 | import { WhyChooseUs } from "@/components/sections/WhyChooseUs";
    | ^^^^^^^^^^^^^^^^^^^^^^^^^^^^^^^^^^^^^^^^^^^^^^^^^^^^^^^^^^^^^^^^
  7 |
  8 | export const metadata: Metadata = {
  9 |   title: "Imperial Essence Trading LLC | Luxury Perfumery, Beauty & Duty Free Distribution ...

Import map: aliased to relative './src/components/sections/WhyChooseUs' inside of [project]/

https://nextjs.org/docs/messages/module-not-found @ http://localhost:3000/_next/static/chunks/node_modules_next_dist_1gdrd03._.js:1945
[  211782ms] [ERROR] ./src/app/page.tsx:6:1
Module not found: Can't resolve '@/components/sections/WhyChooseUs'
  4 | import { CategoryGrid } from "@/components/sections/CategoryGrid";
  5 | import { ServicesSection } from "@/components/sections/ServicesSection";
> 6 | import { WhyChooseUs } from "@/components/sections/WhyChooseUs";
    | ^^^^^^^^^^^^^^^^^^^^^^^^^^^^^^^^^^^^^^^^^^^^^^^^^^^^^^^^^^^^^^^^
  7 |
  8 | export const metadata: Metadata = {
  9 |   title: "Imperial Essence Trading LLC | Luxury Perfumery, Beauty & Duty Free Distribution ...

Import map: aliased to relative './src/components/sections/WhyChooseUs' inside of [project]/

https://nextjs.org/docs/messages/module-not-found @ http://localhost:3000/_next/static/chunks/node_modules_next_dist_1gdrd03._.js:1945
[  211833ms] [ERROR] ./src/app/page.tsx:6:1
Module not found: Can't resolve '@/components/sections/WhyChooseUs'
  4 | import { CategoryGrid } from "@/components/sections/CategoryGrid";
  5 | import { ServicesSection } from "@/components/sections/ServicesSection";
> 6 | import { WhyChooseUs } from "@/components/sections/WhyChooseUs";
    | ^^^^^^^^^^^^^^^^^^^^^^^^^^^^^^^^^^^^^^^^^^^^^^^^^^^^^^^^^^^^^^^^
  7 |
  8 | export const metadata: Metadata = {
  9 |   title: "Imperial Essence Trading LLC | Luxury Perfumery, Beauty & Duty Free Distribution ...

Import map: aliased to relative './src/components/sections/WhyChooseUs' inside of [project]/

https://nextjs.org/docs/messages/module-not-found @ http://localhost:3000/_next/static/chunks/node_modules_next_dist_1gdrd03._.js:1945
[  211882ms] [ERROR] ./src/app/page.tsx:6:1
Module not found: Can't resolve '@/components/sections/WhyChooseUs'
  4 | import { CategoryGrid } from "@/components/sections/CategoryGrid";
  5 | import { ServicesSection } from "@/components/sections/ServicesSection";
> 6 | import { WhyChooseUs } from "@/components/sections/WhyChooseUs";
    | ^^^^^^^^^^^^^^^^^^^^^^^^^^^^^^^^^^^^^^^^^^^^^^^^^^^^^^^^^^^^^^^^
  7 |
  8 | export const metadata: Metadata = {
  9 |   title: "Imperial Essence Trading LLC | Luxury Perfumery, Beauty & Duty Free Distribution ...

Import map: aliased to relative './src/components/sections/WhyChooseUs' inside of [project]/

https://nextjs.org/docs/messages/module-not-found @ http://localhost:3000/_next/static/chunks/node_modules_next_dist_1gdrd03._.js:1945
[  211933ms] [ERROR] ./src/app/page.tsx:6:1
Module not found: Can't resolve '@/components/sections/WhyChooseUs'
  4 | import { CategoryGrid } from "@/components/sections/CategoryGrid";
  5 | import { ServicesSection } from "@/components/sections/ServicesSection";
> 6 | import { WhyChooseUs } from "@/components/sections/WhyChooseUs";
    | ^^^^^^^^^^^^^^^^^^^^^^^^^^^^^^^^^^^^^^^^^^^^^^^^^^^^^^^^^^^^^^^^
  7 |
  8 | export const metadata: Metadata = {
  9 |   title: "Imperial Essence Trading LLC | Luxury Perfumery, Beauty & Duty Free Distribution ...

Import map: aliased to relative './src/components/sections/WhyChooseUs' inside of [project]/

https://nextjs.org/docs/messages/module-not-found @ http://localhost:3000/_next/static/chunks/node_modules_next_dist_1gdrd03._.js:1945
[  211981ms] [ERROR] ./src/app/page.tsx:6:1
Module not found: Can't resolve '@/components/sections/WhyChooseUs'
  4 | import { CategoryGrid } from "@/components/sections/CategoryGrid";
  5 | import { ServicesSection } from "@/components/sections/ServicesSection";
> 6 | import { WhyChooseUs } from "@/components/sections/WhyChooseUs";
    | ^^^^^^^^^^^^^^^^^^^^^^^^^^^^^^^^^^^^^^^^^^^^^^^^^^^^^^^^^^^^^^^^
  7 |
  8 | export const metadata: Metadata = {
  9 |   title: "Imperial Essence Trading LLC | Luxury Perfumery, Beauty & Duty Free Distribution ...

Import map: aliased to relative './src/components/sections/WhyChooseUs' inside of [project]/

https://nextjs.org/docs/messages/module-not-found @ http://localhost:3000/_next/static/chunks/node_modules_next_dist_1gdrd03._.js:1945
[  212031ms] [ERROR] ./src/app/page.tsx:6:1
Module not found: Can't resolve '@/components/sections/WhyChooseUs'
  4 | import { CategoryGrid } from "@/components/sections/CategoryGrid";
  5 | import { ServicesSection } from "@/components/sections/ServicesSection";
> 6 | import { WhyChooseUs } from "@/components/sections/WhyChooseUs";
    | ^^^^^^^^^^^^^^^^^^^^^^^^^^^^^^^^^^^^^^^^^^^^^^^^^^^^^^^^^^^^^^^^
  7 |
  8 | export const metadata: Metadata = {
  9 |   title: "Imperial Essence Trading LLC | Luxury Perfumery, Beauty & Duty Free Distribution ...

Import map: aliased to relative './src/components/sections/WhyChooseUs' inside of [project]/

https://nextjs.org/docs/messages/module-not-found @ http://localhost:3000/_next/static/chunks/node_modules_next_dist_1gdrd03._.js:1945
[  212081ms] [ERROR] ./src/app/page.tsx:6:1
Module not found: Can't resolve '@/components/sections/WhyChooseUs'
  4 | import { CategoryGrid } from "@/components/sections/CategoryGrid";
  5 | import { ServicesSection } from "@/components/sections/ServicesSection";
> 6 | import { WhyChooseUs } from "@/components/sections/WhyChooseUs";
    | ^^^^^^^^^^^^^^^^^^^^^^^^^^^^^^^^^^^^^^^^^^^^^^^^^^^^^^^^^^^^^^^^
  7 |
  8 | export const metadata: Metadata = {
  9 |   title: "Imperial Essence Trading LLC | Luxury Perfumery, Beauty & Duty Free Distribution ...

Import map: aliased to relative './src/components/sections/WhyChooseUs' inside of [project]/

https://nextjs.org/docs/messages/module-not-found @ http://localhost:3000/_next/static/chunks/node_modules_next_dist_1gdrd03._.js:1945
[  212135ms] [ERROR] ./src/app/page.tsx:6:1
Module not found: Can't resolve '@/components/sections/WhyChooseUs'
  4 | import { CategoryGrid } from "@/components/sections/CategoryGrid";
  5 | import { ServicesSection } from "@/components/sections/ServicesSection";
> 6 | import { WhyChooseUs } from "@/components/sections/WhyChooseUs";
    | ^^^^^^^^^^^^^^^^^^^^^^^^^^^^^^^^^^^^^^^^^^^^^^^^^^^^^^^^^^^^^^^^
  7 |
  8 | export const metadata: Metadata = {
  9 |   title: "Imperial Essence Trading LLC | Luxury Perfumery, Beauty & Duty Free Distribution ...

Import map: aliased to relative './src/components/sections/WhyChooseUs' inside of [project]/

https://nextjs.org/docs/messages/module-not-found @ http://localhost:3000/_next/static/chunks/node_modules_next_dist_1gdrd03._.js:1945
[  212183ms] [ERROR] ./src/app/page.tsx:6:1
Module not found: Can't resolve '@/components/sections/WhyChooseUs'
  4 | import { CategoryGrid } from "@/components/sections/CategoryGrid";
  5 | import { ServicesSection } from "@/components/sections/ServicesSection";
> 6 | import { WhyChooseUs } from "@/components/sections/WhyChooseUs";
    | ^^^^^^^^^^^^^^^^^^^^^^^^^^^^^^^^^^^^^^^^^^^^^^^^^^^^^^^^^^^^^^^^
  7 |
  8 | export const metadata: Metadata = {
  9 |   title: "Imperial Essence Trading LLC | Luxury Perfumery, Beauty & Duty Free Distribution ...

Import map: aliased to relative './src/components/sections/WhyChooseUs' inside of [project]/

https://nextjs.org/docs/messages/module-not-found @ http://localhost:3000/_next/static/chunks/node_modules_next_dist_1gdrd03._.js:1945
[  212234ms] [ERROR] ./src/app/page.tsx:6:1
Module not found: Can't resolve '@/components/sections/WhyChooseUs'
  4 | import { CategoryGrid } from "@/components/sections/CategoryGrid";
  5 | import { ServicesSection } from "@/components/sections/ServicesSection";
> 6 | import { WhyChooseUs } from "@/components/sections/WhyChooseUs";
    | ^^^^^^^^^^^^^^^^^^^^^^^^^^^^^^^^^^^^^^^^^^^^^^^^^^^^^^^^^^^^^^^^
  7 |
  8 | export const metadata: Metadata = {
  9 |   title: "Imperial Essence Trading LLC | Luxury Perfumery, Beauty & Duty Free Distribution ...

Import map: aliased to relative './src/components/sections/WhyChooseUs' inside of [project]/

https://nextjs.org/docs/messages/module-not-found @ http://localhost:3000/_next/static/chunks/node_modules_next_dist_1gdrd03._.js:1945
[  212283ms] [ERROR] ./src/app/page.tsx:6:1
Module not found: Can't resolve '@/components/sections/WhyChooseUs'
  4 | import { CategoryGrid } from "@/components/sections/CategoryGrid";
  5 | import { ServicesSection } from "@/components/sections/ServicesSection";
> 6 | import { WhyChooseUs } from "@/components/sections/WhyChooseUs";
    | ^^^^^^^^^^^^^^^^^^^^^^^^^^^^^^^^^^^^^^^^^^^^^^^^^^^^^^^^^^^^^^^^
  7 |
  8 | export const metadata: Metadata = {
  9 |   title: "Imperial Essence Trading LLC | Luxury Perfumery, Beauty & Duty Free Distribution ...

Import map: aliased to relative './src/components/sections/WhyChooseUs' inside of [project]/

https://nextjs.org/docs/messages/module-not-found @ http://localhost:3000/_next/static/chunks/node_modules_next_dist_1gdrd03._.js:1945
[  212333ms] [ERROR] ./src/app/page.tsx:6:1
Module not found: Can't resolve '@/components/sections/WhyChooseUs'
  4 | import { CategoryGrid } from "@/components/sections/CategoryGrid";
  5 | import { ServicesSection } from "@/components/sections/ServicesSection";
> 6 | import { WhyChooseUs } from "@/components/sections/WhyChooseUs";
    | ^^^^^^^^^^^^^^^^^^^^^^^^^^^^^^^^^^^^^^^^^^^^^^^^^^^^^^^^^^^^^^^^
  7 |
  8 | export const metadata: Metadata = {
  9 |   title: "Imperial Essence Trading LLC | Luxury Perfumery, Beauty & Duty Free Distribution ...

Import map: aliased to relative './src/components/sections/WhyChooseUs' inside of [project]/

https://nextjs.org/docs/messages/module-not-found @ http://localhost:3000/_next/static/chunks/node_modules_next_dist_1gdrd03._.js:1945
[  212383ms] [ERROR] ./src/app/page.tsx:6:1
Module not found: Can't resolve '@/components/sections/WhyChooseUs'
  4 | import { CategoryGrid } from "@/components/sections/CategoryGrid";
  5 | import { ServicesSection } from "@/components/sections/ServicesSection";
> 6 | import { WhyChooseUs } from "@/components/sections/WhyChooseUs";
    | ^^^^^^^^^^^^^^^^^^^^^^^^^^^^^^^^^^^^^^^^^^^^^^^^^^^^^^^^^^^^^^^^
  7 |
  8 | export const metadata: Metadata = {
  9 |   title: "Imperial Essence Trading LLC | Luxury Perfumery, Beauty & Duty Free Distribution ...

Import map: aliased to relative './src/components/sections/WhyChooseUs' inside of [project]/

https://nextjs.org/docs/messages/module-not-found @ http://localhost:3000/_next/static/chunks/node_modules_next_dist_1gdrd03._.js:1945
[  212432ms] [ERROR] ./src/app/page.tsx:6:1
Module not found: Can't resolve '@/components/sections/WhyChooseUs'
  4 | import { CategoryGrid } from "@/components/sections/CategoryGrid";
  5 | import { ServicesSection } from "@/components/sections/ServicesSection";
> 6 | import { WhyChooseUs } from "@/components/sections/WhyChooseUs";
    | ^^^^^^^^^^^^^^^^^^^^^^^^^^^^^^^^^^^^^^^^^^^^^^^^^^^^^^^^^^^^^^^^
  7 |
  8 | export const metadata: Metadata = {
  9 |   title: "Imperial Essence Trading LLC | Luxury Perfumery, Beauty & Duty Free Distribution ...

Import map: aliased to relative './src/components/sections/WhyChooseUs' inside of [project]/

https://nextjs.org/docs/messages/module-not-found @ http://localhost:3000/_next/static/chunks/node_modules_next_dist_1gdrd03._.js:1945
[  212481ms] [ERROR] ./src/app/page.tsx:6:1
Module not found: Can't resolve '@/components/sections/WhyChooseUs'
  4 | import { CategoryGrid } from "@/components/sections/CategoryGrid";
  5 | import { ServicesSection } from "@/components/sections/ServicesSection";
> 6 | import { WhyChooseUs } from "@/components/sections/WhyChooseUs";
    | ^^^^^^^^^^^^^^^^^^^^^^^^^^^^^^^^^^^^^^^^^^^^^^^^^^^^^^^^^^^^^^^^
  7 |
  8 | export const metadata: Metadata = {
  9 |   title: "Imperial Essence Trading LLC | Luxury Perfumery, Beauty & Duty Free Distribution ...

Import map: aliased to relative './src/components/sections/WhyChooseUs' inside of [project]/

https://nextjs.org/docs/messages/module-not-found @ http://localhost:3000/_next/static/chunks/node_modules_next_dist_1gdrd03._.js:1945
[  212531ms] [ERROR] ./src/app/page.tsx:6:1
Module not found: Can't resolve '@/components/sections/WhyChooseUs'
  4 | import { CategoryGrid } from "@/components/sections/CategoryGrid";
  5 | import { ServicesSection } from "@/components/sections/ServicesSection";
> 6 | import { WhyChooseUs } from "@/components/sections/WhyChooseUs";
    | ^^^^^^^^^^^^^^^^^^^^^^^^^^^^^^^^^^^^^^^^^^^^^^^^^^^^^^^^^^^^^^^^
  7 |
  8 | export const metadata: Metadata = {
  9 |   title: "Imperial Essence Trading LLC | Luxury Perfumery, Beauty & Duty Free Distribution ...

Import map: aliased to relative './src/components/sections/WhyChooseUs' inside of [project]/

https://nextjs.org/docs/messages/module-not-found @ http://localhost:3000/_next/static/chunks/node_modules_next_dist_1gdrd03._.js:1945
[  212581ms] [ERROR] ./src/app/page.tsx:6:1
Module not found: Can't resolve '@/components/sections/WhyChooseUs'
  4 | import { CategoryGrid } from "@/components/sections/CategoryGrid";
  5 | import { ServicesSection } from "@/components/sections/ServicesSection";
> 6 | import { WhyChooseUs } from "@/components/sections/WhyChooseUs";
    | ^^^^^^^^^^^^^^^^^^^^^^^^^^^^^^^^^^^^^^^^^^^^^^^^^^^^^^^^^^^^^^^^
  7 |
  8 | export const metadata: Metadata = {
  9 |   title: "Imperial Essence Trading LLC | Luxury Perfumery, Beauty & Duty Free Distribution ...

Import map: aliased to relative './src/components/sections/WhyChooseUs' inside of [project]/

https://nextjs.org/docs/messages/module-not-found @ http://localhost:3000/_next/static/chunks/node_modules_next_dist_1gdrd03._.js:1945
[  212631ms] [ERROR] ./src/app/page.tsx:6:1
Module not found: Can't resolve '@/components/sections/WhyChooseUs'
  4 | import { CategoryGrid } from "@/components/sections/CategoryGrid";
  5 | import { ServicesSection } from "@/components/sections/ServicesSection";
> 6 | import { WhyChooseUs } from "@/components/sections/WhyChooseUs";
    | ^^^^^^^^^^^^^^^^^^^^^^^^^^^^^^^^^^^^^^^^^^^^^^^^^^^^^^^^^^^^^^^^
  7 |
  8 | export const metadata: Metadata = {
  9 |   title: "Imperial Essence Trading LLC | Luxury Perfumery, Beauty & Duty Free Distribution ...

Import map: aliased to relative './src/components/sections/WhyChooseUs' inside of [project]/

https://nextjs.org/docs/messages/module-not-found @ http://localhost:3000/_next/static/chunks/node_modules_next_dist_1gdrd03._.js:1945
[  212681ms] [ERROR] ./src/app/page.tsx:6:1
Module not found: Can't resolve '@/components/sections/WhyChooseUs'
  4 | import { CategoryGrid } from "@/components/sections/CategoryGrid";
  5 | import { ServicesSection } from "@/components/sections/ServicesSection";
> 6 | import { WhyChooseUs } from "@/components/sections/WhyChooseUs";
    | ^^^^^^^^^^^^^^^^^^^^^^^^^^^^^^^^^^^^^^^^^^^^^^^^^^^^^^^^^^^^^^^^
  7 |
  8 | export const metadata: Metadata = {
  9 |   title: "Imperial Essence Trading LLC | Luxury Perfumery, Beauty & Duty Free Distribution ...

Import map: aliased to relative './src/components/sections/WhyChooseUs' inside of [project]/

https://nextjs.org/docs/messages/module-not-found @ http://localhost:3000/_next/static/chunks/node_modules_next_dist_1gdrd03._.js:1945
[  212732ms] [ERROR] ./src/app/page.tsx:6:1
Module not found: Can't resolve '@/components/sections/WhyChooseUs'
  4 | import { CategoryGrid } from "@/components/sections/CategoryGrid";
  5 | import { ServicesSection } from "@/components/sections/ServicesSection";
> 6 | import { WhyChooseUs } from "@/components/sections/WhyChooseUs";
    | ^^^^^^^^^^^^^^^^^^^^^^^^^^^^^^^^^^^^^^^^^^^^^^^^^^^^^^^^^^^^^^^^
  7 |
  8 | export const metadata: Metadata = {
  9 |   title: "Imperial Essence Trading LLC | Luxury Perfumery, Beauty & Duty Free Distribution ...

Import map: aliased to relative './src/components/sections/WhyChooseUs' inside of [project]/

https://nextjs.org/docs/messages/module-not-found @ http://localhost:3000/_next/static/chunks/node_modules_next_dist_1gdrd03._.js:1945
[  212781ms] [ERROR] ./src/app/page.tsx:6:1
Module not found: Can't resolve '@/components/sections/WhyChooseUs'
  4 | import { CategoryGrid } from "@/components/sections/CategoryGrid";
  5 | import { ServicesSection } from "@/components/sections/ServicesSection";
> 6 | import { WhyChooseUs } from "@/components/sections/WhyChooseUs";
    | ^^^^^^^^^^^^^^^^^^^^^^^^^^^^^^^^^^^^^^^^^^^^^^^^^^^^^^^^^^^^^^^^
  7 |
  8 | export const metadata: Metadata = {
  9 |   title: "Imperial Essence Trading LLC | Luxury Perfumery, Beauty & Duty Free Distribution ...

Import map: aliased to relative './src/components/sections/WhyChooseUs' inside of [project]/

https://nextjs.org/docs/messages/module-not-found @ http://localhost:3000/_next/static/chunks/node_modules_next_dist_1gdrd03._.js:1945
[  212831ms] [ERROR] ./src/app/page.tsx:6:1
Module not found: Can't resolve '@/components/sections/WhyChooseUs'
  4 | import { CategoryGrid } from "@/components/sections/CategoryGrid";
  5 | import { ServicesSection } from "@/components/sections/ServicesSection";
> 6 | import { WhyChooseUs } from "@/components/sections/WhyChooseUs";
    | ^^^^^^^^^^^^^^^^^^^^^^^^^^^^^^^^^^^^^^^^^^^^^^^^^^^^^^^^^^^^^^^^
  7 |
  8 | export const metadata: Metadata = {
  9 |   title: "Imperial Essence Trading LLC | Luxury Perfumery, Beauty & Duty Free Distribution ...

Import map: aliased to relative './src/components/sections/WhyChooseUs' inside of [project]/

https://nextjs.org/docs/messages/module-not-found @ http://localhost:3000/_next/static/chunks/node_modules_next_dist_1gdrd03._.js:1945
[  212882ms] [ERROR] ./src/app/page.tsx:6:1
Module not found: Can't resolve '@/components/sections/WhyChooseUs'
  4 | import { CategoryGrid } from "@/components/sections/CategoryGrid";
  5 | import { ServicesSection } from "@/components/sections/ServicesSection";
> 6 | import { WhyChooseUs } from "@/components/sections/WhyChooseUs";
    | ^^^^^^^^^^^^^^^^^^^^^^^^^^^^^^^^^^^^^^^^^^^^^^^^^^^^^^^^^^^^^^^^
  7 |
  8 | export const metadata: Metadata = {
  9 |   title: "Imperial Essence Trading LLC | Luxury Perfumery, Beauty & Duty Free Distribution ...

Import map: aliased to relative './src/components/sections/WhyChooseUs' inside of [project]/

https://nextjs.org/docs/messages/module-not-found @ http://localhost:3000/_next/static/chunks/node_modules_next_dist_1gdrd03._.js:1945
[  212932ms] [ERROR] ./src/app/page.tsx:6:1
Module not found: Can't resolve '@/components/sections/WhyChooseUs'
  4 | import { CategoryGrid } from "@/components/sections/CategoryGrid";
  5 | import { ServicesSection } from "@/components/sections/ServicesSection";
> 6 | import { WhyChooseUs } from "@/components/sections/WhyChooseUs";
    | ^^^^^^^^^^^^^^^^^^^^^^^^^^^^^^^^^^^^^^^^^^^^^^^^^^^^^^^^^^^^^^^^
  7 |
  8 | export const metadata: Metadata = {
  9 |   title: "Imperial Essence Trading LLC | Luxury Perfumery, Beauty & Duty Free Distribution ...

Import map: aliased to relative './src/components/sections/WhyChooseUs' inside of [project]/

https://nextjs.org/docs/messages/module-not-found @ http://localhost:3000/_next/static/chunks/node_modules_next_dist_1gdrd03._.js:1945
[  212981ms] [ERROR] ./src/app/page.tsx:6:1
Module not found: Can't resolve '@/components/sections/WhyChooseUs'
  4 | import { CategoryGrid } from "@/components/sections/CategoryGrid";
  5 | import { ServicesSection } from "@/components/sections/ServicesSection";
> 6 | import { WhyChooseUs } from "@/components/sections/WhyChooseUs";
    | ^^^^^^^^^^^^^^^^^^^^^^^^^^^^^^^^^^^^^^^^^^^^^^^^^^^^^^^^^^^^^^^^
  7 |
  8 | export const metadata: Metadata = {
  9 |   title: "Imperial Essence Trading LLC | Luxury Perfumery, Beauty & Duty Free Distribution ...

Import map: aliased to relative './src/components/sections/WhyChooseUs' inside of [project]/

https://nextjs.org/docs/messages/module-not-found @ http://localhost:3000/_next/static/chunks/node_modules_next_dist_1gdrd03._.js:1945
[  213031ms] [ERROR] ./src/app/page.tsx:6:1
Module not found: Can't resolve '@/components/sections/WhyChooseUs'
  4 | import { CategoryGrid } from "@/components/sections/CategoryGrid";
  5 | import { ServicesSection } from "@/components/sections/ServicesSection";
> 6 | import { WhyChooseUs } from "@/components/sections/WhyChooseUs";
    | ^^^^^^^^^^^^^^^^^^^^^^^^^^^^^^^^^^^^^^^^^^^^^^^^^^^^^^^^^^^^^^^^
  7 |
  8 | export const metadata: Metadata = {
  9 |   title: "Imperial Essence Trading LLC | Luxury Perfumery, Beauty & Duty Free Distribution ...

Import map: aliased to relative './src/components/sections/WhyChooseUs' inside of [project]/

https://nextjs.org/docs/messages/module-not-found @ http://localhost:3000/_next/static/chunks/node_modules_next_dist_1gdrd03._.js:1945
[  213081ms] [ERROR] ./src/app/page.tsx:6:1
Module not found: Can't resolve '@/components/sections/WhyChooseUs'
  4 | import { CategoryGrid } from "@/components/sections/CategoryGrid";
  5 | import { ServicesSection } from "@/components/sections/ServicesSection";
> 6 | import { WhyChooseUs } from "@/components/sections/WhyChooseUs";
    | ^^^^^^^^^^^^^^^^^^^^^^^^^^^^^^^^^^^^^^^^^^^^^^^^^^^^^^^^^^^^^^^^
  7 |
  8 | export const metadata: Metadata = {
  9 |   title: "Imperial Essence Trading LLC | Luxury Perfumery, Beauty & Duty Free Distribution ...

Import map: aliased to relative './src/components/sections/WhyChooseUs' inside of [project]/

https://nextjs.org/docs/messages/module-not-found @ http://localhost:3000/_next/static/chunks/node_modules_next_dist_1gdrd03._.js:1945
[  213144ms] [ERROR] ./src/app/page.tsx:6:1
Module not found: Can't resolve '@/components/sections/WhyChooseUs'
  4 | import { CategoryGrid } from "@/components/sections/CategoryGrid";
  5 | import { ServicesSection } from "@/components/sections/ServicesSection";
> 6 | import { WhyChooseUs } from "@/components/sections/WhyChooseUs";
    | ^^^^^^^^^^^^^^^^^^^^^^^^^^^^^^^^^^^^^^^^^^^^^^^^^^^^^^^^^^^^^^^^
  7 |
  8 | export const metadata: Metadata = {
  9 |   title: "Imperial Essence Trading LLC | Luxury Perfumery, Beauty & Duty Free Distribution ...

Import map: aliased to relative './src/components/sections/WhyChooseUs' inside of [project]/

https://nextjs.org/docs/messages/module-not-found @ http://localhost:3000/_next/static/chunks/node_modules_next_dist_1gdrd03._.js:1945
[  213198ms] [ERROR] ./src/app/page.tsx:6:1
Module not found: Can't resolve '@/components/sections/WhyChooseUs'
  4 | import { CategoryGrid } from "@/components/sections/CategoryGrid";
  5 | import { ServicesSection } from "@/components/sections/ServicesSection";
> 6 | import { WhyChooseUs } from "@/components/sections/WhyChooseUs";
    | ^^^^^^^^^^^^^^^^^^^^^^^^^^^^^^^^^^^^^^^^^^^^^^^^^^^^^^^^^^^^^^^^
  7 |
  8 | export const metadata: Metadata = {
  9 |   title: "Imperial Essence Trading LLC | Luxury Perfumery, Beauty & Duty Free Distribution ...

Import map: aliased to relative './src/components/sections/WhyChooseUs' inside of [project]/

https://nextjs.org/docs/messages/module-not-found @ http://localhost:3000/_next/static/chunks/node_modules_next_dist_1gdrd03._.js:1945
[  213251ms] [ERROR] ./src/app/page.tsx:6:1
Module not found: Can't resolve '@/components/sections/WhyChooseUs'
  4 | import { CategoryGrid } from "@/components/sections/CategoryGrid";
  5 | import { ServicesSection } from "@/components/sections/ServicesSection";
> 6 | import { WhyChooseUs } from "@/components/sections/WhyChooseUs";
    | ^^^^^^^^^^^^^^^^^^^^^^^^^^^^^^^^^^^^^^^^^^^^^^^^^^^^^^^^^^^^^^^^
  7 |
  8 | export const metadata: Metadata = {
  9 |   title: "Imperial Essence Trading LLC | Luxury Perfumery, Beauty & Duty Free Distribution ...

Import map: aliased to relative './src/components/sections/WhyChooseUs' inside of [project]/

https://nextjs.org/docs/messages/module-not-found @ http://localhost:3000/_next/static/chunks/node_modules_next_dist_1gdrd03._.js:1945
[  213315ms] [ERROR] ./src/app/page.tsx:6:1
Module not found: Can't resolve '@/components/sections/WhyChooseUs'
  4 | import { CategoryGrid } from "@/components/sections/CategoryGrid";
  5 | import { ServicesSection } from "@/components/sections/ServicesSection";
> 6 | import { WhyChooseUs } from "@/components/sections/WhyChooseUs";
    | ^^^^^^^^^^^^^^^^^^^^^^^^^^^^^^^^^^^^^^^^^^^^^^^^^^^^^^^^^^^^^^^^
  7 |
  8 | export const metadata: Metadata = {
  9 |   title: "Imperial Essence Trading LLC | Luxury Perfumery, Beauty & Duty Free Distribution ...

Import map: aliased to relative './src/components/sections/WhyChooseUs' inside of [project]/

https://nextjs.org/docs/messages/module-not-found @ http://localhost:3000/_next/static/chunks/node_modules_next_dist_1gdrd03._.js:1945
[  213366ms] [ERROR] ./src/app/page.tsx:6:1
Module not found: Can't resolve '@/components/sections/WhyChooseUs'
  4 | import { CategoryGrid } from "@/components/sections/CategoryGrid";
  5 | import { ServicesSection } from "@/components/sections/ServicesSection";
> 6 | import { WhyChooseUs } from "@/components/sections/WhyChooseUs";
    | ^^^^^^^^^^^^^^^^^^^^^^^^^^^^^^^^^^^^^^^^^^^^^^^^^^^^^^^^^^^^^^^^
  7 |
  8 | export const metadata: Metadata = {
  9 |   title: "Imperial Essence Trading LLC | Luxury Perfumery, Beauty & Duty Free Distribution ...

Import map: aliased to relative './src/components/sections/WhyChooseUs' inside of [project]/

https://nextjs.org/docs/messages/module-not-found @ http://localhost:3000/_next/static/chunks/node_modules_next_dist_1gdrd03._.js:1945
[  213416ms] [ERROR] ./src/app/page.tsx:6:1
Module not found: Can't resolve '@/components/sections/WhyChooseUs'
  4 | import { CategoryGrid } from "@/components/sections/CategoryGrid";
  5 | import { ServicesSection } from "@/components/sections/ServicesSection";
> 6 | import { WhyChooseUs } from "@/components/sections/WhyChooseUs";
    | ^^^^^^^^^^^^^^^^^^^^^^^^^^^^^^^^^^^^^^^^^^^^^^^^^^^^^^^^^^^^^^^^
  7 |
  8 | export const metadata: Metadata = {
  9 |   title: "Imperial Essence Trading LLC | Luxury Perfumery, Beauty & Duty Free Distribution ...

Import map: aliased to relative './src/components/sections/WhyChooseUs' inside of [project]/

https://nextjs.org/docs/messages/module-not-found @ http://localhost:3000/_next/static/chunks/node_modules_next_dist_1gdrd03._.js:1945
[  213465ms] [ERROR] ./src/app/page.tsx:6:1
Module not found: Can't resolve '@/components/sections/WhyChooseUs'
  4 | import { CategoryGrid } from "@/components/sections/CategoryGrid";
  5 | import { ServicesSection } from "@/components/sections/ServicesSection";
> 6 | import { WhyChooseUs } from "@/components/sections/WhyChooseUs";
    | ^^^^^^^^^^^^^^^^^^^^^^^^^^^^^^^^^^^^^^^^^^^^^^^^^^^^^^^^^^^^^^^^
  7 |
  8 | export const metadata: Metadata = {
  9 |   title: "Imperial Essence Trading LLC | Luxury Perfumery, Beauty & Duty Free Distribution ...

Import map: aliased to relative './src/components/sections/WhyChooseUs' inside of [project]/

https://nextjs.org/docs/messages/module-not-found @ http://localhost:3000/_next/static/chunks/node_modules_next_dist_1gdrd03._.js:1945
[  213516ms] [ERROR] ./src/app/page.tsx:6:1
Module not found: Can't resolve '@/components/sections/WhyChooseUs'
  4 | import { CategoryGrid } from "@/components/sections/CategoryGrid";
  5 | import { ServicesSection } from "@/components/sections/ServicesSection";
> 6 | import { WhyChooseUs } from "@/components/sections/WhyChooseUs";
    | ^^^^^^^^^^^^^^^^^^^^^^^^^^^^^^^^^^^^^^^^^^^^^^^^^^^^^^^^^^^^^^^^
  7 |
  8 | export const metadata: Metadata = {
  9 |   title: "Imperial Essence Trading LLC | Luxury Perfumery, Beauty & Duty Free Distribution ...

Import map: aliased to relative './src/components/sections/WhyChooseUs' inside of [project]/

https://nextjs.org/docs/messages/module-not-found @ http://localhost:3000/_next/static/chunks/node_modules_next_dist_1gdrd03._.js:1945
[  213566ms] [ERROR] ./src/app/page.tsx:6:1
Module not found: Can't resolve '@/components/sections/WhyChooseUs'
  4 | import { CategoryGrid } from "@/components/sections/CategoryGrid";
  5 | import { ServicesSection } from "@/components/sections/ServicesSection";
> 6 | import { WhyChooseUs } from "@/components/sections/WhyChooseUs";
    | ^^^^^^^^^^^^^^^^^^^^^^^^^^^^^^^^^^^^^^^^^^^^^^^^^^^^^^^^^^^^^^^^
  7 |
  8 | export const metadata: Metadata = {
  9 |   title: "Imperial Essence Trading LLC | Luxury Perfumery, Beauty & Duty Free Distribution ...

Import map: aliased to relative './src/components/sections/WhyChooseUs' inside of [project]/

https://nextjs.org/docs/messages/module-not-found @ http://localhost:3000/_next/static/chunks/node_modules_next_dist_1gdrd03._.js:1945
[  213614ms] [ERROR] ./src/app/page.tsx:6:1
Module not found: Can't resolve '@/components/sections/WhyChooseUs'
  4 | import { CategoryGrid } from "@/components/sections/CategoryGrid";
  5 | import { ServicesSection } from "@/components/sections/ServicesSection";
> 6 | import { WhyChooseUs } from "@/components/sections/WhyChooseUs";
    | ^^^^^^^^^^^^^^^^^^^^^^^^^^^^^^^^^^^^^^^^^^^^^^^^^^^^^^^^^^^^^^^^
  7 |
  8 | export const metadata: Metadata = {
  9 |   title: "Imperial Essence Trading LLC | Luxury Perfumery, Beauty & Duty Free Distribution ...

Import map: aliased to relative './src/components/sections/WhyChooseUs' inside of [project]/

https://nextjs.org/docs/messages/module-not-found @ http://localhost:3000/_next/static/chunks/node_modules_next_dist_1gdrd03._.js:1945
[  213664ms] [ERROR] ./src/app/page.tsx:6:1
Module not found: Can't resolve '@/components/sections/WhyChooseUs'
  4 | import { CategoryGrid } from "@/components/sections/CategoryGrid";
  5 | import { ServicesSection } from "@/components/sections/ServicesSection";
> 6 | import { WhyChooseUs } from "@/components/sections/WhyChooseUs";
    | ^^^^^^^^^^^^^^^^^^^^^^^^^^^^^^^^^^^^^^^^^^^^^^^^^^^^^^^^^^^^^^^^
  7 |
  8 | export const metadata: Metadata = {
  9 |   title: "Imperial Essence Trading LLC | Luxury Perfumery, Beauty & Duty Free Distribution ...

Import map: aliased to relative './src/components/sections/WhyChooseUs' inside of [project]/

https://nextjs.org/docs/messages/module-not-found @ http://localhost:3000/_next/static/chunks/node_modules_next_dist_1gdrd03._.js:1945
[  213714ms] [ERROR] ./src/app/page.tsx:6:1
Module not found: Can't resolve '@/components/sections/WhyChooseUs'
  4 | import { CategoryGrid } from "@/components/sections/CategoryGrid";
  5 | import { ServicesSection } from "@/components/sections/ServicesSection";
> 6 | import { WhyChooseUs } from "@/components/sections/WhyChooseUs";
    | ^^^^^^^^^^^^^^^^^^^^^^^^^^^^^^^^^^^^^^^^^^^^^^^^^^^^^^^^^^^^^^^^
  7 |
  8 | export const metadata: Metadata = {
  9 |   title: "Imperial Essence Trading LLC | Luxury Perfumery, Beauty & Duty Free Distribution ...

Import map: aliased to relative './src/components/sections/WhyChooseUs' inside of [project]/

https://nextjs.org/docs/messages/module-not-found @ http://localhost:3000/_next/static/chunks/node_modules_next_dist_1gdrd03._.js:1945
[  213766ms] [ERROR] ./src/app/page.tsx:6:1
Module not found: Can't resolve '@/components/sections/WhyChooseUs'
  4 | import { CategoryGrid } from "@/components/sections/CategoryGrid";
  5 | import { ServicesSection } from "@/components/sections/ServicesSection";
> 6 | import { WhyChooseUs } from "@/components/sections/WhyChooseUs";
    | ^^^^^^^^^^^^^^^^^^^^^^^^^^^^^^^^^^^^^^^^^^^^^^^^^^^^^^^^^^^^^^^^
  7 |
  8 | export const metadata: Metadata = {
  9 |   title: "Imperial Essence Trading LLC | Luxury Perfumery, Beauty & Duty Free Distribution ...

Import map: aliased to relative './src/components/sections/WhyChooseUs' inside of [project]/

https://nextjs.org/docs/messages/module-not-found @ http://localhost:3000/_next/static/chunks/node_modules_next_dist_1gdrd03._.js:1945
[  213833ms] [ERROR] ./src/app/page.tsx:6:1
Module not found: Can't resolve '@/components/sections/WhyChooseUs'
  4 | import { CategoryGrid } from "@/components/sections/CategoryGrid";
  5 | import { ServicesSection } from "@/components/sections/ServicesSection";
> 6 | import { WhyChooseUs } from "@/components/sections/WhyChooseUs";
    | ^^^^^^^^^^^^^^^^^^^^^^^^^^^^^^^^^^^^^^^^^^^^^^^^^^^^^^^^^^^^^^^^
  7 |
  8 | export const metadata: Metadata = {
  9 |   title: "Imperial Essence Trading LLC | Luxury Perfumery, Beauty & Duty Free Distribution ...

Import map: aliased to relative './src/components/sections/WhyChooseUs' inside of [project]/

https://nextjs.org/docs/messages/module-not-found @ http://localhost:3000/_next/static/chunks/node_modules_next_dist_1gdrd03._.js:1945
[  213882ms] [ERROR] ./src/app/page.tsx:6:1
Module not found: Can't resolve '@/components/sections/WhyChooseUs'
  4 | import { CategoryGrid } from "@/components/sections/CategoryGrid";
  5 | import { ServicesSection } from "@/components/sections/ServicesSection";
> 6 | import { WhyChooseUs } from "@/components/sections/WhyChooseUs";
    | ^^^^^^^^^^^^^^^^^^^^^^^^^^^^^^^^^^^^^^^^^^^^^^^^^^^^^^^^^^^^^^^^
  7 |
  8 | export const metadata: Metadata = {
  9 |   title: "Imperial Essence Trading LLC | Luxury Perfumery, Beauty & Duty Free Distribution ...

Import map: aliased to relative './src/components/sections/WhyChooseUs' inside of [project]/

https://nextjs.org/docs/messages/module-not-found @ http://localhost:3000/_next/static/chunks/node_modules_next_dist_1gdrd03._.js:1945
[  213932ms] [ERROR] ./src/app/page.tsx:6:1
Module not found: Can't resolve '@/components/sections/WhyChooseUs'
  4 | import { CategoryGrid } from "@/components/sections/CategoryGrid";
  5 | import { ServicesSection } from "@/components/sections/ServicesSection";
> 6 | import { WhyChooseUs } from "@/components/sections/WhyChooseUs";
    | ^^^^^^^^^^^^^^^^^^^^^^^^^^^^^^^^^^^^^^^^^^^^^^^^^^^^^^^^^^^^^^^^
  7 |
  8 | export const metadata: Metadata = {
  9 |   title: "Imperial Essence Trading LLC | Luxury Perfumery, Beauty & Duty Free Distribution ...

Import map: aliased to relative './src/components/sections/WhyChooseUs' inside of [project]/

https://nextjs.org/docs/messages/module-not-found @ http://localhost:3000/_next/static/chunks/node_modules_next_dist_1gdrd03._.js:1945
[  213981ms] [ERROR] ./src/app/page.tsx:6:1
Module not found: Can't resolve '@/components/sections/WhyChooseUs'
  4 | import { CategoryGrid } from "@/components/sections/CategoryGrid";
  5 | import { ServicesSection } from "@/components/sections/ServicesSection";
> 6 | import { WhyChooseUs } from "@/components/sections/WhyChooseUs";
    | ^^^^^^^^^^^^^^^^^^^^^^^^^^^^^^^^^^^^^^^^^^^^^^^^^^^^^^^^^^^^^^^^
  7 |
  8 | export const metadata: Metadata = {
  9 |   title: "Imperial Essence Trading LLC | Luxury Perfumery, Beauty & Duty Free Distribution ...

Import map: aliased to relative './src/components/sections/WhyChooseUs' inside of [project]/

https://nextjs.org/docs/messages/module-not-found @ http://localhost:3000/_next/static/chunks/node_modules_next_dist_1gdrd03._.js:1945
[  214032ms] [ERROR] ./src/app/page.tsx:6:1
Module not found: Can't resolve '@/components/sections/WhyChooseUs'
  4 | import { CategoryGrid } from "@/components/sections/CategoryGrid";
  5 | import { ServicesSection } from "@/components/sections/ServicesSection";
> 6 | import { WhyChooseUs } from "@/components/sections/WhyChooseUs";
    | ^^^^^^^^^^^^^^^^^^^^^^^^^^^^^^^^^^^^^^^^^^^^^^^^^^^^^^^^^^^^^^^^
  7 |
  8 | export const metadata: Metadata = {
  9 |   title: "Imperial Essence Trading LLC | Luxury Perfumery, Beauty & Duty Free Distribution ...

Import map: aliased to relative './src/components/sections/WhyChooseUs' inside of [project]/

https://nextjs.org/docs/messages/module-not-found @ http://localhost:3000/_next/static/chunks/node_modules_next_dist_1gdrd03._.js:1945
[  214082ms] [ERROR] ./src/app/page.tsx:6:1
Module not found: Can't resolve '@/components/sections/WhyChooseUs'
  4 | import { CategoryGrid } from "@/components/sections/CategoryGrid";
  5 | import { ServicesSection } from "@/components/sections/ServicesSection";
> 6 | import { WhyChooseUs } from "@/components/sections/WhyChooseUs";
    | ^^^^^^^^^^^^^^^^^^^^^^^^^^^^^^^^^^^^^^^^^^^^^^^^^^^^^^^^^^^^^^^^
  7 |
  8 | export const metadata: Metadata = {
  9 |   title: "Imperial Essence Trading LLC | Luxury Perfumery, Beauty & Duty Free Distribution ...

Import map: aliased to relative './src/components/sections/WhyChooseUs' inside of [project]/

https://nextjs.org/docs/messages/module-not-found @ http://localhost:3000/_next/static/chunks/node_modules_next_dist_1gdrd03._.js:1945
[  214163ms] [LOG] [Fast Refresh] rebuilding @ http://localhost:3000/_next/static/chunks/node_modules_next_dist_1gdrd03._.js:1226
[  214232ms] [ERROR] ./src/app/page.tsx:6:1
Module not found: Can't resolve '@/components/sections/WhyChooseUs'
  4 | import { CategoryGrid } from "@/components/sections/CategoryGrid";
  5 | import { ServicesSection } from "@/components/sections/ServicesSection";
> 6 | import { WhyChooseUs } from "@/components/sections/WhyChooseUs";
    | ^^^^^^^^^^^^^^^^^^^^^^^^^^^^^^^^^^^^^^^^^^^^^^^^^^^^^^^^^^^^^^^^
  7 |
  8 | export const metadata: Metadata = {
  9 |   title: "Imperial Essence Trading LLC | Luxury Perfumery, Beauty & Duty Free Distribution ...

Import map: aliased to relative './src/components/sections/WhyChooseUs' inside of [project]/

https://nextjs.org/docs/messages/module-not-found @ http://localhost:3000/_next/static/chunks/node_modules_next_dist_1gdrd03._.js:1945
[  214281ms] [ERROR] ./src/app/page.tsx:6:1
Module not found: Can't resolve '@/components/sections/WhyChooseUs'
  4 | import { CategoryGrid } from "@/components/sections/CategoryGrid";
  5 | import { ServicesSection } from "@/components/sections/ServicesSection";
> 6 | import { WhyChooseUs } from "@/components/sections/WhyChooseUs";
    | ^^^^^^^^^^^^^^^^^^^^^^^^^^^^^^^^^^^^^^^^^^^^^^^^^^^^^^^^^^^^^^^^
  7 |
  8 | export const metadata: Metadata = {
  9 |   title: "Imperial Essence Trading LLC | Luxury Perfumery, Beauty & Duty Free Distribution ...

Import map: aliased to relative './src/components/sections/WhyChooseUs' inside of [project]/

https://nextjs.org/docs/messages/module-not-found @ http://localhost:3000/_next/static/chunks/node_modules_next_dist_1gdrd03._.js:1945
[  214332ms] [ERROR] ./src/app/page.tsx:6:1
Module not found: Can't resolve '@/components/sections/WhyChooseUs'
  4 | import { CategoryGrid } from "@/components/sections/CategoryGrid";
  5 | import { ServicesSection } from "@/components/sections/ServicesSection";
> 6 | import { WhyChooseUs } from "@/components/sections/WhyChooseUs";
    | ^^^^^^^^^^^^^^^^^^^^^^^^^^^^^^^^^^^^^^^^^^^^^^^^^^^^^^^^^^^^^^^^
  7 |
  8 | export const metadata: Metadata = {
  9 |   title: "Imperial Essence Trading LLC | Luxury Perfumery, Beauty & Duty Free Distribution ...

Import map: aliased to relative './src/components/sections/WhyChooseUs' inside of [project]/

https://nextjs.org/docs/messages/module-not-found @ http://localhost:3000/_next/static/chunks/node_modules_next_dist_1gdrd03._.js:1945
[  214382ms] [ERROR] ./src/app/page.tsx:6:1
Module not found: Can't resolve '@/components/sections/WhyChooseUs'
  4 | import { CategoryGrid } from "@/components/sections/CategoryGrid";
  5 | import { ServicesSection } from "@/components/sections/ServicesSection";
> 6 | import { WhyChooseUs } from "@/components/sections/WhyChooseUs";
    | ^^^^^^^^^^^^^^^^^^^^^^^^^^^^^^^^^^^^^^^^^^^^^^^^^^^^^^^^^^^^^^^^
  7 |
  8 | export const metadata: Metadata = {
  9 |   title: "Imperial Essence Trading LLC | Luxury Perfumery, Beauty & Duty Free Distribution ...

Import map: aliased to relative './src/components/sections/WhyChooseUs' inside of [project]/

https://nextjs.org/docs/messages/module-not-found @ http://localhost:3000/_next/static/chunks/node_modules_next_dist_1gdrd03._.js:1945
[  214432ms] [ERROR] ./src/app/page.tsx:6:1
Module not found: Can't resolve '@/components/sections/WhyChooseUs'
  4 | import { CategoryGrid } from "@/components/sections/CategoryGrid";
  5 | import { ServicesSection } from "@/components/sections/ServicesSection";
> 6 | import { WhyChooseUs } from "@/components/sections/WhyChooseUs";
    | ^^^^^^^^^^^^^^^^^^^^^^^^^^^^^^^^^^^^^^^^^^^^^^^^^^^^^^^^^^^^^^^^
  7 |
  8 | export const metadata: Metadata = {
  9 |   title: "Imperial Essence Trading LLC | Luxury Perfumery, Beauty & Duty Free Distribution ...

Import map: aliased to relative './src/components/sections/WhyChooseUs' inside of [project]/

https://nextjs.org/docs/messages/module-not-found @ http://localhost:3000/_next/static/chunks/node_modules_next_dist_1gdrd03._.js:1945
[  214483ms] [ERROR] ./src/app/page.tsx:6:1
Module not found: Can't resolve '@/components/sections/WhyChooseUs'
  4 | import { CategoryGrid } from "@/components/sections/CategoryGrid";
  5 | import { ServicesSection } from "@/components/sections/ServicesSection";
> 6 | import { WhyChooseUs } from "@/components/sections/WhyChooseUs";
    | ^^^^^^^^^^^^^^^^^^^^^^^^^^^^^^^^^^^^^^^^^^^^^^^^^^^^^^^^^^^^^^^^
  7 |
  8 | export const metadata: Metadata = {
  9 |   title: "Imperial Essence Trading LLC | Luxury Perfumery, Beauty & Duty Free Distribution ...

Import map: aliased to relative './src/components/sections/WhyChooseUs' inside of [project]/

https://nextjs.org/docs/messages/module-not-found @ http://localhost:3000/_next/static/chunks/node_modules_next_dist_1gdrd03._.js:1945
[  214532ms] [ERROR] ./src/app/page.tsx:6:1
Module not found: Can't resolve '@/components/sections/WhyChooseUs'
  4 | import { CategoryGrid } from "@/components/sections/CategoryGrid";
  5 | import { ServicesSection } from "@/components/sections/ServicesSection";
> 6 | import { WhyChooseUs } from "@/components/sections/WhyChooseUs";
    | ^^^^^^^^^^^^^^^^^^^^^^^^^^^^^^^^^^^^^^^^^^^^^^^^^^^^^^^^^^^^^^^^
  7 |
  8 | export const metadata: Metadata = {
  9 |   title: "Imperial Essence Trading LLC | Luxury Perfumery, Beauty & Duty Free Distribution ...

Import map: aliased to relative './src/components/sections/WhyChooseUs' inside of [project]/

https://nextjs.org/docs/messages/module-not-found @ http://localhost:3000/_next/static/chunks/node_modules_next_dist_1gdrd03._.js:1945
[  214582ms] [ERROR] ./src/app/page.tsx:6:1
Module not found: Can't resolve '@/components/sections/WhyChooseUs'
  4 | import { CategoryGrid } from "@/components/sections/CategoryGrid";
  5 | import { ServicesSection } from "@/components/sections/ServicesSection";
> 6 | import { WhyChooseUs } from "@/components/sections/WhyChooseUs";
    | ^^^^^^^^^^^^^^^^^^^^^^^^^^^^^^^^^^^^^^^^^^^^^^^^^^^^^^^^^^^^^^^^
  7 |
  8 | export const metadata: Metadata = {
  9 |   title: "Imperial Essence Trading LLC | Luxury Perfumery, Beauty & Duty Free Distribution ...

Import map: aliased to relative './src/components/sections/WhyChooseUs' inside of [project]/

https://nextjs.org/docs/messages/module-not-found @ http://localhost:3000/_next/static/chunks/node_modules_next_dist_1gdrd03._.js:1945
[  214633ms] [ERROR] ./src/app/page.tsx:6:1
Module not found: Can't resolve '@/components/sections/WhyChooseUs'
  4 | import { CategoryGrid } from "@/components/sections/CategoryGrid";
  5 | import { ServicesSection } from "@/components/sections/ServicesSection";
> 6 | import { WhyChooseUs } from "@/components/sections/WhyChooseUs";
    | ^^^^^^^^^^^^^^^^^^^^^^^^^^^^^^^^^^^^^^^^^^^^^^^^^^^^^^^^^^^^^^^^
  7 |
  8 | export const metadata: Metadata = {
  9 |   title: "Imperial Essence Trading LLC | Luxury Perfumery, Beauty & Duty Free Distribution ...

Import map: aliased to relative './src/components/sections/WhyChooseUs' inside of [project]/

https://nextjs.org/docs/messages/module-not-found @ http://localhost:3000/_next/static/chunks/node_modules_next_dist_1gdrd03._.js:1945
[  214697ms] [ERROR] ./src/app/page.tsx:6:1
Module not found: Can't resolve '@/components/sections/WhyChooseUs'
  4 | import { CategoryGrid } from "@/components/sections/CategoryGrid";
  5 | import { ServicesSection } from "@/components/sections/ServicesSection";
> 6 | import { WhyChooseUs } from "@/components/sections/WhyChooseUs";
    | ^^^^^^^^^^^^^^^^^^^^^^^^^^^^^^^^^^^^^^^^^^^^^^^^^^^^^^^^^^^^^^^^
  7 |
  8 | export const metadata: Metadata = {
  9 |   title: "Imperial Essence Trading LLC | Luxury Perfumery, Beauty & Duty Free Distribution ...

Import map: aliased to relative './src/components/sections/WhyChooseUs' inside of [project]/

https://nextjs.org/docs/messages/module-not-found @ http://localhost:3000/_next/static/chunks/node_modules_next_dist_1gdrd03._.js:1945
[  214754ms] [ERROR] ./src/app/page.tsx:6:1
Module not found: Can't resolve '@/components/sections/WhyChooseUs'
  4 | import { CategoryGrid } from "@/components/sections/CategoryGrid";
  5 | import { ServicesSection } from "@/components/sections/ServicesSection";
> 6 | import { WhyChooseUs } from "@/components/sections/WhyChooseUs";
    | ^^^^^^^^^^^^^^^^^^^^^^^^^^^^^^^^^^^^^^^^^^^^^^^^^^^^^^^^^^^^^^^^
  7 |
  8 | export const metadata: Metadata = {
  9 |   title: "Imperial Essence Trading LLC | Luxury Perfumery, Beauty & Duty Free Distribution ...

Import map: aliased to relative './src/components/sections/WhyChooseUs' inside of [project]/

https://nextjs.org/docs/messages/module-not-found @ http://localhost:3000/_next/static/chunks/node_modules_next_dist_1gdrd03._.js:1945
[  214799ms] [ERROR] ./src/app/page.tsx:6:1
Module not found: Can't resolve '@/components/sections/WhyChooseUs'
  4 | import { CategoryGrid } from "@/components/sections/CategoryGrid";
  5 | import { ServicesSection } from "@/components/sections/ServicesSection";
> 6 | import { WhyChooseUs } from "@/components/sections/WhyChooseUs";
    | ^^^^^^^^^^^^^^^^^^^^^^^^^^^^^^^^^^^^^^^^^^^^^^^^^^^^^^^^^^^^^^^^
  7 |
  8 | export const metadata: Metadata = {
  9 |   title: "Imperial Essence Trading LLC | Luxury Perfumery, Beauty & Duty Free Distribution ...

Import map: aliased to relative './src/components/sections/WhyChooseUs' inside of [project]/

https://nextjs.org/docs/messages/module-not-found @ http://localhost:3000/_next/static/chunks/node_modules_next_dist_1gdrd03._.js:1945
[  214849ms] [ERROR] ./src/app/page.tsx:6:1
Module not found: Can't resolve '@/components/sections/WhyChooseUs'
  4 | import { CategoryGrid } from "@/components/sections/CategoryGrid";
  5 | import { ServicesSection } from "@/components/sections/ServicesSection";
> 6 | import { WhyChooseUs } from "@/components/sections/WhyChooseUs";
    | ^^^^^^^^^^^^^^^^^^^^^^^^^^^^^^^^^^^^^^^^^^^^^^^^^^^^^^^^^^^^^^^^
  7 |
  8 | export const metadata: Metadata = {
  9 |   title: "Imperial Essence Trading LLC | Luxury Perfumery, Beauty & Duty Free Distribution ...

Import map: aliased to relative './src/components/sections/WhyChooseUs' inside of [project]/

https://nextjs.org/docs/messages/module-not-found @ http://localhost:3000/_next/static/chunks/node_modules_next_dist_1gdrd03._.js:1945
[  214898ms] [ERROR] ./src/app/page.tsx:6:1
Module not found: Can't resolve '@/components/sections/WhyChooseUs'
  4 | import { CategoryGrid } from "@/components/sections/CategoryGrid";
  5 | import { ServicesSection } from "@/components/sections/ServicesSection";
> 6 | import { WhyChooseUs } from "@/components/sections/WhyChooseUs";
    | ^^^^^^^^^^^^^^^^^^^^^^^^^^^^^^^^^^^^^^^^^^^^^^^^^^^^^^^^^^^^^^^^
  7 |
  8 | export const metadata: Metadata = {
  9 |   title: "Imperial Essence Trading LLC | Luxury Perfumery, Beauty & Duty Free Distribution ...

Import map: aliased to relative './src/components/sections/WhyChooseUs' inside of [project]/

https://nextjs.org/docs/messages/module-not-found @ http://localhost:3000/_next/static/chunks/node_modules_next_dist_1gdrd03._.js:1945
[  214963ms] [ERROR] ./src/app/page.tsx:6:1
Module not found: Can't resolve '@/components/sections/WhyChooseUs'
  4 | import { CategoryGrid } from "@/components/sections/CategoryGrid";
  5 | import { ServicesSection } from "@/components/sections/ServicesSection";
> 6 | import { WhyChooseUs } from "@/components/sections/WhyChooseUs";
    | ^^^^^^^^^^^^^^^^^^^^^^^^^^^^^^^^^^^^^^^^^^^^^^^^^^^^^^^^^^^^^^^^
  7 |
  8 | export const metadata: Metadata = {
  9 |   title: "Imperial Essence Trading LLC | Luxury Perfumery, Beauty & Duty Free Distribution ...

Import map: aliased to relative './src/components/sections/WhyChooseUs' inside of [project]/

https://nextjs.org/docs/messages/module-not-found @ http://localhost:3000/_next/static/chunks/node_modules_next_dist_1gdrd03._.js:1945
[  215014ms] [ERROR] ./src/app/page.tsx:6:1
Module not found: Can't resolve '@/components/sections/WhyChooseUs'
  4 | import { CategoryGrid } from "@/components/sections/CategoryGrid";
  5 | import { ServicesSection } from "@/components/sections/ServicesSection";
> 6 | import { WhyChooseUs } from "@/components/sections/WhyChooseUs";
    | ^^^^^^^^^^^^^^^^^^^^^^^^^^^^^^^^^^^^^^^^^^^^^^^^^^^^^^^^^^^^^^^^
  7 |
  8 | export const metadata: Metadata = {
  9 |   title: "Imperial Essence Trading LLC | Luxury Perfumery, Beauty & Duty Free Distribution ...

Import map: aliased to relative './src/components/sections/WhyChooseUs' inside of [project]/

https://nextjs.org/docs/messages/module-not-found @ http://localhost:3000/_next/static/chunks/node_modules_next_dist_1gdrd03._.js:1945
[  215066ms] [ERROR] ./src/app/page.tsx:6:1
Module not found: Can't resolve '@/components/sections/WhyChooseUs'
  4 | import { CategoryGrid } from "@/components/sections/CategoryGrid";
  5 | import { ServicesSection } from "@/components/sections/ServicesSection";
> 6 | import { WhyChooseUs } from "@/components/sections/WhyChooseUs";
    | ^^^^^^^^^^^^^^^^^^^^^^^^^^^^^^^^^^^^^^^^^^^^^^^^^^^^^^^^^^^^^^^^
  7 |
  8 | export const metadata: Metadata = {
  9 |   title: "Imperial Essence Trading LLC | Luxury Perfumery, Beauty & Duty Free Distribution ...

Import map: aliased to relative './src/components/sections/WhyChooseUs' inside of [project]/

https://nextjs.org/docs/messages/module-not-found @ http://localhost:3000/_next/static/chunks/node_modules_next_dist_1gdrd03._.js:1945
[  215114ms] [ERROR] ./src/app/page.tsx:6:1
Module not found: Can't resolve '@/components/sections/WhyChooseUs'
  4 | import { CategoryGrid } from "@/components/sections/CategoryGrid";
  5 | import { ServicesSection } from "@/components/sections/ServicesSection";
> 6 | import { WhyChooseUs } from "@/components/sections/WhyChooseUs";
    | ^^^^^^^^^^^^^^^^^^^^^^^^^^^^^^^^^^^^^^^^^^^^^^^^^^^^^^^^^^^^^^^^
  7 |
  8 | export const metadata: Metadata = {
  9 |   title: "Imperial Essence Trading LLC | Luxury Perfumery, Beauty & Duty Free Distribution ...

Import map: aliased to relative './src/components/sections/WhyChooseUs' inside of [project]/

https://nextjs.org/docs/messages/module-not-found @ http://localhost:3000/_next/static/chunks/node_modules_next_dist_1gdrd03._.js:1945
[  215164ms] [ERROR] ./src/app/page.tsx:6:1
Module not found: Can't resolve '@/components/sections/WhyChooseUs'
  4 | import { CategoryGrid } from "@/components/sections/CategoryGrid";
  5 | import { ServicesSection } from "@/components/sections/ServicesSection";
> 6 | import { WhyChooseUs } from "@/components/sections/WhyChooseUs";
    | ^^^^^^^^^^^^^^^^^^^^^^^^^^^^^^^^^^^^^^^^^^^^^^^^^^^^^^^^^^^^^^^^
  7 |
  8 | export const metadata: Metadata = {
  9 |   title: "Imperial Essence Trading LLC | Luxury Perfumery, Beauty & Duty Free Distribution ...

Import map: aliased to relative './src/components/sections/WhyChooseUs' inside of [project]/

https://nextjs.org/docs/messages/module-not-found @ http://localhost:3000/_next/static/chunks/node_modules_next_dist_1gdrd03._.js:1945
[  215216ms] [ERROR] ./src/app/page.tsx:6:1
Module not found: Can't resolve '@/components/sections/WhyChooseUs'
  4 | import { CategoryGrid } from "@/components/sections/CategoryGrid";
  5 | import { ServicesSection } from "@/components/sections/ServicesSection";
> 6 | import { WhyChooseUs } from "@/components/sections/WhyChooseUs";
    | ^^^^^^^^^^^^^^^^^^^^^^^^^^^^^^^^^^^^^^^^^^^^^^^^^^^^^^^^^^^^^^^^
  7 |
  8 | export const metadata: Metadata = {
  9 |   title: "Imperial Essence Trading LLC | Luxury Perfumery, Beauty & Duty Free Distribution ...

Import map: aliased to relative './src/components/sections/WhyChooseUs' inside of [project]/

https://nextjs.org/docs/messages/module-not-found @ http://localhost:3000/_next/static/chunks/node_modules_next_dist_1gdrd03._.js:1945
[  215265ms] [ERROR] ./src/app/page.tsx:6:1
Module not found: Can't resolve '@/components/sections/WhyChooseUs'
  4 | import { CategoryGrid } from "@/components/sections/CategoryGrid";
  5 | import { ServicesSection } from "@/components/sections/ServicesSection";
> 6 | import { WhyChooseUs } from "@/components/sections/WhyChooseUs";
    | ^^^^^^^^^^^^^^^^^^^^^^^^^^^^^^^^^^^^^^^^^^^^^^^^^^^^^^^^^^^^^^^^
  7 |
  8 | export const metadata: Metadata = {
  9 |   title: "Imperial Essence Trading LLC | Luxury Perfumery, Beauty & Duty Free Distribution ...

Import map: aliased to relative './src/components/sections/WhyChooseUs' inside of [project]/

https://nextjs.org/docs/messages/module-not-found @ http://localhost:3000/_next/static/chunks/node_modules_next_dist_1gdrd03._.js:1945
[  215315ms] [ERROR] ./src/app/page.tsx:6:1
Module not found: Can't resolve '@/components/sections/WhyChooseUs'
  4 | import { CategoryGrid } from "@/components/sections/CategoryGrid";
  5 | import { ServicesSection } from "@/components/sections/ServicesSection";
> 6 | import { WhyChooseUs } from "@/components/sections/WhyChooseUs";
    | ^^^^^^^^^^^^^^^^^^^^^^^^^^^^^^^^^^^^^^^^^^^^^^^^^^^^^^^^^^^^^^^^
  7 |
  8 | export const metadata: Metadata = {
  9 |   title: "Imperial Essence Trading LLC | Luxury Perfumery, Beauty & Duty Free Distribution ...

Import map: aliased to relative './src/components/sections/WhyChooseUs' inside of [project]/

https://nextjs.org/docs/messages/module-not-found @ http://localhost:3000/_next/static/chunks/node_modules_next_dist_1gdrd03._.js:1945
[  215365ms] [ERROR] ./src/app/page.tsx:6:1
Module not found: Can't resolve '@/components/sections/WhyChooseUs'
  4 | import { CategoryGrid } from "@/components/sections/CategoryGrid";
  5 | import { ServicesSection } from "@/components/sections/ServicesSection";
> 6 | import { WhyChooseUs } from "@/components/sections/WhyChooseUs";
    | ^^^^^^^^^^^^^^^^^^^^^^^^^^^^^^^^^^^^^^^^^^^^^^^^^^^^^^^^^^^^^^^^
  7 |
  8 | export const metadata: Metadata = {
  9 |   title: "Imperial Essence Trading LLC | Luxury Perfumery, Beauty & Duty Free Distribution ...

Import map: aliased to relative './src/components/sections/WhyChooseUs' inside of [project]/

https://nextjs.org/docs/messages/module-not-found @ http://localhost:3000/_next/static/chunks/node_modules_next_dist_1gdrd03._.js:1945
[  215414ms] [ERROR] ./src/app/page.tsx:6:1
Module not found: Can't resolve '@/components/sections/WhyChooseUs'
  4 | import { CategoryGrid } from "@/components/sections/CategoryGrid";
  5 | import { ServicesSection } from "@/components/sections/ServicesSection";
> 6 | import { WhyChooseUs } from "@/components/sections/WhyChooseUs";
    | ^^^^^^^^^^^^^^^^^^^^^^^^^^^^^^^^^^^^^^^^^^^^^^^^^^^^^^^^^^^^^^^^
  7 |
  8 | export const metadata: Metadata = {
  9 |   title: "Imperial Essence Trading LLC | Luxury Perfumery, Beauty & Duty Free Distribution ...

Import map: aliased to relative './src/components/sections/WhyChooseUs' inside of [project]/

https://nextjs.org/docs/messages/module-not-found @ http://localhost:3000/_next/static/chunks/node_modules_next_dist_1gdrd03._.js:1945
[  215467ms] [ERROR] ./src/app/page.tsx:6:1
Module not found: Can't resolve '@/components/sections/WhyChooseUs'
  4 | import { CategoryGrid } from "@/components/sections/CategoryGrid";
  5 | import { ServicesSection } from "@/components/sections/ServicesSection";
> 6 | import { WhyChooseUs } from "@/components/sections/WhyChooseUs";
    | ^^^^^^^^^^^^^^^^^^^^^^^^^^^^^^^^^^^^^^^^^^^^^^^^^^^^^^^^^^^^^^^^
  7 |
  8 | export const metadata: Metadata = {
  9 |   title: "Imperial Essence Trading LLC | Luxury Perfumery, Beauty & Duty Free Distribution ...

Import map: aliased to relative './src/components/sections/WhyChooseUs' inside of [project]/

https://nextjs.org/docs/messages/module-not-found @ http://localhost:3000/_next/static/chunks/node_modules_next_dist_1gdrd03._.js:1945
[  215514ms] [ERROR] ./src/app/page.tsx:6:1
Module not found: Can't resolve '@/components/sections/WhyChooseUs'
  4 | import { CategoryGrid } from "@/components/sections/CategoryGrid";
  5 | import { ServicesSection } from "@/components/sections/ServicesSection";
> 6 | import { WhyChooseUs } from "@/components/sections/WhyChooseUs";
    | ^^^^^^^^^^^^^^^^^^^^^^^^^^^^^^^^^^^^^^^^^^^^^^^^^^^^^^^^^^^^^^^^
  7 |
  8 | export const metadata: Metadata = {
  9 |   title: "Imperial Essence Trading LLC | Luxury Perfumery, Beauty & Duty Free Distribution ...

Import map: aliased to relative './src/components/sections/WhyChooseUs' inside of [project]/

https://nextjs.org/docs/messages/module-not-found @ http://localhost:3000/_next/static/chunks/node_modules_next_dist_1gdrd03._.js:1945
[  215566ms] [ERROR] ./src/app/page.tsx:6:1
Module not found: Can't resolve '@/components/sections/WhyChooseUs'
  4 | import { CategoryGrid } from "@/components/sections/CategoryGrid";
  5 | import { ServicesSection } from "@/components/sections/ServicesSection";
> 6 | import { WhyChooseUs } from "@/components/sections/WhyChooseUs";
    | ^^^^^^^^^^^^^^^^^^^^^^^^^^^^^^^^^^^^^^^^^^^^^^^^^^^^^^^^^^^^^^^^
  7 |
  8 | export const metadata: Metadata = {
  9 |   title: "Imperial Essence Trading LLC | Luxury Perfumery, Beauty & Duty Free Distribution ...

Import map: aliased to relative './src/components/sections/WhyChooseUs' inside of [project]/

https://nextjs.org/docs/messages/module-not-found @ http://localhost:3000/_next/static/chunks/node_modules_next_dist_1gdrd03._.js:1945
[  215616ms] [ERROR] ./src/app/page.tsx:6:1
Module not found: Can't resolve '@/components/sections/WhyChooseUs'
  4 | import { CategoryGrid } from "@/components/sections/CategoryGrid";
  5 | import { ServicesSection } from "@/components/sections/ServicesSection";
> 6 | import { WhyChooseUs } from "@/components/sections/WhyChooseUs";
    | ^^^^^^^^^^^^^^^^^^^^^^^^^^^^^^^^^^^^^^^^^^^^^^^^^^^^^^^^^^^^^^^^
  7 |
  8 | export const metadata: Metadata = {
  9 |   title: "Imperial Essence Trading LLC | Luxury Perfumery, Beauty & Duty Free Distribution ...

Import map: aliased to relative './src/components/sections/WhyChooseUs' inside of [project]/

https://nextjs.org/docs/messages/module-not-found @ http://localhost:3000/_next/static/chunks/node_modules_next_dist_1gdrd03._.js:1945
[  215664ms] [ERROR] ./src/app/page.tsx:6:1
Module not found: Can't resolve '@/components/sections/WhyChooseUs'
  4 | import { CategoryGrid } from "@/components/sections/CategoryGrid";
  5 | import { ServicesSection } from "@/components/sections/ServicesSection";
> 6 | import { WhyChooseUs } from "@/components/sections/WhyChooseUs";
    | ^^^^^^^^^^^^^^^^^^^^^^^^^^^^^^^^^^^^^^^^^^^^^^^^^^^^^^^^^^^^^^^^
  7 |
  8 | export const metadata: Metadata = {
  9 |   title: "Imperial Essence Trading LLC | Luxury Perfumery, Beauty & Duty Free Distribution ...

Import map: aliased to relative './src/components/sections/WhyChooseUs' inside of [project]/

https://nextjs.org/docs/messages/module-not-found @ http://localhost:3000/_next/static/chunks/node_modules_next_dist_1gdrd03._.js:1945
[  215713ms] [ERROR] ./src/app/page.tsx:6:1
Module not found: Can't resolve '@/components/sections/WhyChooseUs'
  4 | import { CategoryGrid } from "@/components/sections/CategoryGrid";
  5 | import { ServicesSection } from "@/components/sections/ServicesSection";
> 6 | import { WhyChooseUs } from "@/components/sections/WhyChooseUs";
    | ^^^^^^^^^^^^^^^^^^^^^^^^^^^^^^^^^^^^^^^^^^^^^^^^^^^^^^^^^^^^^^^^
  7 |
  8 | export const metadata: Metadata = {
  9 |   title: "Imperial Essence Trading LLC | Luxury Perfumery, Beauty & Duty Free Distribution ...

Import map: aliased to relative './src/components/sections/WhyChooseUs' inside of [project]/

https://nextjs.org/docs/messages/module-not-found @ http://localhost:3000/_next/static/chunks/node_modules_next_dist_1gdrd03._.js:1945
[  215766ms] [ERROR] ./src/app/page.tsx:6:1
Module not found: Can't resolve '@/components/sections/WhyChooseUs'
  4 | import { CategoryGrid } from "@/components/sections/CategoryGrid";
  5 | import { ServicesSection } from "@/components/sections/ServicesSection";
> 6 | import { WhyChooseUs } from "@/components/sections/WhyChooseUs";
    | ^^^^^^^^^^^^^^^^^^^^^^^^^^^^^^^^^^^^^^^^^^^^^^^^^^^^^^^^^^^^^^^^
  7 |
  8 | export const metadata: Metadata = {
  9 |   title: "Imperial Essence Trading LLC | Luxury Perfumery, Beauty & Duty Free Distribution ...

Import map: aliased to relative './src/components/sections/WhyChooseUs' inside of [project]/

https://nextjs.org/docs/messages/module-not-found @ http://localhost:3000/_next/static/chunks/node_modules_next_dist_1gdrd03._.js:1945
[  215814ms] [ERROR] ./src/app/page.tsx:6:1
Module not found: Can't resolve '@/components/sections/WhyChooseUs'
  4 | import { CategoryGrid } from "@/components/sections/CategoryGrid";
  5 | import { ServicesSection } from "@/components/sections/ServicesSection";
> 6 | import { WhyChooseUs } from "@/components/sections/WhyChooseUs";
    | ^^^^^^^^^^^^^^^^^^^^^^^^^^^^^^^^^^^^^^^^^^^^^^^^^^^^^^^^^^^^^^^^
  7 |
  8 | export const metadata: Metadata = {
  9 |   title: "Imperial Essence Trading LLC | Luxury Perfumery, Beauty & Duty Free Distribution ...

Import map: aliased to relative './src/components/sections/WhyChooseUs' inside of [project]/

https://nextjs.org/docs/messages/module-not-found @ http://localhost:3000/_next/static/chunks/node_modules_next_dist_1gdrd03._.js:1945
[  215866ms] [ERROR] ./src/app/page.tsx:6:1
Module not found: Can't resolve '@/components/sections/WhyChooseUs'
  4 | import { CategoryGrid } from "@/components/sections/CategoryGrid";
  5 | import { ServicesSection } from "@/components/sections/ServicesSection";
> 6 | import { WhyChooseUs } from "@/components/sections/WhyChooseUs";
    | ^^^^^^^^^^^^^^^^^^^^^^^^^^^^^^^^^^^^^^^^^^^^^^^^^^^^^^^^^^^^^^^^
  7 |
  8 | export const metadata: Metadata = {
  9 |   title: "Imperial Essence Trading LLC | Luxury Perfumery, Beauty & Duty Free Distribution ...

Import map: aliased to relative './src/components/sections/WhyChooseUs' inside of [project]/

https://nextjs.org/docs/messages/module-not-found @ http://localhost:3000/_next/static/chunks/node_modules_next_dist_1gdrd03._.js:1945
[  215915ms] [ERROR] ./src/app/page.tsx:6:1
Module not found: Can't resolve '@/components/sections/WhyChooseUs'
  4 | import { CategoryGrid } from "@/components/sections/CategoryGrid";
  5 | import { ServicesSection } from "@/components/sections/ServicesSection";
> 6 | import { WhyChooseUs } from "@/components/sections/WhyChooseUs";
    | ^^^^^^^^^^^^^^^^^^^^^^^^^^^^^^^^^^^^^^^^^^^^^^^^^^^^^^^^^^^^^^^^
  7 |
  8 | export const metadata: Metadata = {
  9 |   title: "Imperial Essence Trading LLC | Luxury Perfumery, Beauty & Duty Free Distribution ...

Import map: aliased to relative './src/components/sections/WhyChooseUs' inside of [project]/

https://nextjs.org/docs/messages/module-not-found @ http://localhost:3000/_next/static/chunks/node_modules_next_dist_1gdrd03._.js:1945
[  215968ms] [ERROR] ./src/app/page.tsx:6:1
Module not found: Can't resolve '@/components/sections/WhyChooseUs'
  4 | import { CategoryGrid } from "@/components/sections/CategoryGrid";
  5 | import { ServicesSection } from "@/components/sections/ServicesSection";
> 6 | import { WhyChooseUs } from "@/components/sections/WhyChooseUs";
    | ^^^^^^^^^^^^^^^^^^^^^^^^^^^^^^^^^^^^^^^^^^^^^^^^^^^^^^^^^^^^^^^^
  7 |
  8 | export const metadata: Metadata = {
  9 |   title: "Imperial Essence Trading LLC | Luxury Perfumery, Beauty & Duty Free Distribution ...

Import map: aliased to relative './src/components/sections/WhyChooseUs' inside of [project]/

https://nextjs.org/docs/messages/module-not-found @ http://localhost:3000/_next/static/chunks/node_modules_next_dist_1gdrd03._.js:1945
[  216031ms] [ERROR] ./src/app/page.tsx:6:1
Module not found: Can't resolve '@/components/sections/WhyChooseUs'
  4 | import { CategoryGrid } from "@/components/sections/CategoryGrid";
  5 | import { ServicesSection } from "@/components/sections/ServicesSection";
> 6 | import { WhyChooseUs } from "@/components/sections/WhyChooseUs";
    | ^^^^^^^^^^^^^^^^^^^^^^^^^^^^^^^^^^^^^^^^^^^^^^^^^^^^^^^^^^^^^^^^
  7 |
  8 | export const metadata: Metadata = {
  9 |   title: "Imperial Essence Trading LLC | Luxury Perfumery, Beauty & Duty Free Distribution ...

Import map: aliased to relative './src/components/sections/WhyChooseUs' inside of [project]/

https://nextjs.org/docs/messages/module-not-found @ http://localhost:3000/_next/static/chunks/node_modules_next_dist_1gdrd03._.js:1945
[  216082ms] [ERROR] ./src/app/page.tsx:6:1
Module not found: Can't resolve '@/components/sections/WhyChooseUs'
  4 | import { CategoryGrid } from "@/components/sections/CategoryGrid";
  5 | import { ServicesSection } from "@/components/sections/ServicesSection";
> 6 | import { WhyChooseUs } from "@/components/sections/WhyChooseUs";
    | ^^^^^^^^^^^^^^^^^^^^^^^^^^^^^^^^^^^^^^^^^^^^^^^^^^^^^^^^^^^^^^^^
  7 |
  8 | export const metadata: Metadata = {
  9 |   title: "Imperial Essence Trading LLC | Luxury Perfumery, Beauty & Duty Free Distribution ...

Import map: aliased to relative './src/components/sections/WhyChooseUs' inside of [project]/

https://nextjs.org/docs/messages/module-not-found @ http://localhost:3000/_next/static/chunks/node_modules_next_dist_1gdrd03._.js:1945
[  216133ms] [ERROR] ./src/app/page.tsx:6:1
Module not found: Can't resolve '@/components/sections/WhyChooseUs'
  4 | import { CategoryGrid } from "@/components/sections/CategoryGrid";
  5 | import { ServicesSection } from "@/components/sections/ServicesSection";
> 6 | import { WhyChooseUs } from "@/components/sections/WhyChooseUs";
    | ^^^^^^^^^^^^^^^^^^^^^^^^^^^^^^^^^^^^^^^^^^^^^^^^^^^^^^^^^^^^^^^^
  7 |
  8 | export const metadata: Metadata = {
  9 |   title: "Imperial Essence Trading LLC | Luxury Perfumery, Beauty & Duty Free Distribution ...

Import map: aliased to relative './src/components/sections/WhyChooseUs' inside of [project]/

https://nextjs.org/docs/messages/module-not-found @ http://localhost:3000/_next/static/chunks/node_modules_next_dist_1gdrd03._.js:1945
[  216197ms] [ERROR] ./src/app/page.tsx:6:1
Module not found: Can't resolve '@/components/sections/WhyChooseUs'
  4 | import { CategoryGrid } from "@/components/sections/CategoryGrid";
  5 | import { ServicesSection } from "@/components/sections/ServicesSection";
> 6 | import { WhyChooseUs } from "@/components/sections/WhyChooseUs";
    | ^^^^^^^^^^^^^^^^^^^^^^^^^^^^^^^^^^^^^^^^^^^^^^^^^^^^^^^^^^^^^^^^
  7 |
  8 | export const metadata: Metadata = {
  9 |   title: "Imperial Essence Trading LLC | Luxury Perfumery, Beauty & Duty Free Distribution ...

Import map: aliased to relative './src/components/sections/WhyChooseUs' inside of [project]/

https://nextjs.org/docs/messages/module-not-found @ http://localhost:3000/_next/static/chunks/node_modules_next_dist_1gdrd03._.js:1945
[  216261ms] [ERROR] ./src/app/page.tsx:6:1
Module not found: Can't resolve '@/components/sections/WhyChooseUs'
  4 | import { CategoryGrid } from "@/components/sections/CategoryGrid";
  5 | import { ServicesSection } from "@/components/sections/ServicesSection";
> 6 | import { WhyChooseUs } from "@/components/sections/WhyChooseUs";
    | ^^^^^^^^^^^^^^^^^^^^^^^^^^^^^^^^^^^^^^^^^^^^^^^^^^^^^^^^^^^^^^^^
  7 |
  8 | export const metadata: Metadata = {
  9 |   title: "Imperial Essence Trading LLC | Luxury Perfumery, Beauty & Duty Free Distribution ...

Import map: aliased to relative './src/components/sections/WhyChooseUs' inside of [project]/

https://nextjs.org/docs/messages/module-not-found @ http://localhost:3000/_next/static/chunks/node_modules_next_dist_1gdrd03._.js:1945
[  216314ms] [ERROR] ./src/app/page.tsx:6:1
Module not found: Can't resolve '@/components/sections/WhyChooseUs'
  4 | import { CategoryGrid } from "@/components/sections/CategoryGrid";
  5 | import { ServicesSection } from "@/components/sections/ServicesSection";
> 6 | import { WhyChooseUs } from "@/components/sections/WhyChooseUs";
    | ^^^^^^^^^^^^^^^^^^^^^^^^^^^^^^^^^^^^^^^^^^^^^^^^^^^^^^^^^^^^^^^^
  7 |
  8 | export const metadata: Metadata = {
  9 |   title: "Imperial Essence Trading LLC | Luxury Perfumery, Beauty & Duty Free Distribution ...

Import map: aliased to relative './src/components/sections/WhyChooseUs' inside of [project]/

https://nextjs.org/docs/messages/module-not-found @ http://localhost:3000/_next/static/chunks/node_modules_next_dist_1gdrd03._.js:1945
[  216366ms] [ERROR] ./src/app/page.tsx:6:1
Module not found: Can't resolve '@/components/sections/WhyChooseUs'
  4 | import { CategoryGrid } from "@/components/sections/CategoryGrid";
  5 | import { ServicesSection } from "@/components/sections/ServicesSection";
> 6 | import { WhyChooseUs } from "@/components/sections/WhyChooseUs";
    | ^^^^^^^^^^^^^^^^^^^^^^^^^^^^^^^^^^^^^^^^^^^^^^^^^^^^^^^^^^^^^^^^
  7 |
  8 | export const metadata: Metadata = {
  9 |   title: "Imperial Essence Trading LLC | Luxury Perfumery, Beauty & Duty Free Distribution ...

Import map: aliased to relative './src/components/sections/WhyChooseUs' inside of [project]/

https://nextjs.org/docs/messages/module-not-found @ http://localhost:3000/_next/static/chunks/node_modules_next_dist_1gdrd03._.js:1945
[  216415ms] [ERROR] ./src/app/page.tsx:6:1
Module not found: Can't resolve '@/components/sections/WhyChooseUs'
  4 | import { CategoryGrid } from "@/components/sections/CategoryGrid";
  5 | import { ServicesSection } from "@/components/sections/ServicesSection";
> 6 | import { WhyChooseUs } from "@/components/sections/WhyChooseUs";
    | ^^^^^^^^^^^^^^^^^^^^^^^^^^^^^^^^^^^^^^^^^^^^^^^^^^^^^^^^^^^^^^^^
  7 |
  8 | export const metadata: Metadata = {
  9 |   title: "Imperial Essence Trading LLC | Luxury Perfumery, Beauty & Duty Free Distribution ...

Import map: aliased to relative './src/components/sections/WhyChooseUs' inside of [project]/

https://nextjs.org/docs/messages/module-not-found @ http://localhost:3000/_next/static/chunks/node_modules_next_dist_1gdrd03._.js:1945
[  216465ms] [ERROR] ./src/app/page.tsx:6:1
Module not found: Can't resolve '@/components/sections/WhyChooseUs'
  4 | import { CategoryGrid } from "@/components/sections/CategoryGrid";
  5 | import { ServicesSection } from "@/components/sections/ServicesSection";
> 6 | import { WhyChooseUs } from "@/components/sections/WhyChooseUs";
    | ^^^^^^^^^^^^^^^^^^^^^^^^^^^^^^^^^^^^^^^^^^^^^^^^^^^^^^^^^^^^^^^^
  7 |
  8 | export const metadata: Metadata = {
  9 |   title: "Imperial Essence Trading LLC | Luxury Perfumery, Beauty & Duty Free Distribution ...

Import map: aliased to relative './src/components/sections/WhyChooseUs' inside of [project]/

https://nextjs.org/docs/messages/module-not-found @ http://localhost:3000/_next/static/chunks/node_modules_next_dist_1gdrd03._.js:1945
[  216514ms] [ERROR] ./src/app/page.tsx:6:1
Module not found: Can't resolve '@/components/sections/WhyChooseUs'
  4 | import { CategoryGrid } from "@/components/sections/CategoryGrid";
  5 | import { ServicesSection } from "@/components/sections/ServicesSection";
> 6 | import { WhyChooseUs } from "@/components/sections/WhyChooseUs";
    | ^^^^^^^^^^^^^^^^^^^^^^^^^^^^^^^^^^^^^^^^^^^^^^^^^^^^^^^^^^^^^^^^
  7 |
  8 | export const metadata: Metadata = {
  9 |   title: "Imperial Essence Trading LLC | Luxury Perfumery, Beauty & Duty Free Distribution ...

Import map: aliased to relative './src/components/sections/WhyChooseUs' inside of [project]/

https://nextjs.org/docs/messages/module-not-found @ http://localhost:3000/_next/static/chunks/node_modules_next_dist_1gdrd03._.js:1945
[  216566ms] [ERROR] ./src/app/page.tsx:6:1
Module not found: Can't resolve '@/components/sections/WhyChooseUs'
  4 | import { CategoryGrid } from "@/components/sections/CategoryGrid";
  5 | import { ServicesSection } from "@/components/sections/ServicesSection";
> 6 | import { WhyChooseUs } from "@/components/sections/WhyChooseUs";
    | ^^^^^^^^^^^^^^^^^^^^^^^^^^^^^^^^^^^^^^^^^^^^^^^^^^^^^^^^^^^^^^^^
  7 |
  8 | export const metadata: Metadata = {
  9 |   title: "Imperial Essence Trading LLC | Luxury Perfumery, Beauty & Duty Free Distribution ...

Import map: aliased to relative './src/components/sections/WhyChooseUs' inside of [project]/

https://nextjs.org/docs/messages/module-not-found @ http://localhost:3000/_next/static/chunks/node_modules_next_dist_1gdrd03._.js:1945
[  216615ms] [ERROR] ./src/app/page.tsx:6:1
Module not found: Can't resolve '@/components/sections/WhyChooseUs'
  4 | import { CategoryGrid } from "@/components/sections/CategoryGrid";
  5 | import { ServicesSection } from "@/components/sections/ServicesSection";
> 6 | import { WhyChooseUs } from "@/components/sections/WhyChooseUs";
    | ^^^^^^^^^^^^^^^^^^^^^^^^^^^^^^^^^^^^^^^^^^^^^^^^^^^^^^^^^^^^^^^^
  7 |
  8 | export const metadata: Metadata = {
  9 |   title: "Imperial Essence Trading LLC | Luxury Perfumery, Beauty & Duty Free Distribution ...

Import map: aliased to relative './src/components/sections/WhyChooseUs' inside of [project]/

https://nextjs.org/docs/messages/module-not-found @ http://localhost:3000/_next/static/chunks/node_modules_next_dist_1gdrd03._.js:1945
[  216666ms] [ERROR] ./src/app/page.tsx:6:1
Module not found: Can't resolve '@/components/sections/WhyChooseUs'
  4 | import { CategoryGrid } from "@/components/sections/CategoryGrid";
  5 | import { ServicesSection } from "@/components/sections/ServicesSection";
> 6 | import { WhyChooseUs } from "@/components/sections/WhyChooseUs";
    | ^^^^^^^^^^^^^^^^^^^^^^^^^^^^^^^^^^^^^^^^^^^^^^^^^^^^^^^^^^^^^^^^
  7 |
  8 | export const metadata: Metadata = {
  9 |   title: "Imperial Essence Trading LLC | Luxury Perfumery, Beauty & Duty Free Distribution ...

Import map: aliased to relative './src/components/sections/WhyChooseUs' inside of [project]/

https://nextjs.org/docs/messages/module-not-found @ http://localhost:3000/_next/static/chunks/node_modules_next_dist_1gdrd03._.js:1945
[  216728ms] [ERROR] ./src/app/page.tsx:6:1
Module not found: Can't resolve '@/components/sections/WhyChooseUs'
  4 | import { CategoryGrid } from "@/components/sections/CategoryGrid";
  5 | import { ServicesSection } from "@/components/sections/ServicesSection";
> 6 | import { WhyChooseUs } from "@/components/sections/WhyChooseUs";
    | ^^^^^^^^^^^^^^^^^^^^^^^^^^^^^^^^^^^^^^^^^^^^^^^^^^^^^^^^^^^^^^^^
  7 |
  8 | export const metadata: Metadata = {
  9 |   title: "Imperial Essence Trading LLC | Luxury Perfumery, Beauty & Duty Free Distribution ...

Import map: aliased to relative './src/components/sections/WhyChooseUs' inside of [project]/

https://nextjs.org/docs/messages/module-not-found @ http://localhost:3000/_next/static/chunks/node_modules_next_dist_1gdrd03._.js:1945
[  216766ms] [ERROR] ./src/app/page.tsx:6:1
Module not found: Can't resolve '@/components/sections/WhyChooseUs'
  4 | import { CategoryGrid } from "@/components/sections/CategoryGrid";
  5 | import { ServicesSection } from "@/components/sections/ServicesSection";
> 6 | import { WhyChooseUs } from "@/components/sections/WhyChooseUs";
    | ^^^^^^^^^^^^^^^^^^^^^^^^^^^^^^^^^^^^^^^^^^^^^^^^^^^^^^^^^^^^^^^^
  7 |
  8 | export const metadata: Metadata = {
  9 |   title: "Imperial Essence Trading LLC | Luxury Perfumery, Beauty & Duty Free Distribution ...

Import map: aliased to relative './src/components/sections/WhyChooseUs' inside of [project]/

https://nextjs.org/docs/messages/module-not-found @ http://localhost:3000/_next/static/chunks/node_modules_next_dist_1gdrd03._.js:1945
[  216816ms] [ERROR] ./src/app/page.tsx:6:1
Module not found: Can't resolve '@/components/sections/WhyChooseUs'
  4 | import { CategoryGrid } from "@/components/sections/CategoryGrid";
  5 | import { ServicesSection } from "@/components/sections/ServicesSection";
> 6 | import { WhyChooseUs } from "@/components/sections/WhyChooseUs";
    | ^^^^^^^^^^^^^^^^^^^^^^^^^^^^^^^^^^^^^^^^^^^^^^^^^^^^^^^^^^^^^^^^
  7 |
  8 | export const metadata: Metadata = {
  9 |   title: "Imperial Essence Trading LLC | Luxury Perfumery, Beauty & Duty Free Distribution ...

Import map: aliased to relative './src/components/sections/WhyChooseUs' inside of [project]/

https://nextjs.org/docs/messages/module-not-found @ http://localhost:3000/_next/static/chunks/node_modules_next_dist_1gdrd03._.js:1945
[  216876ms] [ERROR] ./src/app/page.tsx:6:1
Module not found: Can't resolve '@/components/sections/WhyChooseUs'
  4 | import { CategoryGrid } from "@/components/sections/CategoryGrid";
  5 | import { ServicesSection } from "@/components/sections/ServicesSection";
> 6 | import { WhyChooseUs } from "@/components/sections/WhyChooseUs";
    | ^^^^^^^^^^^^^^^^^^^^^^^^^^^^^^^^^^^^^^^^^^^^^^^^^^^^^^^^^^^^^^^^
  7 |
  8 | export const metadata: Metadata = {
  9 |   title: "Imperial Essence Trading LLC | Luxury Perfumery, Beauty & Duty Free Distribution ...

Import map: aliased to relative './src/components/sections/WhyChooseUs' inside of [project]/

https://nextjs.org/docs/messages/module-not-found @ http://localhost:3000/_next/static/chunks/node_modules_next_dist_1gdrd03._.js:1945
[  216932ms] [ERROR] ./src/app/page.tsx:6:1
Module not found: Can't resolve '@/components/sections/WhyChooseUs'
  4 | import { CategoryGrid } from "@/components/sections/CategoryGrid";
  5 | import { ServicesSection } from "@/components/sections/ServicesSection";
> 6 | import { WhyChooseUs } from "@/components/sections/WhyChooseUs";
    | ^^^^^^^^^^^^^^^^^^^^^^^^^^^^^^^^^^^^^^^^^^^^^^^^^^^^^^^^^^^^^^^^
  7 |
  8 | export const metadata: Metadata = {
  9 |   title: "Imperial Essence Trading LLC | Luxury Perfumery, Beauty & Duty Free Distribution ...

Import map: aliased to relative './src/components/sections/WhyChooseUs' inside of [project]/

https://nextjs.org/docs/messages/module-not-found @ http://localhost:3000/_next/static/chunks/node_modules_next_dist_1gdrd03._.js:1945
[  216983ms] [ERROR] ./src/app/page.tsx:6:1
Module not found: Can't resolve '@/components/sections/WhyChooseUs'
  4 | import { CategoryGrid } from "@/components/sections/CategoryGrid";
  5 | import { ServicesSection } from "@/components/sections/ServicesSection";
> 6 | import { WhyChooseUs } from "@/components/sections/WhyChooseUs";
    | ^^^^^^^^^^^^^^^^^^^^^^^^^^^^^^^^^^^^^^^^^^^^^^^^^^^^^^^^^^^^^^^^
  7 |
  8 | export const metadata: Metadata = {
  9 |   title: "Imperial Essence Trading LLC | Luxury Perfumery, Beauty & Duty Free Distribution ...

Import map: aliased to relative './src/components/sections/WhyChooseUs' inside of [project]/

https://nextjs.org/docs/messages/module-not-found @ http://localhost:3000/_next/static/chunks/node_modules_next_dist_1gdrd03._.js:1945
[  217031ms] [ERROR] ./src/app/page.tsx:6:1
Module not found: Can't resolve '@/components/sections/WhyChooseUs'
  4 | import { CategoryGrid } from "@/components/sections/CategoryGrid";
  5 | import { ServicesSection } from "@/components/sections/ServicesSection";
> 6 | import { WhyChooseUs } from "@/components/sections/WhyChooseUs";
    | ^^^^^^^^^^^^^^^^^^^^^^^^^^^^^^^^^^^^^^^^^^^^^^^^^^^^^^^^^^^^^^^^
  7 |
  8 | export const metadata: Metadata = {
  9 |   title: "Imperial Essence Trading LLC | Luxury Perfumery, Beauty & Duty Free Distribution ...

Import map: aliased to relative './src/components/sections/WhyChooseUs' inside of [project]/

https://nextjs.org/docs/messages/module-not-found @ http://localhost:3000/_next/static/chunks/node_modules_next_dist_1gdrd03._.js:1945
[  217082ms] [ERROR] ./src/app/page.tsx:6:1
Module not found: Can't resolve '@/components/sections/WhyChooseUs'
  4 | import { CategoryGrid } from "@/components/sections/CategoryGrid";
  5 | import { ServicesSection } from "@/components/sections/ServicesSection";
> 6 | import { WhyChooseUs } from "@/components/sections/WhyChooseUs";
    | ^^^^^^^^^^^^^^^^^^^^^^^^^^^^^^^^^^^^^^^^^^^^^^^^^^^^^^^^^^^^^^^^
  7 |
  8 | export const metadata: Metadata = {
  9 |   title: "Imperial Essence Trading LLC | Luxury Perfumery, Beauty & Duty Free Distribution ...

Import map: aliased to relative './src/components/sections/WhyChooseUs' inside of [project]/

https://nextjs.org/docs/messages/module-not-found @ http://localhost:3000/_next/static/chunks/node_modules_next_dist_1gdrd03._.js:1945
[  217131ms] [ERROR] ./src/app/page.tsx:6:1
Module not found: Can't resolve '@/components/sections/WhyChooseUs'
  4 | import { CategoryGrid } from "@/components/sections/CategoryGrid";
  5 | import { ServicesSection } from "@/components/sections/ServicesSection";
> 6 | import { WhyChooseUs } from "@/components/sections/WhyChooseUs";
    | ^^^^^^^^^^^^^^^^^^^^^^^^^^^^^^^^^^^^^^^^^^^^^^^^^^^^^^^^^^^^^^^^
  7 |
  8 | export const metadata: Metadata = {
  9 |   title: "Imperial Essence Trading LLC | Luxury Perfumery, Beauty & Duty Free Distribution ...

Import map: aliased to relative './src/components/sections/WhyChooseUs' inside of [project]/

https://nextjs.org/docs/messages/module-not-found @ http://localhost:3000/_next/static/chunks/node_modules_next_dist_1gdrd03._.js:1945
[  217182ms] [ERROR] ./src/app/page.tsx:6:1
Module not found: Can't resolve '@/components/sections/WhyChooseUs'
  4 | import { CategoryGrid } from "@/components/sections/CategoryGrid";
  5 | import { ServicesSection } from "@/components/sections/ServicesSection";
> 6 | import { WhyChooseUs } from "@/components/sections/WhyChooseUs";
    | ^^^^^^^^^^^^^^^^^^^^^^^^^^^^^^^^^^^^^^^^^^^^^^^^^^^^^^^^^^^^^^^^
  7 |
  8 | export const metadata: Metadata = {
  9 |   title: "Imperial Essence Trading LLC | Luxury Perfumery, Beauty & Duty Free Distribution ...

Import map: aliased to relative './src/components/sections/WhyChooseUs' inside of [project]/

https://nextjs.org/docs/messages/module-not-found @ http://localhost:3000/_next/static/chunks/node_modules_next_dist_1gdrd03._.js:1945
[  217231ms] [ERROR] ./src/app/page.tsx:6:1
Module not found: Can't resolve '@/components/sections/WhyChooseUs'
  4 | import { CategoryGrid } from "@/components/sections/CategoryGrid";
  5 | import { ServicesSection } from "@/components/sections/ServicesSection";
> 6 | import { WhyChooseUs } from "@/components/sections/WhyChooseUs";
    | ^^^^^^^^^^^^^^^^^^^^^^^^^^^^^^^^^^^^^^^^^^^^^^^^^^^^^^^^^^^^^^^^
  7 |
  8 | export const metadata: Metadata = {
  9 |   title: "Imperial Essence Trading LLC | Luxury Perfumery, Beauty & Duty Free Distribution ...

Import map: aliased to relative './src/components/sections/WhyChooseUs' inside of [project]/

https://nextjs.org/docs/messages/module-not-found @ http://localhost:3000/_next/static/chunks/node_modules_next_dist_1gdrd03._.js:1945
[  217282ms] [ERROR] ./src/app/page.tsx:6:1
Module not found: Can't resolve '@/components/sections/WhyChooseUs'
  4 | import { CategoryGrid } from "@/components/sections/CategoryGrid";
  5 | import { ServicesSection } from "@/components/sections/ServicesSection";
> 6 | import { WhyChooseUs } from "@/components/sections/WhyChooseUs";
    | ^^^^^^^^^^^^^^^^^^^^^^^^^^^^^^^^^^^^^^^^^^^^^^^^^^^^^^^^^^^^^^^^
  7 |
  8 | export const metadata: Metadata = {
  9 |   title: "Imperial Essence Trading LLC | Luxury Perfumery, Beauty & Duty Free Distribution ...

Import map: aliased to relative './src/components/sections/WhyChooseUs' inside of [project]/

https://nextjs.org/docs/messages/module-not-found @ http://localhost:3000/_next/static/chunks/node_modules_next_dist_1gdrd03._.js:1945
[  217331ms] [ERROR] ./src/app/page.tsx:6:1
Module not found: Can't resolve '@/components/sections/WhyChooseUs'
  4 | import { CategoryGrid } from "@/components/sections/CategoryGrid";
  5 | import { ServicesSection } from "@/components/sections/ServicesSection";
> 6 | import { WhyChooseUs } from "@/components/sections/WhyChooseUs";
    | ^^^^^^^^^^^^^^^^^^^^^^^^^^^^^^^^^^^^^^^^^^^^^^^^^^^^^^^^^^^^^^^^
  7 |
  8 | export const metadata: Metadata = {
  9 |   title: "Imperial Essence Trading LLC | Luxury Perfumery, Beauty & Duty Free Distribution ...

Import map: aliased to relative './src/components/sections/WhyChooseUs' inside of [project]/

https://nextjs.org/docs/messages/module-not-found @ http://localhost:3000/_next/static/chunks/node_modules_next_dist_1gdrd03._.js:1945
[  217381ms] [ERROR] ./src/app/page.tsx:6:1
Module not found: Can't resolve '@/components/sections/WhyChooseUs'
  4 | import { CategoryGrid } from "@/components/sections/CategoryGrid";
  5 | import { ServicesSection } from "@/components/sections/ServicesSection";
> 6 | import { WhyChooseUs } from "@/components/sections/WhyChooseUs";
    | ^^^^^^^^^^^^^^^^^^^^^^^^^^^^^^^^^^^^^^^^^^^^^^^^^^^^^^^^^^^^^^^^
  7 |
  8 | export const metadata: Metadata = {
  9 |   title: "Imperial Essence Trading LLC | Luxury Perfumery, Beauty & Duty Free Distribution ...

Import map: aliased to relative './src/components/sections/WhyChooseUs' inside of [project]/

https://nextjs.org/docs/messages/module-not-found @ http://localhost:3000/_next/static/chunks/node_modules_next_dist_1gdrd03._.js:1945
[  217432ms] [ERROR] ./src/app/page.tsx:6:1
Module not found: Can't resolve '@/components/sections/WhyChooseUs'
  4 | import { CategoryGrid } from "@/components/sections/CategoryGrid";
  5 | import { ServicesSection } from "@/components/sections/ServicesSection";
> 6 | import { WhyChooseUs } from "@/components/sections/WhyChooseUs";
    | ^^^^^^^^^^^^^^^^^^^^^^^^^^^^^^^^^^^^^^^^^^^^^^^^^^^^^^^^^^^^^^^^
  7 |
  8 | export const metadata: Metadata = {
  9 |   title: "Imperial Essence Trading LLC | Luxury Perfumery, Beauty & Duty Free Distribution ...

Import map: aliased to relative './src/components/sections/WhyChooseUs' inside of [project]/

https://nextjs.org/docs/messages/module-not-found @ http://localhost:3000/_next/static/chunks/node_modules_next_dist_1gdrd03._.js:1945
[  217483ms] [ERROR] ./src/app/page.tsx:6:1
Module not found: Can't resolve '@/components/sections/WhyChooseUs'
  4 | import { CategoryGrid } from "@/components/sections/CategoryGrid";
  5 | import { ServicesSection } from "@/components/sections/ServicesSection";
> 6 | import { WhyChooseUs } from "@/components/sections/WhyChooseUs";
    | ^^^^^^^^^^^^^^^^^^^^^^^^^^^^^^^^^^^^^^^^^^^^^^^^^^^^^^^^^^^^^^^^
  7 |
  8 | export const metadata: Metadata = {
  9 |   title: "Imperial Essence Trading LLC | Luxury Perfumery, Beauty & Duty Free Distribution ...

Import map: aliased to relative './src/components/sections/WhyChooseUs' inside of [project]/

https://nextjs.org/docs/messages/module-not-found @ http://localhost:3000/_next/static/chunks/node_modules_next_dist_1gdrd03._.js:1945
[  217532ms] [ERROR] ./src/app/page.tsx:6:1
Module not found: Can't resolve '@/components/sections/WhyChooseUs'
  4 | import { CategoryGrid } from "@/components/sections/CategoryGrid";
  5 | import { ServicesSection } from "@/components/sections/ServicesSection";
> 6 | import { WhyChooseUs } from "@/components/sections/WhyChooseUs";
    | ^^^^^^^^^^^^^^^^^^^^^^^^^^^^^^^^^^^^^^^^^^^^^^^^^^^^^^^^^^^^^^^^
  7 |
  8 | export const metadata: Metadata = {
  9 |   title: "Imperial Essence Trading LLC | Luxury Perfumery, Beauty & Duty Free Distribution ...

Import map: aliased to relative './src/components/sections/WhyChooseUs' inside of [project]/

https://nextjs.org/docs/messages/module-not-found @ http://localhost:3000/_next/static/chunks/node_modules_next_dist_1gdrd03._.js:1945
[  217582ms] [ERROR] ./src/app/page.tsx:6:1
Module not found: Can't resolve '@/components/sections/WhyChooseUs'
  4 | import { CategoryGrid } from "@/components/sections/CategoryGrid";
  5 | import { ServicesSection } from "@/components/sections/ServicesSection";
> 6 | import { WhyChooseUs } from "@/components/sections/WhyChooseUs";
    | ^^^^^^^^^^^^^^^^^^^^^^^^^^^^^^^^^^^^^^^^^^^^^^^^^^^^^^^^^^^^^^^^
  7 |
  8 | export const metadata: Metadata = {
  9 |   title: "Imperial Essence Trading LLC | Luxury Perfumery, Beauty & Duty Free Distribution ...

Import map: aliased to relative './src/components/sections/WhyChooseUs' inside of [project]/

https://nextjs.org/docs/messages/module-not-found @ http://localhost:3000/_next/static/chunks/node_modules_next_dist_1gdrd03._.js:1945
[  217632ms] [ERROR] ./src/app/page.tsx:6:1
Module not found: Can't resolve '@/components/sections/WhyChooseUs'
  4 | import { CategoryGrid } from "@/components/sections/CategoryGrid";
  5 | import { ServicesSection } from "@/components/sections/ServicesSection";
> 6 | import { WhyChooseUs } from "@/components/sections/WhyChooseUs";
    | ^^^^^^^^^^^^^^^^^^^^^^^^^^^^^^^^^^^^^^^^^^^^^^^^^^^^^^^^^^^^^^^^
  7 |
  8 | export const metadata: Metadata = {
  9 |   title: "Imperial Essence Trading LLC | Luxury Perfumery, Beauty & Duty Free Distribution ...

Import map: aliased to relative './src/components/sections/WhyChooseUs' inside of [project]/

https://nextjs.org/docs/messages/module-not-found @ http://localhost:3000/_next/static/chunks/node_modules_next_dist_1gdrd03._.js:1945
[  217682ms] [ERROR] ./src/app/page.tsx:6:1
Module not found: Can't resolve '@/components/sections/WhyChooseUs'
  4 | import { CategoryGrid } from "@/components/sections/CategoryGrid";
  5 | import { ServicesSection } from "@/components/sections/ServicesSection";
> 6 | import { WhyChooseUs } from "@/components/sections/WhyChooseUs";
    | ^^^^^^^^^^^^^^^^^^^^^^^^^^^^^^^^^^^^^^^^^^^^^^^^^^^^^^^^^^^^^^^^
  7 |
  8 | export const metadata: Metadata = {
  9 |   title: "Imperial Essence Trading LLC | Luxury Perfumery, Beauty & Duty Free Distribution ...

Import map: aliased to relative './src/components/sections/WhyChooseUs' inside of [project]/

https://nextjs.org/docs/messages/module-not-found @ http://localhost:3000/_next/static/chunks/node_modules_next_dist_1gdrd03._.js:1945
[  217731ms] [ERROR] ./src/app/page.tsx:6:1
Module not found: Can't resolve '@/components/sections/WhyChooseUs'
  4 | import { CategoryGrid } from "@/components/sections/CategoryGrid";
  5 | import { ServicesSection } from "@/components/sections/ServicesSection";
> 6 | import { WhyChooseUs } from "@/components/sections/WhyChooseUs";
    | ^^^^^^^^^^^^^^^^^^^^^^^^^^^^^^^^^^^^^^^^^^^^^^^^^^^^^^^^^^^^^^^^
  7 |
  8 | export const metadata: Metadata = {
  9 |   title: "Imperial Essence Trading LLC | Luxury Perfumery, Beauty & Duty Free Distribution ...

Import map: aliased to relative './src/components/sections/WhyChooseUs' inside of [project]/

https://nextjs.org/docs/messages/module-not-found @ http://localhost:3000/_next/static/chunks/node_modules_next_dist_1gdrd03._.js:1945
[  217781ms] [ERROR] ./src/app/page.tsx:6:1
Module not found: Can't resolve '@/components/sections/WhyChooseUs'
  4 | import { CategoryGrid } from "@/components/sections/CategoryGrid";
  5 | import { ServicesSection } from "@/components/sections/ServicesSection";
> 6 | import { WhyChooseUs } from "@/components/sections/WhyChooseUs";
    | ^^^^^^^^^^^^^^^^^^^^^^^^^^^^^^^^^^^^^^^^^^^^^^^^^^^^^^^^^^^^^^^^
  7 |
  8 | export const metadata: Metadata = {
  9 |   title: "Imperial Essence Trading LLC | Luxury Perfumery, Beauty & Duty Free Distribution ...

Import map: aliased to relative './src/components/sections/WhyChooseUs' inside of [project]/

https://nextjs.org/docs/messages/module-not-found @ http://localhost:3000/_next/static/chunks/node_modules_next_dist_1gdrd03._.js:1945
[  217831ms] [ERROR] ./src/app/page.tsx:6:1
Module not found: Can't resolve '@/components/sections/WhyChooseUs'
  4 | import { CategoryGrid } from "@/components/sections/CategoryGrid";
  5 | import { ServicesSection } from "@/components/sections/ServicesSection";
> 6 | import { WhyChooseUs } from "@/components/sections/WhyChooseUs";
    | ^^^^^^^^^^^^^^^^^^^^^^^^^^^^^^^^^^^^^^^^^^^^^^^^^^^^^^^^^^^^^^^^
  7 |
  8 | export const metadata: Metadata = {
  9 |   title: "Imperial Essence Trading LLC | Luxury Perfumery, Beauty & Duty Free Distribution ...

Import map: aliased to relative './src/components/sections/WhyChooseUs' inside of [project]/

https://nextjs.org/docs/messages/module-not-found @ http://localhost:3000/_next/static/chunks/node_modules_next_dist_1gdrd03._.js:1945
[  217881ms] [ERROR] ./src/app/page.tsx:6:1
Module not found: Can't resolve '@/components/sections/WhyChooseUs'
  4 | import { CategoryGrid } from "@/components/sections/CategoryGrid";
  5 | import { ServicesSection } from "@/components/sections/ServicesSection";
> 6 | import { WhyChooseUs } from "@/components/sections/WhyChooseUs";
    | ^^^^^^^^^^^^^^^^^^^^^^^^^^^^^^^^^^^^^^^^^^^^^^^^^^^^^^^^^^^^^^^^
  7 |
  8 | export const metadata: Metadata = {
  9 |   title: "Imperial Essence Trading LLC | Luxury Perfumery, Beauty & Duty Free Distribution ...

Import map: aliased to relative './src/components/sections/WhyChooseUs' inside of [project]/

https://nextjs.org/docs/messages/module-not-found @ http://localhost:3000/_next/static/chunks/node_modules_next_dist_1gdrd03._.js:1945
[  217932ms] [ERROR] ./src/app/page.tsx:6:1
Module not found: Can't resolve '@/components/sections/WhyChooseUs'
  4 | import { CategoryGrid } from "@/components/sections/CategoryGrid";
  5 | import { ServicesSection } from "@/components/sections/ServicesSection";
> 6 | import { WhyChooseUs } from "@/components/sections/WhyChooseUs";
    | ^^^^^^^^^^^^^^^^^^^^^^^^^^^^^^^^^^^^^^^^^^^^^^^^^^^^^^^^^^^^^^^^
  7 |
  8 | export const metadata: Metadata = {
  9 |   title: "Imperial Essence Trading LLC | Luxury Perfumery, Beauty & Duty Free Distribution ...

Import map: aliased to relative './src/components/sections/WhyChooseUs' inside of [project]/

https://nextjs.org/docs/messages/module-not-found @ http://localhost:3000/_next/static/chunks/node_modules_next_dist_1gdrd03._.js:1945
[  217982ms] [ERROR] ./src/app/page.tsx:6:1
Module not found: Can't resolve '@/components/sections/WhyChooseUs'
  4 | import { CategoryGrid } from "@/components/sections/CategoryGrid";
  5 | import { ServicesSection } from "@/components/sections/ServicesSection";
> 6 | import { WhyChooseUs } from "@/components/sections/WhyChooseUs";
    | ^^^^^^^^^^^^^^^^^^^^^^^^^^^^^^^^^^^^^^^^^^^^^^^^^^^^^^^^^^^^^^^^
  7 |
  8 | export const metadata: Metadata = {
  9 |   title: "Imperial Essence Trading LLC | Luxury Perfumery, Beauty & Duty Free Distribution ...

Import map: aliased to relative './src/components/sections/WhyChooseUs' inside of [project]/

https://nextjs.org/docs/messages/module-not-found @ http://localhost:3000/_next/static/chunks/node_modules_next_dist_1gdrd03._.js:1945
[  218034ms] [ERROR] ./src/app/page.tsx:6:1
Module not found: Can't resolve '@/components/sections/WhyChooseUs'
  4 | import { CategoryGrid } from "@/components/sections/CategoryGrid";
  5 | import { ServicesSection } from "@/components/sections/ServicesSection";
> 6 | import { WhyChooseUs } from "@/components/sections/WhyChooseUs";
    | ^^^^^^^^^^^^^^^^^^^^^^^^^^^^^^^^^^^^^^^^^^^^^^^^^^^^^^^^^^^^^^^^
  7 |
  8 | export const metadata: Metadata = {
  9 |   title: "Imperial Essence Trading LLC | Luxury Perfumery, Beauty & Duty Free Distribution ...

Import map: aliased to relative './src/components/sections/WhyChooseUs' inside of [project]/

https://nextjs.org/docs/messages/module-not-found @ http://localhost:3000/_next/static/chunks/node_modules_next_dist_1gdrd03._.js:1945
[  218099ms] [ERROR] ./src/app/page.tsx:6:1
Module not found: Can't resolve '@/components/sections/WhyChooseUs'
  4 | import { CategoryGrid } from "@/components/sections/CategoryGrid";
  5 | import { ServicesSection } from "@/components/sections/ServicesSection";
> 6 | import { WhyChooseUs } from "@/components/sections/WhyChooseUs";
    | ^^^^^^^^^^^^^^^^^^^^^^^^^^^^^^^^^^^^^^^^^^^^^^^^^^^^^^^^^^^^^^^^
  7 |
  8 | export const metadata: Metadata = {
  9 |   title: "Imperial Essence Trading LLC | Luxury Perfumery, Beauty & Duty Free Distribution ...

Import map: aliased to relative './src/components/sections/WhyChooseUs' inside of [project]/

https://nextjs.org/docs/messages/module-not-found @ http://localhost:3000/_next/static/chunks/node_modules_next_dist_1gdrd03._.js:1945
[  218149ms] [ERROR] ./src/app/page.tsx:6:1
Module not found: Can't resolve '@/components/sections/WhyChooseUs'
  4 | import { CategoryGrid } from "@/components/sections/CategoryGrid";
  5 | import { ServicesSection } from "@/components/sections/ServicesSection";
> 6 | import { WhyChooseUs } from "@/components/sections/WhyChooseUs";
    | ^^^^^^^^^^^^^^^^^^^^^^^^^^^^^^^^^^^^^^^^^^^^^^^^^^^^^^^^^^^^^^^^
  7 |
  8 | export const metadata: Metadata = {
  9 |   title: "Imperial Essence Trading LLC | Luxury Perfumery, Beauty & Duty Free Distribution ...

Import map: aliased to relative './src/components/sections/WhyChooseUs' inside of [project]/

https://nextjs.org/docs/messages/module-not-found @ http://localhost:3000/_next/static/chunks/node_modules_next_dist_1gdrd03._.js:1945
[  218202ms] [ERROR] ./src/app/page.tsx:6:1
Module not found: Can't resolve '@/components/sections/WhyChooseUs'
  4 | import { CategoryGrid } from "@/components/sections/CategoryGrid";
  5 | import { ServicesSection } from "@/components/sections/ServicesSection";
> 6 | import { WhyChooseUs } from "@/components/sections/WhyChooseUs";
    | ^^^^^^^^^^^^^^^^^^^^^^^^^^^^^^^^^^^^^^^^^^^^^^^^^^^^^^^^^^^^^^^^
  7 |
  8 | export const metadata: Metadata = {
  9 |   title: "Imperial Essence Trading LLC | Luxury Perfumery, Beauty & Duty Free Distribution ...

Import map: aliased to relative './src/components/sections/WhyChooseUs' inside of [project]/

https://nextjs.org/docs/messages/module-not-found @ http://localhost:3000/_next/static/chunks/node_modules_next_dist_1gdrd03._.js:1945
[  218269ms] [ERROR] ./src/app/page.tsx:6:1
Module not found: Can't resolve '@/components/sections/WhyChooseUs'
  4 | import { CategoryGrid } from "@/components/sections/CategoryGrid";
  5 | import { ServicesSection } from "@/components/sections/ServicesSection";
> 6 | import { WhyChooseUs } from "@/components/sections/WhyChooseUs";
    | ^^^^^^^^^^^^^^^^^^^^^^^^^^^^^^^^^^^^^^^^^^^^^^^^^^^^^^^^^^^^^^^^
  7 |
  8 | export const metadata: Metadata = {
  9 |   title: "Imperial Essence Trading LLC | Luxury Perfumery, Beauty & Duty Free Distribution ...

Import map: aliased to relative './src/components/sections/WhyChooseUs' inside of [project]/

https://nextjs.org/docs/messages/module-not-found @ http://localhost:3000/_next/static/chunks/node_modules_next_dist_1gdrd03._.js:1945
[  218322ms] [ERROR] ./src/app/page.tsx:6:1
Module not found: Can't resolve '@/components/sections/WhyChooseUs'
  4 | import { CategoryGrid } from "@/components/sections/CategoryGrid";
  5 | import { ServicesSection } from "@/components/sections/ServicesSection";
> 6 | import { WhyChooseUs } from "@/components/sections/WhyChooseUs";
    | ^^^^^^^^^^^^^^^^^^^^^^^^^^^^^^^^^^^^^^^^^^^^^^^^^^^^^^^^^^^^^^^^
  7 |
  8 | export const metadata: Metadata = {
  9 |   title: "Imperial Essence Trading LLC | Luxury Perfumery, Beauty & Duty Free Distribution ...

Import map: aliased to relative './src/components/sections/WhyChooseUs' inside of [project]/

https://nextjs.org/docs/messages/module-not-found @ http://localhost:3000/_next/static/chunks/node_modules_next_dist_1gdrd03._.js:1945
[  218383ms] [ERROR] ./src/app/page.tsx:6:1
Module not found: Can't resolve '@/components/sections/WhyChooseUs'
  4 | import { CategoryGrid } from "@/components/sections/CategoryGrid";
  5 | import { ServicesSection } from "@/components/sections/ServicesSection";
> 6 | import { WhyChooseUs } from "@/components/sections/WhyChooseUs";
    | ^^^^^^^^^^^^^^^^^^^^^^^^^^^^^^^^^^^^^^^^^^^^^^^^^^^^^^^^^^^^^^^^
  7 |
  8 | export const metadata: Metadata = {
  9 |   title: "Imperial Essence Trading LLC | Luxury Perfumery, Beauty & Duty Free Distribution ...

Import map: aliased to relative './src/components/sections/WhyChooseUs' inside of [project]/

https://nextjs.org/docs/messages/module-not-found @ http://localhost:3000/_next/static/chunks/node_modules_next_dist_1gdrd03._.js:1945
[  218450ms] [ERROR] ./src/app/page.tsx:6:1
Module not found: Can't resolve '@/components/sections/WhyChooseUs'
  4 | import { CategoryGrid } from "@/components/sections/CategoryGrid";
  5 | import { ServicesSection } from "@/components/sections/ServicesSection";
> 6 | import { WhyChooseUs } from "@/components/sections/WhyChooseUs";
    | ^^^^^^^^^^^^^^^^^^^^^^^^^^^^^^^^^^^^^^^^^^^^^^^^^^^^^^^^^^^^^^^^
  7 |
  8 | export const metadata: Metadata = {
  9 |   title: "Imperial Essence Trading LLC | Luxury Perfumery, Beauty & Duty Free Distribution ...

Import map: aliased to relative './src/components/sections/WhyChooseUs' inside of [project]/

https://nextjs.org/docs/messages/module-not-found @ http://localhost:3000/_next/static/chunks/node_modules_next_dist_1gdrd03._.js:1945
[  218515ms] [ERROR] ./src/app/page.tsx:6:1
Module not found: Can't resolve '@/components/sections/WhyChooseUs'
  4 | import { CategoryGrid } from "@/components/sections/CategoryGrid";
  5 | import { ServicesSection } from "@/components/sections/ServicesSection";
> 6 | import { WhyChooseUs } from "@/components/sections/WhyChooseUs";
    | ^^^^^^^^^^^^^^^^^^^^^^^^^^^^^^^^^^^^^^^^^^^^^^^^^^^^^^^^^^^^^^^^
  7 |
  8 | export const metadata: Metadata = {
  9 |   title: "Imperial Essence Trading LLC | Luxury Perfumery, Beauty & Duty Free Distribution ...

Import map: aliased to relative './src/components/sections/WhyChooseUs' inside of [project]/

https://nextjs.org/docs/messages/module-not-found @ http://localhost:3000/_next/static/chunks/node_modules_next_dist_1gdrd03._.js:1945
[  218582ms] [ERROR] ./src/app/page.tsx:6:1
Module not found: Can't resolve '@/components/sections/WhyChooseUs'
  4 | import { CategoryGrid } from "@/components/sections/CategoryGrid";
  5 | import { ServicesSection } from "@/components/sections/ServicesSection";
> 6 | import { WhyChooseUs } from "@/components/sections/WhyChooseUs";
    | ^^^^^^^^^^^^^^^^^^^^^^^^^^^^^^^^^^^^^^^^^^^^^^^^^^^^^^^^^^^^^^^^
  7 |
  8 | export const metadata: Metadata = {
  9 |   title: "Imperial Essence Trading LLC | Luxury Perfumery, Beauty & Duty Free Distribution ...

Import map: aliased to relative './src/components/sections/WhyChooseUs' inside of [project]/

https://nextjs.org/docs/messages/module-not-found @ http://localhost:3000/_next/static/chunks/node_modules_next_dist_1gdrd03._.js:1945
[  218633ms] [ERROR] ./src/app/page.tsx:6:1
Module not found: Can't resolve '@/components/sections/WhyChooseUs'
  4 | import { CategoryGrid } from "@/components/sections/CategoryGrid";
  5 | import { ServicesSection } from "@/components/sections/ServicesSection";
> 6 | import { WhyChooseUs } from "@/components/sections/WhyChooseUs";
    | ^^^^^^^^^^^^^^^^^^^^^^^^^^^^^^^^^^^^^^^^^^^^^^^^^^^^^^^^^^^^^^^^
  7 |
  8 | export const metadata: Metadata = {
  9 |   title: "Imperial Essence Trading LLC | Luxury Perfumery, Beauty & Duty Free Distribution ...

Import map: aliased to relative './src/components/sections/WhyChooseUs' inside of [project]/

https://nextjs.org/docs/messages/module-not-found @ http://localhost:3000/_next/static/chunks/node_modules_next_dist_1gdrd03._.js:1945
[  218681ms] [ERROR] ./src/app/page.tsx:6:1
Module not found: Can't resolve '@/components/sections/WhyChooseUs'
  4 | import { CategoryGrid } from "@/components/sections/CategoryGrid";
  5 | import { ServicesSection } from "@/components/sections/ServicesSection";
> 6 | import { WhyChooseUs } from "@/components/sections/WhyChooseUs";
    | ^^^^^^^^^^^^^^^^^^^^^^^^^^^^^^^^^^^^^^^^^^^^^^^^^^^^^^^^^^^^^^^^
  7 |
  8 | export const metadata: Metadata = {
  9 |   title: "Imperial Essence Trading LLC | Luxury Perfumery, Beauty & Duty Free Distribution ...

Import map: aliased to relative './src/components/sections/WhyChooseUs' inside of [project]/

https://nextjs.org/docs/messages/module-not-found @ http://localhost:3000/_next/static/chunks/node_modules_next_dist_1gdrd03._.js:1945
[  218732ms] [ERROR] ./src/app/page.tsx:6:1
Module not found: Can't resolve '@/components/sections/WhyChooseUs'
  4 | import { CategoryGrid } from "@/components/sections/CategoryGrid";
  5 | import { ServicesSection } from "@/components/sections/ServicesSection";
> 6 | import { WhyChooseUs } from "@/components/sections/WhyChooseUs";
    | ^^^^^^^^^^^^^^^^^^^^^^^^^^^^^^^^^^^^^^^^^^^^^^^^^^^^^^^^^^^^^^^^
  7 |
  8 | export const metadata: Metadata = {
  9 |   title: "Imperial Essence Trading LLC | Luxury Perfumery, Beauty & Duty Free Distribution ...

Import map: aliased to relative './src/components/sections/WhyChooseUs' inside of [project]/

https://nextjs.org/docs/messages/module-not-found @ http://localhost:3000/_next/static/chunks/node_modules_next_dist_1gdrd03._.js:1945
[  218783ms] [ERROR] ./src/app/page.tsx:6:1
Module not found: Can't resolve '@/components/sections/WhyChooseUs'
  4 | import { CategoryGrid } from "@/components/sections/CategoryGrid";
  5 | import { ServicesSection } from "@/components/sections/ServicesSection";
> 6 | import { WhyChooseUs } from "@/components/sections/WhyChooseUs";
    | ^^^^^^^^^^^^^^^^^^^^^^^^^^^^^^^^^^^^^^^^^^^^^^^^^^^^^^^^^^^^^^^^
  7 |
  8 | export const metadata: Metadata = {
  9 |   title: "Imperial Essence Trading LLC | Luxury Perfumery, Beauty & Duty Free Distribution ...

Import map: aliased to relative './src/components/sections/WhyChooseUs' inside of [project]/

https://nextjs.org/docs/messages/module-not-found @ http://localhost:3000/_next/static/chunks/node_modules_next_dist_1gdrd03._.js:1945
[  218848ms] [ERROR] ./src/app/page.tsx:6:1
Module not found: Can't resolve '@/components/sections/WhyChooseUs'
  4 | import { CategoryGrid } from "@/components/sections/CategoryGrid";
  5 | import { ServicesSection } from "@/components/sections/ServicesSection";
> 6 | import { WhyChooseUs } from "@/components/sections/WhyChooseUs";
    | ^^^^^^^^^^^^^^^^^^^^^^^^^^^^^^^^^^^^^^^^^^^^^^^^^^^^^^^^^^^^^^^^
  7 |
  8 | export const metadata: Metadata = {
  9 |   title: "Imperial Essence Trading LLC | Luxury Perfumery, Beauty & Duty Free Distribution ...

Import map: aliased to relative './src/components/sections/WhyChooseUs' inside of [project]/

https://nextjs.org/docs/messages/module-not-found @ http://localhost:3000/_next/static/chunks/node_modules_next_dist_1gdrd03._.js:1945
[  218898ms] [ERROR] ./src/app/page.tsx:6:1
Module not found: Can't resolve '@/components/sections/WhyChooseUs'
  4 | import { CategoryGrid } from "@/components/sections/CategoryGrid";
  5 | import { ServicesSection } from "@/components/sections/ServicesSection";
> 6 | import { WhyChooseUs } from "@/components/sections/WhyChooseUs";
    | ^^^^^^^^^^^^^^^^^^^^^^^^^^^^^^^^^^^^^^^^^^^^^^^^^^^^^^^^^^^^^^^^
  7 |
  8 | export const metadata: Metadata = {
  9 |   title: "Imperial Essence Trading LLC | Luxury Perfumery, Beauty & Duty Free Distribution ...

Import map: aliased to relative './src/components/sections/WhyChooseUs' inside of [project]/

https://nextjs.org/docs/messages/module-not-found @ http://localhost:3000/_next/static/chunks/node_modules_next_dist_1gdrd03._.js:1945
[  218948ms] [ERROR] ./src/app/page.tsx:6:1
Module not found: Can't resolve '@/components/sections/WhyChooseUs'
  4 | import { CategoryGrid } from "@/components/sections/CategoryGrid";
  5 | import { ServicesSection } from "@/components/sections/ServicesSection";
> 6 | import { WhyChooseUs } from "@/components/sections/WhyChooseUs";
    | ^^^^^^^^^^^^^^^^^^^^^^^^^^^^^^^^^^^^^^^^^^^^^^^^^^^^^^^^^^^^^^^^
  7 |
  8 | export const metadata: Metadata = {
  9 |   title: "Imperial Essence Trading LLC | Luxury Perfumery, Beauty & Duty Free Distribution ...

Import map: aliased to relative './src/components/sections/WhyChooseUs' inside of [project]/

https://nextjs.org/docs/messages/module-not-found @ http://localhost:3000/_next/static/chunks/node_modules_next_dist_1gdrd03._.js:1945
[  218999ms] [ERROR] ./src/app/page.tsx:6:1
Module not found: Can't resolve '@/components/sections/WhyChooseUs'
  4 | import { CategoryGrid } from "@/components/sections/CategoryGrid";
  5 | import { ServicesSection } from "@/components/sections/ServicesSection";
> 6 | import { WhyChooseUs } from "@/components/sections/WhyChooseUs";
    | ^^^^^^^^^^^^^^^^^^^^^^^^^^^^^^^^^^^^^^^^^^^^^^^^^^^^^^^^^^^^^^^^
  7 |
  8 | export const metadata: Metadata = {
  9 |   title: "Imperial Essence Trading LLC | Luxury Perfumery, Beauty & Duty Free Distribution ...

Import map: aliased to relative './src/components/sections/WhyChooseUs' inside of [project]/

https://nextjs.org/docs/messages/module-not-found @ http://localhost:3000/_next/static/chunks/node_modules_next_dist_1gdrd03._.js:1945
[  219050ms] [ERROR] ./src/app/page.tsx:6:1
Module not found: Can't resolve '@/components/sections/WhyChooseUs'
  4 | import { CategoryGrid } from "@/components/sections/CategoryGrid";
  5 | import { ServicesSection } from "@/components/sections/ServicesSection";
> 6 | import { WhyChooseUs } from "@/components/sections/WhyChooseUs";
    | ^^^^^^^^^^^^^^^^^^^^^^^^^^^^^^^^^^^^^^^^^^^^^^^^^^^^^^^^^^^^^^^^
  7 |
  8 | export const metadata: Metadata = {
  9 |   title: "Imperial Essence Trading LLC | Luxury Perfumery, Beauty & Duty Free Distribution ...

Import map: aliased to relative './src/components/sections/WhyChooseUs' inside of [project]/

https://nextjs.org/docs/messages/module-not-found @ http://localhost:3000/_next/static/chunks/node_modules_next_dist_1gdrd03._.js:1945
[  219115ms] [ERROR] ./src/app/page.tsx:6:1
Module not found: Can't resolve '@/components/sections/WhyChooseUs'
  4 | import { CategoryGrid } from "@/components/sections/CategoryGrid";
  5 | import { ServicesSection } from "@/components/sections/ServicesSection";
> 6 | import { WhyChooseUs } from "@/components/sections/WhyChooseUs";
    | ^^^^^^^^^^^^^^^^^^^^^^^^^^^^^^^^^^^^^^^^^^^^^^^^^^^^^^^^^^^^^^^^
  7 |
  8 | export const metadata: Metadata = {
  9 |   title: "Imperial Essence Trading LLC | Luxury Perfumery, Beauty & Duty Free Distribution ...

Import map: aliased to relative './src/components/sections/WhyChooseUs' inside of [project]/

https://nextjs.org/docs/messages/module-not-found @ http://localhost:3000/_next/static/chunks/node_modules_next_dist_1gdrd03._.js:1945
[  219170ms] [ERROR] ./src/app/page.tsx:6:1
Module not found: Can't resolve '@/components/sections/WhyChooseUs'
  4 | import { CategoryGrid } from "@/components/sections/CategoryGrid";
  5 | import { ServicesSection } from "@/components/sections/ServicesSection";
> 6 | import { WhyChooseUs } from "@/components/sections/WhyChooseUs";
    | ^^^^^^^^^^^^^^^^^^^^^^^^^^^^^^^^^^^^^^^^^^^^^^^^^^^^^^^^^^^^^^^^
  7 |
  8 | export const metadata: Metadata = {
  9 |   title: "Imperial Essence Trading LLC | Luxury Perfumery, Beauty & Duty Free Distribution ...

Import map: aliased to relative './src/components/sections/WhyChooseUs' inside of [project]/

https://nextjs.org/docs/messages/module-not-found @ http://localhost:3000/_next/static/chunks/node_modules_next_dist_1gdrd03._.js:1945
[  219232ms] [ERROR] ./src/app/page.tsx:6:1
Module not found: Can't resolve '@/components/sections/WhyChooseUs'
  4 | import { CategoryGrid } from "@/components/sections/CategoryGrid";
  5 | import { ServicesSection } from "@/components/sections/ServicesSection";
> 6 | import { WhyChooseUs } from "@/components/sections/WhyChooseUs";
    | ^^^^^^^^^^^^^^^^^^^^^^^^^^^^^^^^^^^^^^^^^^^^^^^^^^^^^^^^^^^^^^^^
  7 |
  8 | export const metadata: Metadata = {
  9 |   title: "Imperial Essence Trading LLC | Luxury Perfumery, Beauty & Duty Free Distribution ...

Import map: aliased to relative './src/components/sections/WhyChooseUs' inside of [project]/

https://nextjs.org/docs/messages/module-not-found @ http://localhost:3000/_next/static/chunks/node_modules_next_dist_1gdrd03._.js:1945
[  219288ms] [ERROR] ./src/app/page.tsx:6:1
Module not found: Can't resolve '@/components/sections/WhyChooseUs'
  4 | import { CategoryGrid } from "@/components/sections/CategoryGrid";
  5 | import { ServicesSection } from "@/components/sections/ServicesSection";
> 6 | import { WhyChooseUs } from "@/components/sections/WhyChooseUs";
    | ^^^^^^^^^^^^^^^^^^^^^^^^^^^^^^^^^^^^^^^^^^^^^^^^^^^^^^^^^^^^^^^^
  7 |
  8 | export const metadata: Metadata = {
  9 |   title: "Imperial Essence Trading LLC | Luxury Perfumery, Beauty & Duty Free Distribution ...

Import map: aliased to relative './src/components/sections/WhyChooseUs' inside of [project]/

https://nextjs.org/docs/messages/module-not-found @ http://localhost:3000/_next/static/chunks/node_modules_next_dist_1gdrd03._.js:1945
[  219336ms] [ERROR] ./src/app/page.tsx:6:1
Module not found: Can't resolve '@/components/sections/WhyChooseUs'
  4 | import { CategoryGrid } from "@/components/sections/CategoryGrid";
  5 | import { ServicesSection } from "@/components/sections/ServicesSection";
> 6 | import { WhyChooseUs } from "@/components/sections/WhyChooseUs";
    | ^^^^^^^^^^^^^^^^^^^^^^^^^^^^^^^^^^^^^^^^^^^^^^^^^^^^^^^^^^^^^^^^
  7 |
  8 | export const metadata: Metadata = {
  9 |   title: "Imperial Essence Trading LLC | Luxury Perfumery, Beauty & Duty Free Distribution ...

Import map: aliased to relative './src/components/sections/WhyChooseUs' inside of [project]/

https://nextjs.org/docs/messages/module-not-found @ http://localhost:3000/_next/static/chunks/node_modules_next_dist_1gdrd03._.js:1945
[  219387ms] [ERROR] ./src/app/page.tsx:6:1
Module not found: Can't resolve '@/components/sections/WhyChooseUs'
  4 | import { CategoryGrid } from "@/components/sections/CategoryGrid";
  5 | import { ServicesSection } from "@/components/sections/ServicesSection";
> 6 | import { WhyChooseUs } from "@/components/sections/WhyChooseUs";
    | ^^^^^^^^^^^^^^^^^^^^^^^^^^^^^^^^^^^^^^^^^^^^^^^^^^^^^^^^^^^^^^^^
  7 |
  8 | export const metadata: Metadata = {
  9 |   title: "Imperial Essence Trading LLC | Luxury Perfumery, Beauty & Duty Free Distribution ...

Import map: aliased to relative './src/components/sections/WhyChooseUs' inside of [project]/

https://nextjs.org/docs/messages/module-not-found @ http://localhost:3000/_next/static/chunks/node_modules_next_dist_1gdrd03._.js:1945
[  219452ms] [ERROR] ./src/app/page.tsx:6:1
Module not found: Can't resolve '@/components/sections/WhyChooseUs'
  4 | import { CategoryGrid } from "@/components/sections/CategoryGrid";
  5 | import { ServicesSection } from "@/components/sections/ServicesSection";
> 6 | import { WhyChooseUs } from "@/components/sections/WhyChooseUs";
    | ^^^^^^^^^^^^^^^^^^^^^^^^^^^^^^^^^^^^^^^^^^^^^^^^^^^^^^^^^^^^^^^^
  7 |
  8 | export const metadata: Metadata = {
  9 |   title: "Imperial Essence Trading LLC | Luxury Perfumery, Beauty & Duty Free Distribution ...

Import map: aliased to relative './src/components/sections/WhyChooseUs' inside of [project]/

https://nextjs.org/docs/messages/module-not-found @ http://localhost:3000/_next/static/chunks/node_modules_next_dist_1gdrd03._.js:1945
[  219513ms] [ERROR] ./src/app/page.tsx:6:1
Module not found: Can't resolve '@/components/sections/WhyChooseUs'
  4 | import { CategoryGrid } from "@/components/sections/CategoryGrid";
  5 | import { ServicesSection } from "@/components/sections/ServicesSection";
> 6 | import { WhyChooseUs } from "@/components/sections/WhyChooseUs";
    | ^^^^^^^^^^^^^^^^^^^^^^^^^^^^^^^^^^^^^^^^^^^^^^^^^^^^^^^^^^^^^^^^
  7 |
  8 | export const metadata: Metadata = {
  9 |   title: "Imperial Essence Trading LLC | Luxury Perfumery, Beauty & Duty Free Distribution ...

Import map: aliased to relative './src/components/sections/WhyChooseUs' inside of [project]/

https://nextjs.org/docs/messages/module-not-found @ http://localhost:3000/_next/static/chunks/node_modules_next_dist_1gdrd03._.js:1945
[  219565ms] [ERROR] ./src/app/page.tsx:6:1
Module not found: Can't resolve '@/components/sections/WhyChooseUs'
  4 | import { CategoryGrid } from "@/components/sections/CategoryGrid";
  5 | import { ServicesSection } from "@/components/sections/ServicesSection";
> 6 | import { WhyChooseUs } from "@/components/sections/WhyChooseUs";
    | ^^^^^^^^^^^^^^^^^^^^^^^^^^^^^^^^^^^^^^^^^^^^^^^^^^^^^^^^^^^^^^^^
  7 |
  8 | export const metadata: Metadata = {
  9 |   title: "Imperial Essence Trading LLC | Luxury Perfumery, Beauty & Duty Free Distribution ...

Import map: aliased to relative './src/components/sections/WhyChooseUs' inside of [project]/

https://nextjs.org/docs/messages/module-not-found @ http://localhost:3000/_next/static/chunks/node_modules_next_dist_1gdrd03._.js:1945
[  219633ms] [ERROR] ./src/app/page.tsx:6:1
Module not found: Can't resolve '@/components/sections/WhyChooseUs'
  4 | import { CategoryGrid } from "@/components/sections/CategoryGrid";
  5 | import { ServicesSection } from "@/components/sections/ServicesSection";
> 6 | import { WhyChooseUs } from "@/components/sections/WhyChooseUs";
    | ^^^^^^^^^^^^^^^^^^^^^^^^^^^^^^^^^^^^^^^^^^^^^^^^^^^^^^^^^^^^^^^^
  7 |
  8 | export const metadata: Metadata = {
  9 |   title: "Imperial Essence Trading LLC | Luxury Perfumery, Beauty & Duty Free Distribution ...

Import map: aliased to relative './src/components/sections/WhyChooseUs' inside of [project]/

https://nextjs.org/docs/messages/module-not-found @ http://localhost:3000/_next/static/chunks/node_modules_next_dist_1gdrd03._.js:1945
[  219698ms] [ERROR] ./src/app/page.tsx:6:1
Module not found: Can't resolve '@/components/sections/WhyChooseUs'
  4 | import { CategoryGrid } from "@/components/sections/CategoryGrid";
  5 | import { ServicesSection } from "@/components/sections/ServicesSection";
> 6 | import { WhyChooseUs } from "@/components/sections/WhyChooseUs";
    | ^^^^^^^^^^^^^^^^^^^^^^^^^^^^^^^^^^^^^^^^^^^^^^^^^^^^^^^^^^^^^^^^
  7 |
  8 | export const metadata: Metadata = {
  9 |   title: "Imperial Essence Trading LLC | Luxury Perfumery, Beauty & Duty Free Distribution ...

Import map: aliased to relative './src/components/sections/WhyChooseUs' inside of [project]/

https://nextjs.org/docs/messages/module-not-found @ http://localhost:3000/_next/static/chunks/node_modules_next_dist_1gdrd03._.js:1945
[  219749ms] [ERROR] ./src/app/page.tsx:6:1
Module not found: Can't resolve '@/components/sections/WhyChooseUs'
  4 | import { CategoryGrid } from "@/components/sections/CategoryGrid";
  5 | import { ServicesSection } from "@/components/sections/ServicesSection";
> 6 | import { WhyChooseUs } from "@/components/sections/WhyChooseUs";
    | ^^^^^^^^^^^^^^^^^^^^^^^^^^^^^^^^^^^^^^^^^^^^^^^^^^^^^^^^^^^^^^^^
  7 |
  8 | export const metadata: Metadata = {
  9 |   title: "Imperial Essence Trading LLC | Luxury Perfumery, Beauty & Duty Free Distribution ...

Import map: aliased to relative './src/components/sections/WhyChooseUs' inside of [project]/

https://nextjs.org/docs/messages/module-not-found @ http://localhost:3000/_next/static/chunks/node_modules_next_dist_1gdrd03._.js:1945
[  219816ms] [ERROR] ./src/app/page.tsx:6:1
Module not found: Can't resolve '@/components/sections/WhyChooseUs'
  4 | import { CategoryGrid } from "@/components/sections/CategoryGrid";
  5 | import { ServicesSection } from "@/components/sections/ServicesSection";
> 6 | import { WhyChooseUs } from "@/components/sections/WhyChooseUs";
    | ^^^^^^^^^^^^^^^^^^^^^^^^^^^^^^^^^^^^^^^^^^^^^^^^^^^^^^^^^^^^^^^^
  7 |
  8 | export const metadata: Metadata = {
  9 |   title: "Imperial Essence Trading LLC | Luxury Perfumery, Beauty & Duty Free Distribution ...

Import map: aliased to relative './src/components/sections/WhyChooseUs' inside of [project]/

https://nextjs.org/docs/messages/module-not-found @ http://localhost:3000/_next/static/chunks/node_modules_next_dist_1gdrd03._.js:1945
[  219865ms] [ERROR] ./src/app/page.tsx:6:1
Module not found: Can't resolve '@/components/sections/WhyChooseUs'
  4 | import { CategoryGrid } from "@/components/sections/CategoryGrid";
  5 | import { ServicesSection } from "@/components/sections/ServicesSection";
> 6 | import { WhyChooseUs } from "@/components/sections/WhyChooseUs";
    | ^^^^^^^^^^^^^^^^^^^^^^^^^^^^^^^^^^^^^^^^^^^^^^^^^^^^^^^^^^^^^^^^
  7 |
  8 | export const metadata: Metadata = {
  9 |   title: "Imperial Essence Trading LLC | Luxury Perfumery, Beauty & Duty Free Distribution ...

Import map: aliased to relative './src/components/sections/WhyChooseUs' inside of [project]/

https://nextjs.org/docs/messages/module-not-found @ http://localhost:3000/_next/static/chunks/node_modules_next_dist_1gdrd03._.js:1945
[  219915ms] [ERROR] ./src/app/page.tsx:6:1
Module not found: Can't resolve '@/components/sections/WhyChooseUs'
  4 | import { CategoryGrid } from "@/components/sections/CategoryGrid";
  5 | import { ServicesSection } from "@/components/sections/ServicesSection";
> 6 | import { WhyChooseUs } from "@/components/sections/WhyChooseUs";
    | ^^^^^^^^^^^^^^^^^^^^^^^^^^^^^^^^^^^^^^^^^^^^^^^^^^^^^^^^^^^^^^^^
  7 |
  8 | export const metadata: Metadata = {
  9 |   title: "Imperial Essence Trading LLC | Luxury Perfumery, Beauty & Duty Free Distribution ...

Import map: aliased to relative './src/components/sections/WhyChooseUs' inside of [project]/

https://nextjs.org/docs/messages/module-not-found @ http://localhost:3000/_next/static/chunks/node_modules_next_dist_1gdrd03._.js:1945
[  219965ms] [ERROR] ./src/app/page.tsx:6:1
Module not found: Can't resolve '@/components/sections/WhyChooseUs'
  4 | import { CategoryGrid } from "@/components/sections/CategoryGrid";
  5 | import { ServicesSection } from "@/components/sections/ServicesSection";
> 6 | import { WhyChooseUs } from "@/components/sections/WhyChooseUs";
    | ^^^^^^^^^^^^^^^^^^^^^^^^^^^^^^^^^^^^^^^^^^^^^^^^^^^^^^^^^^^^^^^^
  7 |
  8 | export const metadata: Metadata = {
  9 |   title: "Imperial Essence Trading LLC | Luxury Perfumery, Beauty & Duty Free Distribution ...

Import map: aliased to relative './src/components/sections/WhyChooseUs' inside of [project]/

https://nextjs.org/docs/messages/module-not-found @ http://localhost:3000/_next/static/chunks/node_modules_next_dist_1gdrd03._.js:1945
[  220015ms] [ERROR] ./src/app/page.tsx:6:1
Module not found: Can't resolve '@/components/sections/WhyChooseUs'
  4 | import { CategoryGrid } from "@/components/sections/CategoryGrid";
  5 | import { ServicesSection } from "@/components/sections/ServicesSection";
> 6 | import { WhyChooseUs } from "@/components/sections/WhyChooseUs";
    | ^^^^^^^^^^^^^^^^^^^^^^^^^^^^^^^^^^^^^^^^^^^^^^^^^^^^^^^^^^^^^^^^
  7 |
  8 | export const metadata: Metadata = {
  9 |   title: "Imperial Essence Trading LLC | Luxury Perfumery, Beauty & Duty Free Distribution ...

Import map: aliased to relative './src/components/sections/WhyChooseUs' inside of [project]/

https://nextjs.org/docs/messages/module-not-found @ http://localhost:3000/_next/static/chunks/node_modules_next_dist_1gdrd03._.js:1945
[  220065ms] [ERROR] ./src/app/page.tsx:6:1
Module not found: Can't resolve '@/components/sections/WhyChooseUs'
  4 | import { CategoryGrid } from "@/components/sections/CategoryGrid";
  5 | import { ServicesSection } from "@/components/sections/ServicesSection";
> 6 | import { WhyChooseUs } from "@/components/sections/WhyChooseUs";
    | ^^^^^^^^^^^^^^^^^^^^^^^^^^^^^^^^^^^^^^^^^^^^^^^^^^^^^^^^^^^^^^^^
  7 |
  8 | export const metadata: Metadata = {
  9 |   title: "Imperial Essence Trading LLC | Luxury Perfumery, Beauty & Duty Free Distribution ...

Import map: aliased to relative './src/components/sections/WhyChooseUs' inside of [project]/

https://nextjs.org/docs/messages/module-not-found @ http://localhost:3000/_next/static/chunks/node_modules_next_dist_1gdrd03._.js:1945
[  220114ms] [ERROR] ./src/app/page.tsx:6:1
Module not found: Can't resolve '@/components/sections/WhyChooseUs'
  4 | import { CategoryGrid } from "@/components/sections/CategoryGrid";
  5 | import { ServicesSection } from "@/components/sections/ServicesSection";
> 6 | import { WhyChooseUs } from "@/components/sections/WhyChooseUs";
    | ^^^^^^^^^^^^^^^^^^^^^^^^^^^^^^^^^^^^^^^^^^^^^^^^^^^^^^^^^^^^^^^^
  7 |
  8 | export const metadata: Metadata = {
  9 |   title: "Imperial Essence Trading LLC | Luxury Perfumery, Beauty & Duty Free Distribution ...

Import map: aliased to relative './src/components/sections/WhyChooseUs' inside of [project]/

https://nextjs.org/docs/messages/module-not-found @ http://localhost:3000/_next/static/chunks/node_modules_next_dist_1gdrd03._.js:1945
[  220166ms] [ERROR] ./src/app/page.tsx:6:1
Module not found: Can't resolve '@/components/sections/WhyChooseUs'
  4 | import { CategoryGrid } from "@/components/sections/CategoryGrid";
  5 | import { ServicesSection } from "@/components/sections/ServicesSection";
> 6 | import { WhyChooseUs } from "@/components/sections/WhyChooseUs";
    | ^^^^^^^^^^^^^^^^^^^^^^^^^^^^^^^^^^^^^^^^^^^^^^^^^^^^^^^^^^^^^^^^
  7 |
  8 | export const metadata: Metadata = {
  9 |   title: "Imperial Essence Trading LLC | Luxury Perfumery, Beauty & Duty Free Distribution ...

Import map: aliased to relative './src/components/sections/WhyChooseUs' inside of [project]/

https://nextjs.org/docs/messages/module-not-found @ http://localhost:3000/_next/static/chunks/node_modules_next_dist_1gdrd03._.js:1945
[  220217ms] [ERROR] ./src/app/page.tsx:6:1
Module not found: Can't resolve '@/components/sections/WhyChooseUs'
  4 | import { CategoryGrid } from "@/components/sections/CategoryGrid";
  5 | import { ServicesSection } from "@/components/sections/ServicesSection";
> 6 | import { WhyChooseUs } from "@/components/sections/WhyChooseUs";
    | ^^^^^^^^^^^^^^^^^^^^^^^^^^^^^^^^^^^^^^^^^^^^^^^^^^^^^^^^^^^^^^^^
  7 |
  8 | export const metadata: Metadata = {
  9 |   title: "Imperial Essence Trading LLC | Luxury Perfumery, Beauty & Duty Free Distribution ...

Import map: aliased to relative './src/components/sections/WhyChooseUs' inside of [project]/

https://nextjs.org/docs/messages/module-not-found @ http://localhost:3000/_next/static/chunks/node_modules_next_dist_1gdrd03._.js:1945
[  220266ms] [ERROR] ./src/app/page.tsx:6:1
Module not found: Can't resolve '@/components/sections/WhyChooseUs'
  4 | import { CategoryGrid } from "@/components/sections/CategoryGrid";
  5 | import { ServicesSection } from "@/components/sections/ServicesSection";
> 6 | import { WhyChooseUs } from "@/components/sections/WhyChooseUs";
    | ^^^^^^^^^^^^^^^^^^^^^^^^^^^^^^^^^^^^^^^^^^^^^^^^^^^^^^^^^^^^^^^^
  7 |
  8 | export const metadata: Metadata = {
  9 |   title: "Imperial Essence Trading LLC | Luxury Perfumery, Beauty & Duty Free Distribution ...

Import map: aliased to relative './src/components/sections/WhyChooseUs' inside of [project]/

https://nextjs.org/docs/messages/module-not-found @ http://localhost:3000/_next/static/chunks/node_modules_next_dist_1gdrd03._.js:1945
[  220316ms] [ERROR] ./src/app/page.tsx:6:1
Module not found: Can't resolve '@/components/sections/WhyChooseUs'
  4 | import { CategoryGrid } from "@/components/sections/CategoryGrid";
  5 | import { ServicesSection } from "@/components/sections/ServicesSection";
> 6 | import { WhyChooseUs } from "@/components/sections/WhyChooseUs";
    | ^^^^^^^^^^^^^^^^^^^^^^^^^^^^^^^^^^^^^^^^^^^^^^^^^^^^^^^^^^^^^^^^
  7 |
  8 | export const metadata: Metadata = {
  9 |   title: "Imperial Essence Trading LLC | Luxury Perfumery, Beauty & Duty Free Distribution ...

Import map: aliased to relative './src/components/sections/WhyChooseUs' inside of [project]/

https://nextjs.org/docs/messages/module-not-found @ http://localhost:3000/_next/static/chunks/node_modules_next_dist_1gdrd03._.js:1945
[  220370ms] [ERROR] ./src/app/page.tsx:6:1
Module not found: Can't resolve '@/components/sections/WhyChooseUs'
  4 | import { CategoryGrid } from "@/components/sections/CategoryGrid";
  5 | import { ServicesSection } from "@/components/sections/ServicesSection";
> 6 | import { WhyChooseUs } from "@/components/sections/WhyChooseUs";
    | ^^^^^^^^^^^^^^^^^^^^^^^^^^^^^^^^^^^^^^^^^^^^^^^^^^^^^^^^^^^^^^^^
  7 |
  8 | export const metadata: Metadata = {
  9 |   title: "Imperial Essence Trading LLC | Luxury Perfumery, Beauty & Duty Free Distribution ...

Import map: aliased to relative './src/components/sections/WhyChooseUs' inside of [project]/

https://nextjs.org/docs/messages/module-not-found @ http://localhost:3000/_next/static/chunks/node_modules_next_dist_1gdrd03._.js:1945
[  220431ms] [ERROR] ./src/app/page.tsx:6:1
Module not found: Can't resolve '@/components/sections/WhyChooseUs'
  4 | import { CategoryGrid } from "@/components/sections/CategoryGrid";
  5 | import { ServicesSection } from "@/components/sections/ServicesSection";
> 6 | import { WhyChooseUs } from "@/components/sections/WhyChooseUs";
    | ^^^^^^^^^^^^^^^^^^^^^^^^^^^^^^^^^^^^^^^^^^^^^^^^^^^^^^^^^^^^^^^^
  7 |
  8 | export const metadata: Metadata = {
  9 |   title: "Imperial Essence Trading LLC | Luxury Perfumery, Beauty & Duty Free Distribution ...

Import map: aliased to relative './src/components/sections/WhyChooseUs' inside of [project]/

https://nextjs.org/docs/messages/module-not-found @ http://localhost:3000/_next/static/chunks/node_modules_next_dist_1gdrd03._.js:1945
[  220484ms] [ERROR] ./src/app/page.tsx:6:1
Module not found: Can't resolve '@/components/sections/WhyChooseUs'
  4 | import { CategoryGrid } from "@/components/sections/CategoryGrid";
  5 | import { ServicesSection } from "@/components/sections/ServicesSection";
> 6 | import { WhyChooseUs } from "@/components/sections/WhyChooseUs";
    | ^^^^^^^^^^^^^^^^^^^^^^^^^^^^^^^^^^^^^^^^^^^^^^^^^^^^^^^^^^^^^^^^
  7 |
  8 | export const metadata: Metadata = {
  9 |   title: "Imperial Essence Trading LLC | Luxury Perfumery, Beauty & Duty Free Distribution ...

Import map: aliased to relative './src/components/sections/WhyChooseUs' inside of [project]/

https://nextjs.org/docs/messages/module-not-found @ http://localhost:3000/_next/static/chunks/node_modules_next_dist_1gdrd03._.js:1945
[  220546ms] [ERROR] ./src/app/page.tsx:6:1
Module not found: Can't resolve '@/components/sections/WhyChooseUs'
  4 | import { CategoryGrid } from "@/components/sections/CategoryGrid";
  5 | import { ServicesSection } from "@/components/sections/ServicesSection";
> 6 | import { WhyChooseUs } from "@/components/sections/WhyChooseUs";
    | ^^^^^^^^^^^^^^^^^^^^^^^^^^^^^^^^^^^^^^^^^^^^^^^^^^^^^^^^^^^^^^^^
  7 |
  8 | export const metadata: Metadata = {
  9 |   title: "Imperial Essence Trading LLC | Luxury Perfumery, Beauty & Duty Free Distribution ...

Import map: aliased to relative './src/components/sections/WhyChooseUs' inside of [project]/

https://nextjs.org/docs/messages/module-not-found @ http://localhost:3000/_next/static/chunks/node_modules_next_dist_1gdrd03._.js:1945
[  220599ms] [ERROR] ./src/app/page.tsx:6:1
Module not found: Can't resolve '@/components/sections/WhyChooseUs'
  4 | import { CategoryGrid } from "@/components/sections/CategoryGrid";
  5 | import { ServicesSection } from "@/components/sections/ServicesSection";
> 6 | import { WhyChooseUs } from "@/components/sections/WhyChooseUs";
    | ^^^^^^^^^^^^^^^^^^^^^^^^^^^^^^^^^^^^^^^^^^^^^^^^^^^^^^^^^^^^^^^^
  7 |
  8 | export const metadata: Metadata = {
  9 |   title: "Imperial Essence Trading LLC | Luxury Perfumery, Beauty & Duty Free Distribution ...

Import map: aliased to relative './src/components/sections/WhyChooseUs' inside of [project]/

https://nextjs.org/docs/messages/module-not-found @ http://localhost:3000/_next/static/chunks/node_modules_next_dist_1gdrd03._.js:1945
[  220659ms] [ERROR] ./src/app/page.tsx:6:1
Module not found: Can't resolve '@/components/sections/WhyChooseUs'
  4 | import { CategoryGrid } from "@/components/sections/CategoryGrid";
  5 | import { ServicesSection } from "@/components/sections/ServicesSection";
> 6 | import { WhyChooseUs } from "@/components/sections/WhyChooseUs";
    | ^^^^^^^^^^^^^^^^^^^^^^^^^^^^^^^^^^^^^^^^^^^^^^^^^^^^^^^^^^^^^^^^
  7 |
  8 | export const metadata: Metadata = {
  9 |   title: "Imperial Essence Trading LLC | Luxury Perfumery, Beauty & Duty Free Distribution ...

Import map: aliased to relative './src/components/sections/WhyChooseUs' inside of [project]/

https://nextjs.org/docs/messages/module-not-found @ http://localhost:3000/_next/static/chunks/node_modules_next_dist_1gdrd03._.js:1945
[  220714ms] [ERROR] ./src/app/page.tsx:6:1
Module not found: Can't resolve '@/components/sections/WhyChooseUs'
  4 | import { CategoryGrid } from "@/components/sections/CategoryGrid";
  5 | import { ServicesSection } from "@/components/sections/ServicesSection";
> 6 | import { WhyChooseUs } from "@/components/sections/WhyChooseUs";
    | ^^^^^^^^^^^^^^^^^^^^^^^^^^^^^^^^^^^^^^^^^^^^^^^^^^^^^^^^^^^^^^^^
  7 |
  8 | export const metadata: Metadata = {
  9 |   title: "Imperial Essence Trading LLC | Luxury Perfumery, Beauty & Duty Free Distribution ...

Import map: aliased to relative './src/components/sections/WhyChooseUs' inside of [project]/

https://nextjs.org/docs/messages/module-not-found @ http://localhost:3000/_next/static/chunks/node_modules_next_dist_1gdrd03._.js:1945
[  220766ms] [ERROR] ./src/app/page.tsx:6:1
Module not found: Can't resolve '@/components/sections/WhyChooseUs'
  4 | import { CategoryGrid } from "@/components/sections/CategoryGrid";
  5 | import { ServicesSection } from "@/components/sections/ServicesSection";
> 6 | import { WhyChooseUs } from "@/components/sections/WhyChooseUs";
    | ^^^^^^^^^^^^^^^^^^^^^^^^^^^^^^^^^^^^^^^^^^^^^^^^^^^^^^^^^^^^^^^^
  7 |
  8 | export const metadata: Metadata = {
  9 |   title: "Imperial Essence Trading LLC | Luxury Perfumery, Beauty & Duty Free Distribution ...

Import map: aliased to relative './src/components/sections/WhyChooseUs' inside of [project]/

https://nextjs.org/docs/messages/module-not-found @ http://localhost:3000/_next/static/chunks/node_modules_next_dist_1gdrd03._.js:1945
[  220821ms] [ERROR] ./src/app/page.tsx:6:1
Module not found: Can't resolve '@/components/sections/WhyChooseUs'
  4 | import { CategoryGrid } from "@/components/sections/CategoryGrid";
  5 | import { ServicesSection } from "@/components/sections/ServicesSection";
> 6 | import { WhyChooseUs } from "@/components/sections/WhyChooseUs";
    | ^^^^^^^^^^^^^^^^^^^^^^^^^^^^^^^^^^^^^^^^^^^^^^^^^^^^^^^^^^^^^^^^
  7 |
  8 | export const metadata: Metadata = {
  9 |   title: "Imperial Essence Trading LLC | Luxury Perfumery, Beauty & Duty Free Distribution ...

Import map: aliased to relative './src/components/sections/WhyChooseUs' inside of [project]/

https://nextjs.org/docs/messages/module-not-found @ http://localhost:3000/_next/static/chunks/node_modules_next_dist_1gdrd03._.js:1945
[  220881ms] [ERROR] ./src/app/page.tsx:6:1
Module not found: Can't resolve '@/components/sections/WhyChooseUs'
  4 | import { CategoryGrid } from "@/components/sections/CategoryGrid";
  5 | import { ServicesSection } from "@/components/sections/ServicesSection";
> 6 | import { WhyChooseUs } from "@/components/sections/WhyChooseUs";
    | ^^^^^^^^^^^^^^^^^^^^^^^^^^^^^^^^^^^^^^^^^^^^^^^^^^^^^^^^^^^^^^^^
  7 |
  8 | export const metadata: Metadata = {
  9 |   title: "Imperial Essence Trading LLC | Luxury Perfumery, Beauty & Duty Free Distribution ...

Import map: aliased to relative './src/components/sections/WhyChooseUs' inside of [project]/

https://nextjs.org/docs/messages/module-not-found @ http://localhost:3000/_next/static/chunks/node_modules_next_dist_1gdrd03._.js:1945
[  220947ms] [ERROR] ./src/app/page.tsx:6:1
Module not found: Can't resolve '@/components/sections/WhyChooseUs'
  4 | import { CategoryGrid } from "@/components/sections/CategoryGrid";
  5 | import { ServicesSection } from "@/components/sections/ServicesSection";
> 6 | import { WhyChooseUs } from "@/components/sections/WhyChooseUs";
    | ^^^^^^^^^^^^^^^^^^^^^^^^^^^^^^^^^^^^^^^^^^^^^^^^^^^^^^^^^^^^^^^^
  7 |
  8 | export const metadata: Metadata = {
  9 |   title: "Imperial Essence Trading LLC | Luxury Perfumery, Beauty & Duty Free Distribution ...

Import map: aliased to relative './src/components/sections/WhyChooseUs' inside of [project]/

https://nextjs.org/docs/messages/module-not-found @ http://localhost:3000/_next/static/chunks/node_modules_next_dist_1gdrd03._.js:1945
[  221016ms] [ERROR] ./src/app/page.tsx:6:1
Module not found: Can't resolve '@/components/sections/WhyChooseUs'
  4 | import { CategoryGrid } from "@/components/sections/CategoryGrid";
  5 | import { ServicesSection } from "@/components/sections/ServicesSection";
> 6 | import { WhyChooseUs } from "@/components/sections/WhyChooseUs";
    | ^^^^^^^^^^^^^^^^^^^^^^^^^^^^^^^^^^^^^^^^^^^^^^^^^^^^^^^^^^^^^^^^
  7 |
  8 | export const metadata: Metadata = {
  9 |   title: "Imperial Essence Trading LLC | Luxury Perfumery, Beauty & Duty Free Distribution ...

Import map: aliased to relative './src/components/sections/WhyChooseUs' inside of [project]/

https://nextjs.org/docs/messages/module-not-found @ http://localhost:3000/_next/static/chunks/node_modules_next_dist_1gdrd03._.js:1945
[  221067ms] [ERROR] ./src/app/page.tsx:6:1
Module not found: Can't resolve '@/components/sections/WhyChooseUs'
  4 | import { CategoryGrid } from "@/components/sections/CategoryGrid";
  5 | import { ServicesSection } from "@/components/sections/ServicesSection";
> 6 | import { WhyChooseUs } from "@/components/sections/WhyChooseUs";
    | ^^^^^^^^^^^^^^^^^^^^^^^^^^^^^^^^^^^^^^^^^^^^^^^^^^^^^^^^^^^^^^^^
  7 |
  8 | export const metadata: Metadata = {
  9 |   title: "Imperial Essence Trading LLC | Luxury Perfumery, Beauty & Duty Free Distribution ...

Import map: aliased to relative './src/components/sections/WhyChooseUs' inside of [project]/

https://nextjs.org/docs/messages/module-not-found @ http://localhost:3000/_next/static/chunks/node_modules_next_dist_1gdrd03._.js:1945
[  221132ms] [ERROR] ./src/app/page.tsx:6:1
Module not found: Can't resolve '@/components/sections/WhyChooseUs'
  4 | import { CategoryGrid } from "@/components/sections/CategoryGrid";
  5 | import { ServicesSection } from "@/components/sections/ServicesSection";
> 6 | import { WhyChooseUs } from "@/components/sections/WhyChooseUs";
    | ^^^^^^^^^^^^^^^^^^^^^^^^^^^^^^^^^^^^^^^^^^^^^^^^^^^^^^^^^^^^^^^^
  7 |
  8 | export const metadata: Metadata = {
  9 |   title: "Imperial Essence Trading LLC | Luxury Perfumery, Beauty & Duty Free Distribution ...

Import map: aliased to relative './src/components/sections/WhyChooseUs' inside of [project]/

https://nextjs.org/docs/messages/module-not-found @ http://localhost:3000/_next/static/chunks/node_modules_next_dist_1gdrd03._.js:1945
[  221183ms] [ERROR] ./src/app/page.tsx:6:1
Module not found: Can't resolve '@/components/sections/WhyChooseUs'
  4 | import { CategoryGrid } from "@/components/sections/CategoryGrid";
  5 | import { ServicesSection } from "@/components/sections/ServicesSection";
> 6 | import { WhyChooseUs } from "@/components/sections/WhyChooseUs";
    | ^^^^^^^^^^^^^^^^^^^^^^^^^^^^^^^^^^^^^^^^^^^^^^^^^^^^^^^^^^^^^^^^
  7 |
  8 | export const metadata: Metadata = {
  9 |   title: "Imperial Essence Trading LLC | Luxury Perfumery, Beauty & Duty Free Distribution ...

Import map: aliased to relative './src/components/sections/WhyChooseUs' inside of [project]/

https://nextjs.org/docs/messages/module-not-found @ http://localhost:3000/_next/static/chunks/node_modules_next_dist_1gdrd03._.js:1945
[  221247ms] [ERROR] ./src/app/page.tsx:6:1
Module not found: Can't resolve '@/components/sections/WhyChooseUs'
  4 | import { CategoryGrid } from "@/components/sections/CategoryGrid";
  5 | import { ServicesSection } from "@/components/sections/ServicesSection";
> 6 | import { WhyChooseUs } from "@/components/sections/WhyChooseUs";
    | ^^^^^^^^^^^^^^^^^^^^^^^^^^^^^^^^^^^^^^^^^^^^^^^^^^^^^^^^^^^^^^^^
  7 |
  8 | export const metadata: Metadata = {
  9 |   title: "Imperial Essence Trading LLC | Luxury Perfumery, Beauty & Duty Free Distribution ...

Import map: aliased to relative './src/components/sections/WhyChooseUs' inside of [project]/

https://nextjs.org/docs/messages/module-not-found @ http://localhost:3000/_next/static/chunks/node_modules_next_dist_1gdrd03._.js:1945
[  221298ms] [ERROR] ./src/app/page.tsx:6:1
Module not found: Can't resolve '@/components/sections/WhyChooseUs'
  4 | import { CategoryGrid } from "@/components/sections/CategoryGrid";
  5 | import { ServicesSection } from "@/components/sections/ServicesSection";
> 6 | import { WhyChooseUs } from "@/components/sections/WhyChooseUs";
    | ^^^^^^^^^^^^^^^^^^^^^^^^^^^^^^^^^^^^^^^^^^^^^^^^^^^^^^^^^^^^^^^^
  7 |
  8 | export const metadata: Metadata = {
  9 |   title: "Imperial Essence Trading LLC | Luxury Perfumery, Beauty & Duty Free Distribution ...

Import map: aliased to relative './src/components/sections/WhyChooseUs' inside of [project]/

https://nextjs.org/docs/messages/module-not-found @ http://localhost:3000/_next/static/chunks/node_modules_next_dist_1gdrd03._.js:1945
[  221349ms] [ERROR] ./src/app/page.tsx:6:1
Module not found: Can't resolve '@/components/sections/WhyChooseUs'
  4 | import { CategoryGrid } from "@/components/sections/CategoryGrid";
  5 | import { ServicesSection } from "@/components/sections/ServicesSection";
> 6 | import { WhyChooseUs } from "@/components/sections/WhyChooseUs";
    | ^^^^^^^^^^^^^^^^^^^^^^^^^^^^^^^^^^^^^^^^^^^^^^^^^^^^^^^^^^^^^^^^
  7 |
  8 | export const metadata: Metadata = {
  9 |   title: "Imperial Essence Trading LLC | Luxury Perfumery, Beauty & Duty Free Distribution ...

Import map: aliased to relative './src/components/sections/WhyChooseUs' inside of [project]/

https://nextjs.org/docs/messages/module-not-found @ http://localhost:3000/_next/static/chunks/node_modules_next_dist_1gdrd03._.js:1945
[  221416ms] [ERROR] ./src/app/page.tsx:6:1
Module not found: Can't resolve '@/components/sections/WhyChooseUs'
  4 | import { CategoryGrid } from "@/components/sections/CategoryGrid";
  5 | import { ServicesSection } from "@/components/sections/ServicesSection";
> 6 | import { WhyChooseUs } from "@/components/sections/WhyChooseUs";
    | ^^^^^^^^^^^^^^^^^^^^^^^^^^^^^^^^^^^^^^^^^^^^^^^^^^^^^^^^^^^^^^^^
  7 |
  8 | export const metadata: Metadata = {
  9 |   title: "Imperial Essence Trading LLC | Luxury Perfumery, Beauty & Duty Free Distribution ...

Import map: aliased to relative './src/components/sections/WhyChooseUs' inside of [project]/

https://nextjs.org/docs/messages/module-not-found @ http://localhost:3000/_next/static/chunks/node_modules_next_dist_1gdrd03._.js:1945
[  221467ms] [ERROR] ./src/app/page.tsx:6:1
Module not found: Can't resolve '@/components/sections/WhyChooseUs'
  4 | import { CategoryGrid } from "@/components/sections/CategoryGrid";
  5 | import { ServicesSection } from "@/components/sections/ServicesSection";
> 6 | import { WhyChooseUs } from "@/components/sections/WhyChooseUs";
    | ^^^^^^^^^^^^^^^^^^^^^^^^^^^^^^^^^^^^^^^^^^^^^^^^^^^^^^^^^^^^^^^^
  7 |
  8 | export const metadata: Metadata = {
  9 |   title: "Imperial Essence Trading LLC | Luxury Perfumery, Beauty & Duty Free Distribution ...

Import map: aliased to relative './src/components/sections/WhyChooseUs' inside of [project]/

https://nextjs.org/docs/messages/module-not-found @ http://localhost:3000/_next/static/chunks/node_modules_next_dist_1gdrd03._.js:1945
[  221516ms] [ERROR] ./src/app/page.tsx:6:1
Module not found: Can't resolve '@/components/sections/WhyChooseUs'
  4 | import { CategoryGrid } from "@/components/sections/CategoryGrid";
  5 | import { ServicesSection } from "@/components/sections/ServicesSection";
> 6 | import { WhyChooseUs } from "@/components/sections/WhyChooseUs";
    | ^^^^^^^^^^^^^^^^^^^^^^^^^^^^^^^^^^^^^^^^^^^^^^^^^^^^^^^^^^^^^^^^
  7 |
  8 | export const metadata: Metadata = {
  9 |   title: "Imperial Essence Trading LLC | Luxury Perfumery, Beauty & Duty Free Distribution ...

Import map: aliased to relative './src/components/sections/WhyChooseUs' inside of [project]/

https://nextjs.org/docs/messages/module-not-found @ http://localhost:3000/_next/static/chunks/node_modules_next_dist_1gdrd03._.js:1945
[  221565ms] [ERROR] ./src/app/page.tsx:6:1
Module not found: Can't resolve '@/components/sections/WhyChooseUs'
  4 | import { CategoryGrid } from "@/components/sections/CategoryGrid";
  5 | import { ServicesSection } from "@/components/sections/ServicesSection";
> 6 | import { WhyChooseUs } from "@/components/sections/WhyChooseUs";
    | ^^^^^^^^^^^^^^^^^^^^^^^^^^^^^^^^^^^^^^^^^^^^^^^^^^^^^^^^^^^^^^^^
  7 |
  8 | export const metadata: Metadata = {
  9 |   title: "Imperial Essence Trading LLC | Luxury Perfumery, Beauty & Duty Free Distribution ...

Import map: aliased to relative './src/components/sections/WhyChooseUs' inside of [project]/

https://nextjs.org/docs/messages/module-not-found @ http://localhost:3000/_next/static/chunks/node_modules_next_dist_1gdrd03._.js:1945
[  221629ms] [ERROR] ./src/app/page.tsx:6:1
Module not found: Can't resolve '@/components/sections/WhyChooseUs'
  4 | import { CategoryGrid } from "@/components/sections/CategoryGrid";
  5 | import { ServicesSection } from "@/components/sections/ServicesSection";
> 6 | import { WhyChooseUs } from "@/components/sections/WhyChooseUs";
    | ^^^^^^^^^^^^^^^^^^^^^^^^^^^^^^^^^^^^^^^^^^^^^^^^^^^^^^^^^^^^^^^^
  7 |
  8 | export const metadata: Metadata = {
  9 |   title: "Imperial Essence Trading LLC | Luxury Perfumery, Beauty & Duty Free Distribution ...

Import map: aliased to relative './src/components/sections/WhyChooseUs' inside of [project]/

https://nextjs.org/docs/messages/module-not-found @ http://localhost:3000/_next/static/chunks/node_modules_next_dist_1gdrd03._.js:1945
[  221682ms] [ERROR] ./src/app/page.tsx:6:1
Module not found: Can't resolve '@/components/sections/WhyChooseUs'
  4 | import { CategoryGrid } from "@/components/sections/CategoryGrid";
  5 | import { ServicesSection } from "@/components/sections/ServicesSection";
> 6 | import { WhyChooseUs } from "@/components/sections/WhyChooseUs";
    | ^^^^^^^^^^^^^^^^^^^^^^^^^^^^^^^^^^^^^^^^^^^^^^^^^^^^^^^^^^^^^^^^
  7 |
  8 | export const metadata: Metadata = {
  9 |   title: "Imperial Essence Trading LLC | Luxury Perfumery, Beauty & Duty Free Distribution ...

Import map: aliased to relative './src/components/sections/WhyChooseUs' inside of [project]/

https://nextjs.org/docs/messages/module-not-found @ http://localhost:3000/_next/static/chunks/node_modules_next_dist_1gdrd03._.js:1945
[  221731ms] [ERROR] ./src/app/page.tsx:6:1
Module not found: Can't resolve '@/components/sections/WhyChooseUs'
  4 | import { CategoryGrid } from "@/components/sections/CategoryGrid";
  5 | import { ServicesSection } from "@/components/sections/ServicesSection";
> 6 | import { WhyChooseUs } from "@/components/sections/WhyChooseUs";
    | ^^^^^^^^^^^^^^^^^^^^^^^^^^^^^^^^^^^^^^^^^^^^^^^^^^^^^^^^^^^^^^^^
  7 |
  8 | export const metadata: Metadata = {
  9 |   title: "Imperial Essence Trading LLC | Luxury Perfumery, Beauty & Duty Free Distribution ...

Import map: aliased to relative './src/components/sections/WhyChooseUs' inside of [project]/

https://nextjs.org/docs/messages/module-not-found @ http://localhost:3000/_next/static/chunks/node_modules_next_dist_1gdrd03._.js:1945
[  221783ms] [ERROR] ./src/app/page.tsx:6:1
Module not found: Can't resolve '@/components/sections/WhyChooseUs'
  4 | import { CategoryGrid } from "@/components/sections/CategoryGrid";
  5 | import { ServicesSection } from "@/components/sections/ServicesSection";
> 6 | import { WhyChooseUs } from "@/components/sections/WhyChooseUs";
    | ^^^^^^^^^^^^^^^^^^^^^^^^^^^^^^^^^^^^^^^^^^^^^^^^^^^^^^^^^^^^^^^^
  7 |
  8 | export const metadata: Metadata = {
  9 |   title: "Imperial Essence Trading LLC | Luxury Perfumery, Beauty & Duty Free Distribution ...

Import map: aliased to relative './src/components/sections/WhyChooseUs' inside of [project]/

https://nextjs.org/docs/messages/module-not-found @ http://localhost:3000/_next/static/chunks/node_modules_next_dist_1gdrd03._.js:1945
[  221849ms] [ERROR] ./src/app/page.tsx:6:1
Module not found: Can't resolve '@/components/sections/WhyChooseUs'
  4 | import { CategoryGrid } from "@/components/sections/CategoryGrid";
  5 | import { ServicesSection } from "@/components/sections/ServicesSection";
> 6 | import { WhyChooseUs } from "@/components/sections/WhyChooseUs";
    | ^^^^^^^^^^^^^^^^^^^^^^^^^^^^^^^^^^^^^^^^^^^^^^^^^^^^^^^^^^^^^^^^
  7 |
  8 | export const metadata: Metadata = {
  9 |   title: "Imperial Essence Trading LLC | Luxury Perfumery, Beauty & Duty Free Distribution ...

Import map: aliased to relative './src/components/sections/WhyChooseUs' inside of [project]/

https://nextjs.org/docs/messages/module-not-found @ http://localhost:3000/_next/static/chunks/node_modules_next_dist_1gdrd03._.js:1945
[  221939ms] [ERROR] ./src/app/page.tsx:6:1
Module not found: Can't resolve '@/components/sections/WhyChooseUs'
  4 | import { CategoryGrid } from "@/components/sections/CategoryGrid";
  5 | import { ServicesSection } from "@/components/sections/ServicesSection";
> 6 | import { WhyChooseUs } from "@/components/sections/WhyChooseUs";
    | ^^^^^^^^^^^^^^^^^^^^^^^^^^^^^^^^^^^^^^^^^^^^^^^^^^^^^^^^^^^^^^^^
  7 |
  8 | export const metadata: Metadata = {
  9 |   title: "Imperial Essence Trading LLC | Luxury Perfumery, Beauty & Duty Free Distribution ...

Import map: aliased to relative './src/components/sections/WhyChooseUs' inside of [project]/

https://nextjs.org/docs/messages/module-not-found @ http://localhost:3000/_next/static/chunks/node_modules_next_dist_1gdrd03._.js:1945
[  222001ms] [LOG] [Fast Refresh] rebuilding @ http://localhost:3000/_next/static/chunks/node_modules_next_dist_1gdrd03._.js:1226
[  222220ms] [ERROR] ./src/app/page.tsx:6:1
Module not found: Can't resolve '@/components/sections/WhyChooseUs'
  4 | import { CategoryGrid } from "@/components/sections/CategoryGrid";
  5 | import { ServicesSection } from "@/components/sections/ServicesSection";
> 6 | import { WhyChooseUs } from "@/components/sections/WhyChooseUs";
    | ^^^^^^^^^^^^^^^^^^^^^^^^^^^^^^^^^^^^^^^^^^^^^^^^^^^^^^^^^^^^^^^^
  7 |
  8 | export const metadata: Metadata = {
  9 |   title: "Imperial Essence Trading LLC | Luxury Perfumery, Beauty & Duty Free Distribution ...

Import map: aliased to relative './src/components/sections/WhyChooseUs' inside of [project]/

https://nextjs.org/docs/messages/module-not-found @ http://localhost:3000/_next/static/chunks/node_modules_next_dist_1gdrd03._.js:1945
[  222278ms] [ERROR] ./src/app/page.tsx:6:1
Module not found: Can't resolve '@/components/sections/WhyChooseUs'
  4 | import { CategoryGrid } from "@/components/sections/CategoryGrid";
  5 | import { ServicesSection } from "@/components/sections/ServicesSection";
> 6 | import { WhyChooseUs } from "@/components/sections/WhyChooseUs";
    | ^^^^^^^^^^^^^^^^^^^^^^^^^^^^^^^^^^^^^^^^^^^^^^^^^^^^^^^^^^^^^^^^
  7 |
  8 | export const metadata: Metadata = {
  9 |   title: "Imperial Essence Trading LLC | Luxury Perfumery, Beauty & Duty Free Distribution ...

Import map: aliased to relative './src/components/sections/WhyChooseUs' inside of [project]/

https://nextjs.org/docs/messages/module-not-found @ http://localhost:3000/_next/static/chunks/node_modules_next_dist_1gdrd03._.js:1945
[  222332ms] [ERROR] ./src/app/page.tsx:6:1
Module not found: Can't resolve '@/components/sections/WhyChooseUs'
  4 | import { CategoryGrid } from "@/components/sections/CategoryGrid";
  5 | import { ServicesSection } from "@/components/sections/ServicesSection";
> 6 | import { WhyChooseUs } from "@/components/sections/WhyChooseUs";
    | ^^^^^^^^^^^^^^^^^^^^^^^^^^^^^^^^^^^^^^^^^^^^^^^^^^^^^^^^^^^^^^^^
  7 |
  8 | export const metadata: Metadata = {
  9 |   title: "Imperial Essence Trading LLC | Luxury Perfumery, Beauty & Duty Free Distribution ...

Import map: aliased to relative './src/components/sections/WhyChooseUs' inside of [project]/

https://nextjs.org/docs/messages/module-not-found @ http://localhost:3000/_next/static/chunks/node_modules_next_dist_1gdrd03._.js:1945
[  222383ms] [ERROR] ./src/app/page.tsx:6:1
Module not found: Can't resolve '@/components/sections/WhyChooseUs'
  4 | import { CategoryGrid } from "@/components/sections/CategoryGrid";
  5 | import { ServicesSection } from "@/components/sections/ServicesSection";
> 6 | import { WhyChooseUs } from "@/components/sections/WhyChooseUs";
    | ^^^^^^^^^^^^^^^^^^^^^^^^^^^^^^^^^^^^^^^^^^^^^^^^^^^^^^^^^^^^^^^^
  7 |
  8 | export const metadata: Metadata = {
  9 |   title: "Imperial Essence Trading LLC | Luxury Perfumery, Beauty & Duty Free Distribution ...

Import map: aliased to relative './src/components/sections/WhyChooseUs' inside of [project]/

https://nextjs.org/docs/messages/module-not-found @ http://localhost:3000/_next/static/chunks/node_modules_next_dist_1gdrd03._.js:1945
[  222433ms] [ERROR] ./src/app/page.tsx:6:1
Module not found: Can't resolve '@/components/sections/WhyChooseUs'
  4 | import { CategoryGrid } from "@/components/sections/CategoryGrid";
  5 | import { ServicesSection } from "@/components/sections/ServicesSection";
> 6 | import { WhyChooseUs } from "@/components/sections/WhyChooseUs";
    | ^^^^^^^^^^^^^^^^^^^^^^^^^^^^^^^^^^^^^^^^^^^^^^^^^^^^^^^^^^^^^^^^
  7 |
  8 | export const metadata: Metadata = {
  9 |   title: "Imperial Essence Trading LLC | Luxury Perfumery, Beauty & Duty Free Distribution ...

Import map: aliased to relative './src/components/sections/WhyChooseUs' inside of [project]/

https://nextjs.org/docs/messages/module-not-found @ http://localhost:3000/_next/static/chunks/node_modules_next_dist_1gdrd03._.js:1945
[  222484ms] [ERROR] ./src/app/page.tsx:6:1
Module not found: Can't resolve '@/components/sections/WhyChooseUs'
  4 | import { CategoryGrid } from "@/components/sections/CategoryGrid";
  5 | import { ServicesSection } from "@/components/sections/ServicesSection";
> 6 | import { WhyChooseUs } from "@/components/sections/WhyChooseUs";
    | ^^^^^^^^^^^^^^^^^^^^^^^^^^^^^^^^^^^^^^^^^^^^^^^^^^^^^^^^^^^^^^^^
  7 |
  8 | export const metadata: Metadata = {
  9 |   title: "Imperial Essence Trading LLC | Luxury Perfumery, Beauty & Duty Free Distribution ...

Import map: aliased to relative './src/components/sections/WhyChooseUs' inside of [project]/

https://nextjs.org/docs/messages/module-not-found @ http://localhost:3000/_next/static/chunks/node_modules_next_dist_1gdrd03._.js:1945
[  222534ms] [ERROR] ./src/app/page.tsx:6:1
Module not found: Can't resolve '@/components/sections/WhyChooseUs'
  4 | import { CategoryGrid } from "@/components/sections/CategoryGrid";
  5 | import { ServicesSection } from "@/components/sections/ServicesSection";
> 6 | import { WhyChooseUs } from "@/components/sections/WhyChooseUs";
    | ^^^^^^^^^^^^^^^^^^^^^^^^^^^^^^^^^^^^^^^^^^^^^^^^^^^^^^^^^^^^^^^^
  7 |
  8 | export const metadata: Metadata = {
  9 |   title: "Imperial Essence Trading LLC | Luxury Perfumery, Beauty & Duty Free Distribution ...

Import map: aliased to relative './src/components/sections/WhyChooseUs' inside of [project]/

https://nextjs.org/docs/messages/module-not-found @ http://localhost:3000/_next/static/chunks/node_modules_next_dist_1gdrd03._.js:1945
[  222639ms] [LOG] [Fast Refresh] rebuilding @ http://localhost:3000/_next/static/chunks/node_modules_next_dist_1gdrd03._.js:1226
[  222817ms] [ERROR] ./src/app/page.tsx:6:1
Module not found: Can't resolve '@/components/sections/WhyChooseUs'
  4 | import { CategoryGrid } from "@/components/sections/CategoryGrid";
  5 | import { ServicesSection } from "@/components/sections/ServicesSection";
> 6 | import { WhyChooseUs } from "@/components/sections/WhyChooseUs";
    | ^^^^^^^^^^^^^^^^^^^^^^^^^^^^^^^^^^^^^^^^^^^^^^^^^^^^^^^^^^^^^^^^
  7 |
  8 | export const metadata: Metadata = {
  9 |   title: "Imperial Essence Trading LLC | Luxury Perfumery, Beauty & Duty Free Distribution ...

Import map: aliased to relative './src/components/sections/WhyChooseUs' inside of [project]/

https://nextjs.org/docs/messages/module-not-found @ http://localhost:3000/_next/static/chunks/node_modules_next_dist_1gdrd03._.js:1945
[  222889ms] [ERROR] ./src/app/page.tsx:6:1
Module not found: Can't resolve '@/components/sections/WhyChooseUs'
  4 | import { CategoryGrid } from "@/components/sections/CategoryGrid";
  5 | import { ServicesSection } from "@/components/sections/ServicesSection";
> 6 | import { WhyChooseUs } from "@/components/sections/WhyChooseUs";
    | ^^^^^^^^^^^^^^^^^^^^^^^^^^^^^^^^^^^^^^^^^^^^^^^^^^^^^^^^^^^^^^^^
  7 |
  8 | export const metadata: Metadata = {
  9 |   title: "Imperial Essence Trading LLC | Luxury Perfumery, Beauty & Duty Free Distribution ...

Import map: aliased to relative './src/components/sections/WhyChooseUs' inside of [project]/

https://nextjs.org/docs/messages/module-not-found @ http://localhost:3000/_next/static/chunks/node_modules_next_dist_1gdrd03._.js:1945
[  222947ms] [ERROR] ./src/app/page.tsx:6:1
Module not found: Can't resolve '@/components/sections/WhyChooseUs'
  4 | import { CategoryGrid } from "@/components/sections/CategoryGrid";
  5 | import { ServicesSection } from "@/components/sections/ServicesSection";
> 6 | import { WhyChooseUs } from "@/components/sections/WhyChooseUs";
    | ^^^^^^^^^^^^^^^^^^^^^^^^^^^^^^^^^^^^^^^^^^^^^^^^^^^^^^^^^^^^^^^^
  7 |
  8 | export const metadata: Metadata = {
  9 |   title: "Imperial Essence Trading LLC | Luxury Perfumery, Beauty & Duty Free Distribution ...

Import map: aliased to relative './src/components/sections/WhyChooseUs' inside of [project]/

https://nextjs.org/docs/messages/module-not-found @ http://localhost:3000/_next/static/chunks/node_modules_next_dist_1gdrd03._.js:1945
[  223022ms] [ERROR] ./src/app/page.tsx:6:1
Module not found: Can't resolve '@/components/sections/WhyChooseUs'
  4 | import { CategoryGrid } from "@/components/sections/CategoryGrid";
  5 | import { ServicesSection } from "@/components/sections/ServicesSection";
> 6 | import { WhyChooseUs } from "@/components/sections/WhyChooseUs";
    | ^^^^^^^^^^^^^^^^^^^^^^^^^^^^^^^^^^^^^^^^^^^^^^^^^^^^^^^^^^^^^^^^
  7 |
  8 | export const metadata: Metadata = {
  9 |   title: "Imperial Essence Trading LLC | Luxury Perfumery, Beauty & Duty Free Distribution ...

Import map: aliased to relative './src/components/sections/WhyChooseUs' inside of [project]/

https://nextjs.org/docs/messages/module-not-found @ http://localhost:3000/_next/static/chunks/node_modules_next_dist_1gdrd03._.js:1945
[  223082ms] [ERROR] ./src/app/page.tsx:6:1
Module not found: Can't resolve '@/components/sections/WhyChooseUs'
  4 | import { CategoryGrid } from "@/components/sections/CategoryGrid";
  5 | import { ServicesSection } from "@/components/sections/ServicesSection";
> 6 | import { WhyChooseUs } from "@/components/sections/WhyChooseUs";
    | ^^^^^^^^^^^^^^^^^^^^^^^^^^^^^^^^^^^^^^^^^^^^^^^^^^^^^^^^^^^^^^^^
  7 |
  8 | export const metadata: Metadata = {
  9 |   title: "Imperial Essence Trading LLC | Luxury Perfumery, Beauty & Duty Free Distribution ...

Import map: aliased to relative './src/components/sections/WhyChooseUs' inside of [project]/

https://nextjs.org/docs/messages/module-not-found @ http://localhost:3000/_next/static/chunks/node_modules_next_dist_1gdrd03._.js:1945
[  223151ms] [ERROR] ./src/app/page.tsx:6:1
Module not found: Can't resolve '@/components/sections/WhyChooseUs'
  4 | import { CategoryGrid } from "@/components/sections/CategoryGrid";
  5 | import { ServicesSection } from "@/components/sections/ServicesSection";
> 6 | import { WhyChooseUs } from "@/components/sections/WhyChooseUs";
    | ^^^^^^^^^^^^^^^^^^^^^^^^^^^^^^^^^^^^^^^^^^^^^^^^^^^^^^^^^^^^^^^^
  7 |
  8 | export const metadata: Metadata = {
  9 |   title: "Imperial Essence Trading LLC | Luxury Perfumery, Beauty & Duty Free Distribution ...

Import map: aliased to relative './src/components/sections/WhyChooseUs' inside of [project]/

https://nextjs.org/docs/messages/module-not-found @ http://localhost:3000/_next/static/chunks/node_modules_next_dist_1gdrd03._.js:1945
[  223221ms] [ERROR] ./src/app/page.tsx:6:1
Module not found: Can't resolve '@/components/sections/WhyChooseUs'
  4 | import { CategoryGrid } from "@/components/sections/CategoryGrid";
  5 | import { ServicesSection } from "@/components/sections/ServicesSection";
> 6 | import { WhyChooseUs } from "@/components/sections/WhyChooseUs";
    | ^^^^^^^^^^^^^^^^^^^^^^^^^^^^^^^^^^^^^^^^^^^^^^^^^^^^^^^^^^^^^^^^
  7 |
  8 | export const metadata: Metadata = {
  9 |   title: "Imperial Essence Trading LLC | Luxury Perfumery, Beauty & Duty Free Distribution ...

Import map: aliased to relative './src/components/sections/WhyChooseUs' inside of [project]/

https://nextjs.org/docs/messages/module-not-found @ http://localhost:3000/_next/static/chunks/node_modules_next_dist_1gdrd03._.js:1945
[  223283ms] [ERROR] ./src/app/page.tsx:6:1
Module not found: Can't resolve '@/components/sections/WhyChooseUs'
  4 | import { CategoryGrid } from "@/components/sections/CategoryGrid";
  5 | import { ServicesSection } from "@/components/sections/ServicesSection";
> 6 | import { WhyChooseUs } from "@/components/sections/WhyChooseUs";
    | ^^^^^^^^^^^^^^^^^^^^^^^^^^^^^^^^^^^^^^^^^^^^^^^^^^^^^^^^^^^^^^^^
  7 |
  8 | export const metadata: Metadata = {
  9 |   title: "Imperial Essence Trading LLC | Luxury Perfumery, Beauty & Duty Free Distribution ...

Import map: aliased to relative './src/components/sections/WhyChooseUs' inside of [project]/

https://nextjs.org/docs/messages/module-not-found @ http://localhost:3000/_next/static/chunks/node_modules_next_dist_1gdrd03._.js:1945
[  223344ms] [ERROR] ./src/app/page.tsx:6:1
Module not found: Can't resolve '@/components/sections/WhyChooseUs'
  4 | import { CategoryGrid } from "@/components/sections/CategoryGrid";
  5 | import { ServicesSection } from "@/components/sections/ServicesSection";
> 6 | import { WhyChooseUs } from "@/components/sections/WhyChooseUs";
    | ^^^^^^^^^^^^^^^^^^^^^^^^^^^^^^^^^^^^^^^^^^^^^^^^^^^^^^^^^^^^^^^^
  7 |
  8 | export const metadata: Metadata = {
  9 |   title: "Imperial Essence Trading LLC | Luxury Perfumery, Beauty & Duty Free Distribution ...

Import map: aliased to relative './src/components/sections/WhyChooseUs' inside of [project]/

https://nextjs.org/docs/messages/module-not-found @ http://localhost:3000/_next/static/chunks/node_modules_next_dist_1gdrd03._.js:1945
[  223404ms] [ERROR] ./src/app/page.tsx:6:1
Module not found: Can't resolve '@/components/sections/WhyChooseUs'
  4 | import { CategoryGrid } from "@/components/sections/CategoryGrid";
  5 | import { ServicesSection } from "@/components/sections/ServicesSection";
> 6 | import { WhyChooseUs } from "@/components/sections/WhyChooseUs";
    | ^^^^^^^^^^^^^^^^^^^^^^^^^^^^^^^^^^^^^^^^^^^^^^^^^^^^^^^^^^^^^^^^
  7 |
  8 | export const metadata: Metadata = {
  9 |   title: "Imperial Essence Trading LLC | Luxury Perfumery, Beauty & Duty Free Distribution ...

Import map: aliased to relative './src/components/sections/WhyChooseUs' inside of [project]/

https://nextjs.org/docs/messages/module-not-found @ http://localhost:3000/_next/static/chunks/node_modules_next_dist_1gdrd03._.js:1945
[  223468ms] [ERROR] ./src/app/page.tsx:6:1
Module not found: Can't resolve '@/components/sections/WhyChooseUs'
  4 | import { CategoryGrid } from "@/components/sections/CategoryGrid";
  5 | import { ServicesSection } from "@/components/sections/ServicesSection";
> 6 | import { WhyChooseUs } from "@/components/sections/WhyChooseUs";
    | ^^^^^^^^^^^^^^^^^^^^^^^^^^^^^^^^^^^^^^^^^^^^^^^^^^^^^^^^^^^^^^^^
  7 |
  8 | export const metadata: Metadata = {
  9 |   title: "Imperial Essence Trading LLC | Luxury Perfumery, Beauty & Duty Free Distribution ...

Import map: aliased to relative './src/components/sections/WhyChooseUs' inside of [project]/

https://nextjs.org/docs/messages/module-not-found @ http://localhost:3000/_next/static/chunks/node_modules_next_dist_1gdrd03._.js:1945
[  223527ms] [ERROR] ./src/app/page.tsx:6:1
Module not found: Can't resolve '@/components/sections/WhyChooseUs'
  4 | import { CategoryGrid } from "@/components/sections/CategoryGrid";
  5 | import { ServicesSection } from "@/components/sections/ServicesSection";
> 6 | import { WhyChooseUs } from "@/components/sections/WhyChooseUs";
    | ^^^^^^^^^^^^^^^^^^^^^^^^^^^^^^^^^^^^^^^^^^^^^^^^^^^^^^^^^^^^^^^^
  7 |
  8 | export const metadata: Metadata = {
  9 |   title: "Imperial Essence Trading LLC | Luxury Perfumery, Beauty & Duty Free Distribution ...

Import map: aliased to relative './src/components/sections/WhyChooseUs' inside of [project]/

https://nextjs.org/docs/messages/module-not-found @ http://localhost:3000/_next/static/chunks/node_modules_next_dist_1gdrd03._.js:1945
[  223589ms] [ERROR] ./src/app/page.tsx:6:1
Module not found: Can't resolve '@/components/sections/WhyChooseUs'
  4 | import { CategoryGrid } from "@/components/sections/CategoryGrid";
  5 | import { ServicesSection } from "@/components/sections/ServicesSection";
> 6 | import { WhyChooseUs } from "@/components/sections/WhyChooseUs";
    | ^^^^^^^^^^^^^^^^^^^^^^^^^^^^^^^^^^^^^^^^^^^^^^^^^^^^^^^^^^^^^^^^
  7 |
  8 | export const metadata: Metadata = {
  9 |   title: "Imperial Essence Trading LLC | Luxury Perfumery, Beauty & Duty Free Distribution ...

Import map: aliased to relative './src/components/sections/WhyChooseUs' inside of [project]/

https://nextjs.org/docs/messages/module-not-found @ http://localhost:3000/_next/static/chunks/node_modules_next_dist_1gdrd03._.js:1945
[  223652ms] [ERROR] ./src/app/page.tsx:6:1
Module not found: Can't resolve '@/components/sections/WhyChooseUs'
  4 | import { CategoryGrid } from "@/components/sections/CategoryGrid";
  5 | import { ServicesSection } from "@/components/sections/ServicesSection";
> 6 | import { WhyChooseUs } from "@/components/sections/WhyChooseUs";
    | ^^^^^^^^^^^^^^^^^^^^^^^^^^^^^^^^^^^^^^^^^^^^^^^^^^^^^^^^^^^^^^^^
  7 |
  8 | export const metadata: Metadata = {
  9 |   title: "Imperial Essence Trading LLC | Luxury Perfumery, Beauty & Duty Free Distribution ...

Import map: aliased to relative './src/components/sections/WhyChooseUs' inside of [project]/

https://nextjs.org/docs/messages/module-not-found @ http://localhost:3000/_next/static/chunks/node_modules_next_dist_1gdrd03._.js:1945
[  223712ms] [ERROR] ./src/app/page.tsx:6:1
Module not found: Can't resolve '@/components/sections/WhyChooseUs'
  4 | import { CategoryGrid } from "@/components/sections/CategoryGrid";
  5 | import { ServicesSection } from "@/components/sections/ServicesSection";
> 6 | import { WhyChooseUs } from "@/components/sections/WhyChooseUs";
    | ^^^^^^^^^^^^^^^^^^^^^^^^^^^^^^^^^^^^^^^^^^^^^^^^^^^^^^^^^^^^^^^^
  7 |
  8 | export const metadata: Metadata = {
  9 |   title: "Imperial Essence Trading LLC | Luxury Perfumery, Beauty & Duty Free Distribution ...

Import map: aliased to relative './src/components/sections/WhyChooseUs' inside of [project]/

https://nextjs.org/docs/messages/module-not-found @ http://localhost:3000/_next/static/chunks/node_modules_next_dist_1gdrd03._.js:1945
[  223774ms] [ERROR] ./src/app/page.tsx:6:1
Module not found: Can't resolve '@/components/sections/WhyChooseUs'
  4 | import { CategoryGrid } from "@/components/sections/CategoryGrid";
  5 | import { ServicesSection } from "@/components/sections/ServicesSection";
> 6 | import { WhyChooseUs } from "@/components/sections/WhyChooseUs";
    | ^^^^^^^^^^^^^^^^^^^^^^^^^^^^^^^^^^^^^^^^^^^^^^^^^^^^^^^^^^^^^^^^
  7 |
  8 | export const metadata: Metadata = {
  9 |   title: "Imperial Essence Trading LLC | Luxury Perfumery, Beauty & Duty Free Distribution ...

Import map: aliased to relative './src/components/sections/WhyChooseUs' inside of [project]/

https://nextjs.org/docs/messages/module-not-found @ http://localhost:3000/_next/static/chunks/node_modules_next_dist_1gdrd03._.js:1945
[  223838ms] [ERROR] ./src/app/page.tsx:6:1
Module not found: Can't resolve '@/components/sections/WhyChooseUs'
  4 | import { CategoryGrid } from "@/components/sections/CategoryGrid";
  5 | import { ServicesSection } from "@/components/sections/ServicesSection";
> 6 | import { WhyChooseUs } from "@/components/sections/WhyChooseUs";
    | ^^^^^^^^^^^^^^^^^^^^^^^^^^^^^^^^^^^^^^^^^^^^^^^^^^^^^^^^^^^^^^^^
  7 |
  8 | export const metadata: Metadata = {
  9 |   title: "Imperial Essence Trading LLC | Luxury Perfumery, Beauty & Duty Free Distribution ...

Import map: aliased to relative './src/components/sections/WhyChooseUs' inside of [project]/

https://nextjs.org/docs/messages/module-not-found @ http://localhost:3000/_next/static/chunks/node_modules_next_dist_1gdrd03._.js:1945
[  223899ms] [ERROR] ./src/app/page.tsx:6:1
Module not found: Can't resolve '@/components/sections/WhyChooseUs'
  4 | import { CategoryGrid } from "@/components/sections/CategoryGrid";
  5 | import { ServicesSection } from "@/components/sections/ServicesSection";
> 6 | import { WhyChooseUs } from "@/components/sections/WhyChooseUs";
    | ^^^^^^^^^^^^^^^^^^^^^^^^^^^^^^^^^^^^^^^^^^^^^^^^^^^^^^^^^^^^^^^^
  7 |
  8 | export const metadata: Metadata = {
  9 |   title: "Imperial Essence Trading LLC | Luxury Perfumery, Beauty & Duty Free Distribution ...

Import map: aliased to relative './src/components/sections/WhyChooseUs' inside of [project]/

https://nextjs.org/docs/messages/module-not-found @ http://localhost:3000/_next/static/chunks/node_modules_next_dist_1gdrd03._.js:1945
[  223961ms] [ERROR] ./src/app/page.tsx:6:1
Module not found: Can't resolve '@/components/sections/WhyChooseUs'
  4 | import { CategoryGrid } from "@/components/sections/CategoryGrid";
  5 | import { ServicesSection } from "@/components/sections/ServicesSection";
> 6 | import { WhyChooseUs } from "@/components/sections/WhyChooseUs";
    | ^^^^^^^^^^^^^^^^^^^^^^^^^^^^^^^^^^^^^^^^^^^^^^^^^^^^^^^^^^^^^^^^
  7 |
  8 | export const metadata: Metadata = {
  9 |   title: "Imperial Essence Trading LLC | Luxury Perfumery, Beauty & Duty Free Distribution ...

Import map: aliased to relative './src/components/sections/WhyChooseUs' inside of [project]/

https://nextjs.org/docs/messages/module-not-found @ http://localhost:3000/_next/static/chunks/node_modules_next_dist_1gdrd03._.js:1945
[  224022ms] [ERROR] ./src/app/page.tsx:6:1
Module not found: Can't resolve '@/components/sections/WhyChooseUs'
  4 | import { CategoryGrid } from "@/components/sections/CategoryGrid";
  5 | import { ServicesSection } from "@/components/sections/ServicesSection";
> 6 | import { WhyChooseUs } from "@/components/sections/WhyChooseUs";
    | ^^^^^^^^^^^^^^^^^^^^^^^^^^^^^^^^^^^^^^^^^^^^^^^^^^^^^^^^^^^^^^^^
  7 |
  8 | export const metadata: Metadata = {
  9 |   title: "Imperial Essence Trading LLC | Luxury Perfumery, Beauty & Duty Free Distribution ...

Import map: aliased to relative './src/components/sections/WhyChooseUs' inside of [project]/

https://nextjs.org/docs/messages/module-not-found @ http://localhost:3000/_next/static/chunks/node_modules_next_dist_1gdrd03._.js:1945
[  224087ms] [ERROR] ./src/app/page.tsx:6:1
Module not found: Can't resolve '@/components/sections/WhyChooseUs'
  4 | import { CategoryGrid } from "@/components/sections/CategoryGrid";
  5 | import { ServicesSection } from "@/components/sections/ServicesSection";
> 6 | import { WhyChooseUs } from "@/components/sections/WhyChooseUs";
    | ^^^^^^^^^^^^^^^^^^^^^^^^^^^^^^^^^^^^^^^^^^^^^^^^^^^^^^^^^^^^^^^^
  7 |
  8 | export const metadata: Metadata = {
  9 |   title: "Imperial Essence Trading LLC | Luxury Perfumery, Beauty & Duty Free Distribution ...

Import map: aliased to relative './src/components/sections/WhyChooseUs' inside of [project]/

https://nextjs.org/docs/messages/module-not-found @ http://localhost:3000/_next/static/chunks/node_modules_next_dist_1gdrd03._.js:1945
[  224146ms] [ERROR] ./src/app/page.tsx:6:1
Module not found: Can't resolve '@/components/sections/WhyChooseUs'
  4 | import { CategoryGrid } from "@/components/sections/CategoryGrid";
  5 | import { ServicesSection } from "@/components/sections/ServicesSection";
> 6 | import { WhyChooseUs } from "@/components/sections/WhyChooseUs";
    | ^^^^^^^^^^^^^^^^^^^^^^^^^^^^^^^^^^^^^^^^^^^^^^^^^^^^^^^^^^^^^^^^
  7 |
  8 | export const metadata: Metadata = {
  9 |   title: "Imperial Essence Trading LLC | Luxury Perfumery, Beauty & Duty Free Distribution ...

Import map: aliased to relative './src/components/sections/WhyChooseUs' inside of [project]/

https://nextjs.org/docs/messages/module-not-found @ http://localhost:3000/_next/static/chunks/node_modules_next_dist_1gdrd03._.js:1945
[  224206ms] [ERROR] ./src/app/page.tsx:6:1
Module not found: Can't resolve '@/components/sections/WhyChooseUs'
  4 | import { CategoryGrid } from "@/components/sections/CategoryGrid";
  5 | import { ServicesSection } from "@/components/sections/ServicesSection";
> 6 | import { WhyChooseUs } from "@/components/sections/WhyChooseUs";
    | ^^^^^^^^^^^^^^^^^^^^^^^^^^^^^^^^^^^^^^^^^^^^^^^^^^^^^^^^^^^^^^^^
  7 |
  8 | export const metadata: Metadata = {
  9 |   title: "Imperial Essence Trading LLC | Luxury Perfumery, Beauty & Duty Free Distribution ...

Import map: aliased to relative './src/components/sections/WhyChooseUs' inside of [project]/

https://nextjs.org/docs/messages/module-not-found @ http://localhost:3000/_next/static/chunks/node_modules_next_dist_1gdrd03._.js:1945
[  224268ms] [ERROR] ./src/app/page.tsx:6:1
Module not found: Can't resolve '@/components/sections/WhyChooseUs'
  4 | import { CategoryGrid } from "@/components/sections/CategoryGrid";
  5 | import { ServicesSection } from "@/components/sections/ServicesSection";
> 6 | import { WhyChooseUs } from "@/components/sections/WhyChooseUs";
    | ^^^^^^^^^^^^^^^^^^^^^^^^^^^^^^^^^^^^^^^^^^^^^^^^^^^^^^^^^^^^^^^^
  7 |
  8 | export const metadata: Metadata = {
  9 |   title: "Imperial Essence Trading LLC | Luxury Perfumery, Beauty & Duty Free Distribution ...

Import map: aliased to relative './src/components/sections/WhyChooseUs' inside of [project]/

https://nextjs.org/docs/messages/module-not-found @ http://localhost:3000/_next/static/chunks/node_modules_next_dist_1gdrd03._.js:1945
[  224330ms] [ERROR] ./src/app/page.tsx:6:1
Module not found: Can't resolve '@/components/sections/WhyChooseUs'
  4 | import { CategoryGrid } from "@/components/sections/CategoryGrid";
  5 | import { ServicesSection } from "@/components/sections/ServicesSection";
> 6 | import { WhyChooseUs } from "@/components/sections/WhyChooseUs";
    | ^^^^^^^^^^^^^^^^^^^^^^^^^^^^^^^^^^^^^^^^^^^^^^^^^^^^^^^^^^^^^^^^
  7 |
  8 | export const metadata: Metadata = {
  9 |   title: "Imperial Essence Trading LLC | Luxury Perfumery, Beauty & Duty Free Distribution ...

Import map: aliased to relative './src/components/sections/WhyChooseUs' inside of [project]/

https://nextjs.org/docs/messages/module-not-found @ http://localhost:3000/_next/static/chunks/node_modules_next_dist_1gdrd03._.js:1945
[  224391ms] [ERROR] ./src/app/page.tsx:6:1
Module not found: Can't resolve '@/components/sections/WhyChooseUs'
  4 | import { CategoryGrid } from "@/components/sections/CategoryGrid";
  5 | import { ServicesSection } from "@/components/sections/ServicesSection";
> 6 | import { WhyChooseUs } from "@/components/sections/WhyChooseUs";
    | ^^^^^^^^^^^^^^^^^^^^^^^^^^^^^^^^^^^^^^^^^^^^^^^^^^^^^^^^^^^^^^^^
  7 |
  8 | export const metadata: Metadata = {
  9 |   title: "Imperial Essence Trading LLC | Luxury Perfumery, Beauty & Duty Free Distribution ...

Import map: aliased to relative './src/components/sections/WhyChooseUs' inside of [project]/

https://nextjs.org/docs/messages/module-not-found @ http://localhost:3000/_next/static/chunks/node_modules_next_dist_1gdrd03._.js:1945
[  224454ms] [ERROR] ./src/app/page.tsx:6:1
Module not found: Can't resolve '@/components/sections/WhyChooseUs'
  4 | import { CategoryGrid } from "@/components/sections/CategoryGrid";
  5 | import { ServicesSection } from "@/components/sections/ServicesSection";
> 6 | import { WhyChooseUs } from "@/components/sections/WhyChooseUs";
    | ^^^^^^^^^^^^^^^^^^^^^^^^^^^^^^^^^^^^^^^^^^^^^^^^^^^^^^^^^^^^^^^^
  7 |
  8 | export const metadata: Metadata = {
  9 |   title: "Imperial Essence Trading LLC | Luxury Perfumery, Beauty & Duty Free Distribution ...

Import map: aliased to relative './src/components/sections/WhyChooseUs' inside of [project]/

https://nextjs.org/docs/messages/module-not-found @ http://localhost:3000/_next/static/chunks/node_modules_next_dist_1gdrd03._.js:1945
[  224516ms] [ERROR] ./src/app/page.tsx:6:1
Module not found: Can't resolve '@/components/sections/WhyChooseUs'
  4 | import { CategoryGrid } from "@/components/sections/CategoryGrid";
  5 | import { ServicesSection } from "@/components/sections/ServicesSection";
> 6 | import { WhyChooseUs } from "@/components/sections/WhyChooseUs";
    | ^^^^^^^^^^^^^^^^^^^^^^^^^^^^^^^^^^^^^^^^^^^^^^^^^^^^^^^^^^^^^^^^
  7 |
  8 | export const metadata: Metadata = {
  9 |   title: "Imperial Essence Trading LLC | Luxury Perfumery, Beauty & Duty Free Distribution ...

Import map: aliased to relative './src/components/sections/WhyChooseUs' inside of [project]/

https://nextjs.org/docs/messages/module-not-found @ http://localhost:3000/_next/static/chunks/node_modules_next_dist_1gdrd03._.js:1945
[  224578ms] [ERROR] ./src/app/page.tsx:6:1
Module not found: Can't resolve '@/components/sections/WhyChooseUs'
  4 | import { CategoryGrid } from "@/components/sections/CategoryGrid";
  5 | import { ServicesSection } from "@/components/sections/ServicesSection";
> 6 | import { WhyChooseUs } from "@/components/sections/WhyChooseUs";
    | ^^^^^^^^^^^^^^^^^^^^^^^^^^^^^^^^^^^^^^^^^^^^^^^^^^^^^^^^^^^^^^^^
  7 |
  8 | export const metadata: Metadata = {
  9 |   title: "Imperial Essence Trading LLC | Luxury Perfumery, Beauty & Duty Free Distribution ...

Import map: aliased to relative './src/components/sections/WhyChooseUs' inside of [project]/

https://nextjs.org/docs/messages/module-not-found @ http://localhost:3000/_next/static/chunks/node_modules_next_dist_1gdrd03._.js:1945
[  224639ms] [ERROR] ./src/app/page.tsx:6:1
Module not found: Can't resolve '@/components/sections/WhyChooseUs'
  4 | import { CategoryGrid } from "@/components/sections/CategoryGrid";
  5 | import { ServicesSection } from "@/components/sections/ServicesSection";
> 6 | import { WhyChooseUs } from "@/components/sections/WhyChooseUs";
    | ^^^^^^^^^^^^^^^^^^^^^^^^^^^^^^^^^^^^^^^^^^^^^^^^^^^^^^^^^^^^^^^^
  7 |
  8 | export const metadata: Metadata = {
  9 |   title: "Imperial Essence Trading LLC | Luxury Perfumery, Beauty & Duty Free Distribution ...

Import map: aliased to relative './src/components/sections/WhyChooseUs' inside of [project]/

https://nextjs.org/docs/messages/module-not-found @ http://localhost:3000/_next/static/chunks/node_modules_next_dist_1gdrd03._.js:1945
[  224701ms] [ERROR] ./src/app/page.tsx:6:1
Module not found: Can't resolve '@/components/sections/WhyChooseUs'
  4 | import { CategoryGrid } from "@/components/sections/CategoryGrid";
  5 | import { ServicesSection } from "@/components/sections/ServicesSection";
> 6 | import { WhyChooseUs } from "@/components/sections/WhyChooseUs";
    | ^^^^^^^^^^^^^^^^^^^^^^^^^^^^^^^^^^^^^^^^^^^^^^^^^^^^^^^^^^^^^^^^
  7 |
  8 | export const metadata: Metadata = {
  9 |   title: "Imperial Essence Trading LLC | Luxury Perfumery, Beauty & Duty Free Distribution ...

Import map: aliased to relative './src/components/sections/WhyChooseUs' inside of [project]/

https://nextjs.org/docs/messages/module-not-found @ http://localhost:3000/_next/static/chunks/node_modules_next_dist_1gdrd03._.js:1945
[  224763ms] [ERROR] ./src/app/page.tsx:6:1
Module not found: Can't resolve '@/components/sections/WhyChooseUs'
  4 | import { CategoryGrid } from "@/components/sections/CategoryGrid";
  5 | import { ServicesSection } from "@/components/sections/ServicesSection";
> 6 | import { WhyChooseUs } from "@/components/sections/WhyChooseUs";
    | ^^^^^^^^^^^^^^^^^^^^^^^^^^^^^^^^^^^^^^^^^^^^^^^^^^^^^^^^^^^^^^^^
  7 |
  8 | export const metadata: Metadata = {
  9 |   title: "Imperial Essence Trading LLC | Luxury Perfumery, Beauty & Duty Free Distribution ...

Import map: aliased to relative './src/components/sections/WhyChooseUs' inside of [project]/

https://nextjs.org/docs/messages/module-not-found @ http://localhost:3000/_next/static/chunks/node_modules_next_dist_1gdrd03._.js:1945
[  224826ms] [ERROR] ./src/app/page.tsx:6:1
Module not found: Can't resolve '@/components/sections/WhyChooseUs'
  4 | import { CategoryGrid } from "@/components/sections/CategoryGrid";
  5 | import { ServicesSection } from "@/components/sections/ServicesSection";
> 6 | import { WhyChooseUs } from "@/components/sections/WhyChooseUs";
    | ^^^^^^^^^^^^^^^^^^^^^^^^^^^^^^^^^^^^^^^^^^^^^^^^^^^^^^^^^^^^^^^^
  7 |
  8 | export const metadata: Metadata = {
  9 |   title: "Imperial Essence Trading LLC | Luxury Perfumery, Beauty & Duty Free Distribution ...

Import map: aliased to relative './src/components/sections/WhyChooseUs' inside of [project]/

https://nextjs.org/docs/messages/module-not-found @ http://localhost:3000/_next/static/chunks/node_modules_next_dist_1gdrd03._.js:1945
[  224888ms] [ERROR] ./src/app/page.tsx:6:1
Module not found: Can't resolve '@/components/sections/WhyChooseUs'
  4 | import { CategoryGrid } from "@/components/sections/CategoryGrid";
  5 | import { ServicesSection } from "@/components/sections/ServicesSection";
> 6 | import { WhyChooseUs } from "@/components/sections/WhyChooseUs";
    | ^^^^^^^^^^^^^^^^^^^^^^^^^^^^^^^^^^^^^^^^^^^^^^^^^^^^^^^^^^^^^^^^
  7 |
  8 | export const metadata: Metadata = {
  9 |   title: "Imperial Essence Trading LLC | Luxury Perfumery, Beauty & Duty Free Distribution ...

Import map: aliased to relative './src/components/sections/WhyChooseUs' inside of [project]/

https://nextjs.org/docs/messages/module-not-found @ http://localhost:3000/_next/static/chunks/node_modules_next_dist_1gdrd03._.js:1945
[  224948ms] [ERROR] ./src/app/page.tsx:6:1
Module not found: Can't resolve '@/components/sections/WhyChooseUs'
  4 | import { CategoryGrid } from "@/components/sections/CategoryGrid";
  5 | import { ServicesSection } from "@/components/sections/ServicesSection";
> 6 | import { WhyChooseUs } from "@/components/sections/WhyChooseUs";
    | ^^^^^^^^^^^^^^^^^^^^^^^^^^^^^^^^^^^^^^^^^^^^^^^^^^^^^^^^^^^^^^^^
  7 |
  8 | export const metadata: Metadata = {
  9 |   title: "Imperial Essence Trading LLC | Luxury Perfumery, Beauty & Duty Free Distribution ...

Import map: aliased to relative './src/components/sections/WhyChooseUs' inside of [project]/

https://nextjs.org/docs/messages/module-not-found @ http://localhost:3000/_next/static/chunks/node_modules_next_dist_1gdrd03._.js:1945
[  225009ms] [ERROR] ./src/app/page.tsx:6:1
Module not found: Can't resolve '@/components/sections/WhyChooseUs'
  4 | import { CategoryGrid } from "@/components/sections/CategoryGrid";
  5 | import { ServicesSection } from "@/components/sections/ServicesSection";
> 6 | import { WhyChooseUs } from "@/components/sections/WhyChooseUs";
    | ^^^^^^^^^^^^^^^^^^^^^^^^^^^^^^^^^^^^^^^^^^^^^^^^^^^^^^^^^^^^^^^^
  7 |
  8 | export const metadata: Metadata = {
  9 |   title: "Imperial Essence Trading LLC | Luxury Perfumery, Beauty & Duty Free Distribution ...

Import map: aliased to relative './src/components/sections/WhyChooseUs' inside of [project]/

https://nextjs.org/docs/messages/module-not-found @ http://localhost:3000/_next/static/chunks/node_modules_next_dist_1gdrd03._.js:1945
[  225072ms] [ERROR] ./src/app/page.tsx:6:1
Module not found: Can't resolve '@/components/sections/WhyChooseUs'
  4 | import { CategoryGrid } from "@/components/sections/CategoryGrid";
  5 | import { ServicesSection } from "@/components/sections/ServicesSection";
> 6 | import { WhyChooseUs } from "@/components/sections/WhyChooseUs";
    | ^^^^^^^^^^^^^^^^^^^^^^^^^^^^^^^^^^^^^^^^^^^^^^^^^^^^^^^^^^^^^^^^
  7 |
  8 | export const metadata: Metadata = {
  9 |   title: "Imperial Essence Trading LLC | Luxury Perfumery, Beauty & Duty Free Distribution ...

Import map: aliased to relative './src/components/sections/WhyChooseUs' inside of [project]/

https://nextjs.org/docs/messages/module-not-found @ http://localhost:3000/_next/static/chunks/node_modules_next_dist_1gdrd03._.js:1945
[  225132ms] [ERROR] ./src/app/page.tsx:6:1
Module not found: Can't resolve '@/components/sections/WhyChooseUs'
  4 | import { CategoryGrid } from "@/components/sections/CategoryGrid";
  5 | import { ServicesSection } from "@/components/sections/ServicesSection";
> 6 | import { WhyChooseUs } from "@/components/sections/WhyChooseUs";
    | ^^^^^^^^^^^^^^^^^^^^^^^^^^^^^^^^^^^^^^^^^^^^^^^^^^^^^^^^^^^^^^^^
  7 |
  8 | export const metadata: Metadata = {
  9 |   title: "Imperial Essence Trading LLC | Luxury Perfumery, Beauty & Duty Free Distribution ...

Import map: aliased to relative './src/components/sections/WhyChooseUs' inside of [project]/

https://nextjs.org/docs/messages/module-not-found @ http://localhost:3000/_next/static/chunks/node_modules_next_dist_1gdrd03._.js:1945
[  225193ms] [ERROR] ./src/app/page.tsx:6:1
Module not found: Can't resolve '@/components/sections/WhyChooseUs'
  4 | import { CategoryGrid } from "@/components/sections/CategoryGrid";
  5 | import { ServicesSection } from "@/components/sections/ServicesSection";
> 6 | import { WhyChooseUs } from "@/components/sections/WhyChooseUs";
    | ^^^^^^^^^^^^^^^^^^^^^^^^^^^^^^^^^^^^^^^^^^^^^^^^^^^^^^^^^^^^^^^^
  7 |
  8 | export const metadata: Metadata = {
  9 |   title: "Imperial Essence Trading LLC | Luxury Perfumery, Beauty & Duty Free Distribution ...

Import map: aliased to relative './src/components/sections/WhyChooseUs' inside of [project]/

https://nextjs.org/docs/messages/module-not-found @ http://localhost:3000/_next/static/chunks/node_modules_next_dist_1gdrd03._.js:1945
[  225253ms] [ERROR] ./src/app/page.tsx:6:1
Module not found: Can't resolve '@/components/sections/WhyChooseUs'
  4 | import { CategoryGrid } from "@/components/sections/CategoryGrid";
  5 | import { ServicesSection } from "@/components/sections/ServicesSection";
> 6 | import { WhyChooseUs } from "@/components/sections/WhyChooseUs";
    | ^^^^^^^^^^^^^^^^^^^^^^^^^^^^^^^^^^^^^^^^^^^^^^^^^^^^^^^^^^^^^^^^
  7 |
  8 | export const metadata: Metadata = {
  9 |   title: "Imperial Essence Trading LLC | Luxury Perfumery, Beauty & Duty Free Distribution ...

Import map: aliased to relative './src/components/sections/WhyChooseUs' inside of [project]/

https://nextjs.org/docs/messages/module-not-found @ http://localhost:3000/_next/static/chunks/node_modules_next_dist_1gdrd03._.js:1945
[  225313ms] [ERROR] ./src/app/page.tsx:6:1
Module not found: Can't resolve '@/components/sections/WhyChooseUs'
  4 | import { CategoryGrid } from "@/components/sections/CategoryGrid";
  5 | import { ServicesSection } from "@/components/sections/ServicesSection";
> 6 | import { WhyChooseUs } from "@/components/sections/WhyChooseUs";
    | ^^^^^^^^^^^^^^^^^^^^^^^^^^^^^^^^^^^^^^^^^^^^^^^^^^^^^^^^^^^^^^^^
  7 |
  8 | export const metadata: Metadata = {
  9 |   title: "Imperial Essence Trading LLC | Luxury Perfumery, Beauty & Duty Free Distribution ...

Import map: aliased to relative './src/components/sections/WhyChooseUs' inside of [project]/

https://nextjs.org/docs/messages/module-not-found @ http://localhost:3000/_next/static/chunks/node_modules_next_dist_1gdrd03._.js:1945
[  225375ms] [ERROR] ./src/app/page.tsx:6:1
Module not found: Can't resolve '@/components/sections/WhyChooseUs'
  4 | import { CategoryGrid } from "@/components/sections/CategoryGrid";
  5 | import { ServicesSection } from "@/components/sections/ServicesSection";
> 6 | import { WhyChooseUs } from "@/components/sections/WhyChooseUs";
    | ^^^^^^^^^^^^^^^^^^^^^^^^^^^^^^^^^^^^^^^^^^^^^^^^^^^^^^^^^^^^^^^^
  7 |
  8 | export const metadata: Metadata = {
  9 |   title: "Imperial Essence Trading LLC | Luxury Perfumery, Beauty & Duty Free Distribution ...

Import map: aliased to relative './src/components/sections/WhyChooseUs' inside of [project]/

https://nextjs.org/docs/messages/module-not-found @ http://localhost:3000/_next/static/chunks/node_modules_next_dist_1gdrd03._.js:1945
[  225437ms] [ERROR] ./src/app/page.tsx:6:1
Module not found: Can't resolve '@/components/sections/WhyChooseUs'
  4 | import { CategoryGrid } from "@/components/sections/CategoryGrid";
  5 | import { ServicesSection } from "@/components/sections/ServicesSection";
> 6 | import { WhyChooseUs } from "@/components/sections/WhyChooseUs";
    | ^^^^^^^^^^^^^^^^^^^^^^^^^^^^^^^^^^^^^^^^^^^^^^^^^^^^^^^^^^^^^^^^
  7 |
  8 | export const metadata: Metadata = {
  9 |   title: "Imperial Essence Trading LLC | Luxury Perfumery, Beauty & Duty Free Distribution ...

Import map: aliased to relative './src/components/sections/WhyChooseUs' inside of [project]/

https://nextjs.org/docs/messages/module-not-found @ http://localhost:3000/_next/static/chunks/node_modules_next_dist_1gdrd03._.js:1945
[  225498ms] [ERROR] ./src/app/page.tsx:6:1
Module not found: Can't resolve '@/components/sections/WhyChooseUs'
  4 | import { CategoryGrid } from "@/components/sections/CategoryGrid";
  5 | import { ServicesSection } from "@/components/sections/ServicesSection";
> 6 | import { WhyChooseUs } from "@/components/sections/WhyChooseUs";
    | ^^^^^^^^^^^^^^^^^^^^^^^^^^^^^^^^^^^^^^^^^^^^^^^^^^^^^^^^^^^^^^^^
  7 |
  8 | export const metadata: Metadata = {
  9 |   title: "Imperial Essence Trading LLC | Luxury Perfumery, Beauty & Duty Free Distribution ...

Import map: aliased to relative './src/components/sections/WhyChooseUs' inside of [project]/

https://nextjs.org/docs/messages/module-not-found @ http://localhost:3000/_next/static/chunks/node_modules_next_dist_1gdrd03._.js:1945
[  225560ms] [ERROR] ./src/app/page.tsx:6:1
Module not found: Can't resolve '@/components/sections/WhyChooseUs'
  4 | import { CategoryGrid } from "@/components/sections/CategoryGrid";
  5 | import { ServicesSection } from "@/components/sections/ServicesSection";
> 6 | import { WhyChooseUs } from "@/components/sections/WhyChooseUs";
    | ^^^^^^^^^^^^^^^^^^^^^^^^^^^^^^^^^^^^^^^^^^^^^^^^^^^^^^^^^^^^^^^^
  7 |
  8 | export const metadata: Metadata = {
  9 |   title: "Imperial Essence Trading LLC | Luxury Perfumery, Beauty & Duty Free Distribution ...

Import map: aliased to relative './src/components/sections/WhyChooseUs' inside of [project]/

https://nextjs.org/docs/messages/module-not-found @ http://localhost:3000/_next/static/chunks/node_modules_next_dist_1gdrd03._.js:1945
[  225621ms] [ERROR] ./src/app/page.tsx:6:1
Module not found: Can't resolve '@/components/sections/WhyChooseUs'
  4 | import { CategoryGrid } from "@/components/sections/CategoryGrid";
  5 | import { ServicesSection } from "@/components/sections/ServicesSection";
> 6 | import { WhyChooseUs } from "@/components/sections/WhyChooseUs";
    | ^^^^^^^^^^^^^^^^^^^^^^^^^^^^^^^^^^^^^^^^^^^^^^^^^^^^^^^^^^^^^^^^
  7 |
  8 | export const metadata: Metadata = {
  9 |   title: "Imperial Essence Trading LLC | Luxury Perfumery, Beauty & Duty Free Distribution ...

Import map: aliased to relative './src/components/sections/WhyChooseUs' inside of [project]/

https://nextjs.org/docs/messages/module-not-found @ http://localhost:3000/_next/static/chunks/node_modules_next_dist_1gdrd03._.js:1945
[  225682ms] [ERROR] ./src/app/page.tsx:6:1
Module not found: Can't resolve '@/components/sections/WhyChooseUs'
  4 | import { CategoryGrid } from "@/components/sections/CategoryGrid";
  5 | import { ServicesSection } from "@/components/sections/ServicesSection";
> 6 | import { WhyChooseUs } from "@/components/sections/WhyChooseUs";
    | ^^^^^^^^^^^^^^^^^^^^^^^^^^^^^^^^^^^^^^^^^^^^^^^^^^^^^^^^^^^^^^^^
  7 |
  8 | export const metadata: Metadata = {
  9 |   title: "Imperial Essence Trading LLC | Luxury Perfumery, Beauty & Duty Free Distribution ...

Import map: aliased to relative './src/components/sections/WhyChooseUs' inside of [project]/

https://nextjs.org/docs/messages/module-not-found @ http://localhost:3000/_next/static/chunks/node_modules_next_dist_1gdrd03._.js:1945
[  225744ms] [ERROR] ./src/app/page.tsx:6:1
Module not found: Can't resolve '@/components/sections/WhyChooseUs'
  4 | import { CategoryGrid } from "@/components/sections/CategoryGrid";
  5 | import { ServicesSection } from "@/components/sections/ServicesSection";
> 6 | import { WhyChooseUs } from "@/components/sections/WhyChooseUs";
    | ^^^^^^^^^^^^^^^^^^^^^^^^^^^^^^^^^^^^^^^^^^^^^^^^^^^^^^^^^^^^^^^^
  7 |
  8 | export const metadata: Metadata = {
  9 |   title: "Imperial Essence Trading LLC | Luxury Perfumery, Beauty & Duty Free Distribution ...

Import map: aliased to relative './src/components/sections/WhyChooseUs' inside of [project]/

https://nextjs.org/docs/messages/module-not-found @ http://localhost:3000/_next/static/chunks/node_modules_next_dist_1gdrd03._.js:1945
[  225807ms] [ERROR] ./src/app/page.tsx:6:1
Module not found: Can't resolve '@/components/sections/WhyChooseUs'
  4 | import { CategoryGrid } from "@/components/sections/CategoryGrid";
  5 | import { ServicesSection } from "@/components/sections/ServicesSection";
> 6 | import { WhyChooseUs } from "@/components/sections/WhyChooseUs";
    | ^^^^^^^^^^^^^^^^^^^^^^^^^^^^^^^^^^^^^^^^^^^^^^^^^^^^^^^^^^^^^^^^
  7 |
  8 | export const metadata: Metadata = {
  9 |   title: "Imperial Essence Trading LLC | Luxury Perfumery, Beauty & Duty Free Distribution ...

Import map: aliased to relative './src/components/sections/WhyChooseUs' inside of [project]/

https://nextjs.org/docs/messages/module-not-found @ http://localhost:3000/_next/static/chunks/node_modules_next_dist_1gdrd03._.js:1945
[  225882ms] [ERROR] ./src/app/page.tsx:6:1
Module not found: Can't resolve '@/components/sections/WhyChooseUs'
  4 | import { CategoryGrid } from "@/components/sections/CategoryGrid";
  5 | import { ServicesSection } from "@/components/sections/ServicesSection";
> 6 | import { WhyChooseUs } from "@/components/sections/WhyChooseUs";
    | ^^^^^^^^^^^^^^^^^^^^^^^^^^^^^^^^^^^^^^^^^^^^^^^^^^^^^^^^^^^^^^^^
  7 |
  8 | export const metadata: Metadata = {
  9 |   title: "Imperial Essence Trading LLC | Luxury Perfumery, Beauty & Duty Free Distribution ...

Import map: aliased to relative './src/components/sections/WhyChooseUs' inside of [project]/

https://nextjs.org/docs/messages/module-not-found @ http://localhost:3000/_next/static/chunks/node_modules_next_dist_1gdrd03._.js:1945
[  225944ms] [ERROR] ./src/app/page.tsx:6:1
Module not found: Can't resolve '@/components/sections/WhyChooseUs'
  4 | import { CategoryGrid } from "@/components/sections/CategoryGrid";
  5 | import { ServicesSection } from "@/components/sections/ServicesSection";
> 6 | import { WhyChooseUs } from "@/components/sections/WhyChooseUs";
    | ^^^^^^^^^^^^^^^^^^^^^^^^^^^^^^^^^^^^^^^^^^^^^^^^^^^^^^^^^^^^^^^^
  7 |
  8 | export const metadata: Metadata = {
  9 |   title: "Imperial Essence Trading LLC | Luxury Perfumery, Beauty & Duty Free Distribution ...

Import map: aliased to relative './src/components/sections/WhyChooseUs' inside of [project]/

https://nextjs.org/docs/messages/module-not-found @ http://localhost:3000/_next/static/chunks/node_modules_next_dist_1gdrd03._.js:1945
[  226006ms] [ERROR] ./src/app/page.tsx:6:1
Module not found: Can't resolve '@/components/sections/WhyChooseUs'
  4 | import { CategoryGrid } from "@/components/sections/CategoryGrid";
  5 | import { ServicesSection } from "@/components/sections/ServicesSection";
> 6 | import { WhyChooseUs } from "@/components/sections/WhyChooseUs";
    | ^^^^^^^^^^^^^^^^^^^^^^^^^^^^^^^^^^^^^^^^^^^^^^^^^^^^^^^^^^^^^^^^
  7 |
  8 | export const metadata: Metadata = {
  9 |   title: "Imperial Essence Trading LLC | Luxury Perfumery, Beauty & Duty Free Distribution ...

Import map: aliased to relative './src/components/sections/WhyChooseUs' inside of [project]/

https://nextjs.org/docs/messages/module-not-found @ http://localhost:3000/_next/static/chunks/node_modules_next_dist_1gdrd03._.js:1945
[  226069ms] [ERROR] ./src/app/page.tsx:6:1
Module not found: Can't resolve '@/components/sections/WhyChooseUs'
  4 | import { CategoryGrid } from "@/components/sections/CategoryGrid";
  5 | import { ServicesSection } from "@/components/sections/ServicesSection";
> 6 | import { WhyChooseUs } from "@/components/sections/WhyChooseUs";
    | ^^^^^^^^^^^^^^^^^^^^^^^^^^^^^^^^^^^^^^^^^^^^^^^^^^^^^^^^^^^^^^^^
  7 |
  8 | export const metadata: Metadata = {
  9 |   title: "Imperial Essence Trading LLC | Luxury Perfumery, Beauty & Duty Free Distribution ...

Import map: aliased to relative './src/components/sections/WhyChooseUs' inside of [project]/

https://nextjs.org/docs/messages/module-not-found @ http://localhost:3000/_next/static/chunks/node_modules_next_dist_1gdrd03._.js:1945
[  226130ms] [ERROR] ./src/app/page.tsx:6:1
Module not found: Can't resolve '@/components/sections/WhyChooseUs'
  4 | import { CategoryGrid } from "@/components/sections/CategoryGrid";
  5 | import { ServicesSection } from "@/components/sections/ServicesSection";
> 6 | import { WhyChooseUs } from "@/components/sections/WhyChooseUs";
    | ^^^^^^^^^^^^^^^^^^^^^^^^^^^^^^^^^^^^^^^^^^^^^^^^^^^^^^^^^^^^^^^^
  7 |
  8 | export const metadata: Metadata = {
  9 |   title: "Imperial Essence Trading LLC | Luxury Perfumery, Beauty & Duty Free Distribution ...

Import map: aliased to relative './src/components/sections/WhyChooseUs' inside of [project]/

https://nextjs.org/docs/messages/module-not-found @ http://localhost:3000/_next/static/chunks/node_modules_next_dist_1gdrd03._.js:1945
[  226191ms] [ERROR] ./src/app/page.tsx:6:1
Module not found: Can't resolve '@/components/sections/WhyChooseUs'
  4 | import { CategoryGrid } from "@/components/sections/CategoryGrid";
  5 | import { ServicesSection } from "@/components/sections/ServicesSection";
> 6 | import { WhyChooseUs } from "@/components/sections/WhyChooseUs";
    | ^^^^^^^^^^^^^^^^^^^^^^^^^^^^^^^^^^^^^^^^^^^^^^^^^^^^^^^^^^^^^^^^
  7 |
  8 | export const metadata: Metadata = {
  9 |   title: "Imperial Essence Trading LLC | Luxury Perfumery, Beauty & Duty Free Distribution ...

Import map: aliased to relative './src/components/sections/WhyChooseUs' inside of [project]/

https://nextjs.org/docs/messages/module-not-found @ http://localhost:3000/_next/static/chunks/node_modules_next_dist_1gdrd03._.js:1945
[  226254ms] [ERROR] ./src/app/page.tsx:6:1
Module not found: Can't resolve '@/components/sections/WhyChooseUs'
  4 | import { CategoryGrid } from "@/components/sections/CategoryGrid";
  5 | import { ServicesSection } from "@/components/sections/ServicesSection";
> 6 | import { WhyChooseUs } from "@/components/sections/WhyChooseUs";
    | ^^^^^^^^^^^^^^^^^^^^^^^^^^^^^^^^^^^^^^^^^^^^^^^^^^^^^^^^^^^^^^^^
  7 |
  8 | export const metadata: Metadata = {
  9 |   title: "Imperial Essence Trading LLC | Luxury Perfumery, Beauty & Duty Free Distribution ...

Import map: aliased to relative './src/components/sections/WhyChooseUs' inside of [project]/

https://nextjs.org/docs/messages/module-not-found @ http://localhost:3000/_next/static/chunks/node_modules_next_dist_1gdrd03._.js:1945
[  226317ms] [ERROR] ./src/app/page.tsx:6:1
Module not found: Can't resolve '@/components/sections/WhyChooseUs'
  4 | import { CategoryGrid } from "@/components/sections/CategoryGrid";
  5 | import { ServicesSection } from "@/components/sections/ServicesSection";
> 6 | import { WhyChooseUs } from "@/components/sections/WhyChooseUs";
    | ^^^^^^^^^^^^^^^^^^^^^^^^^^^^^^^^^^^^^^^^^^^^^^^^^^^^^^^^^^^^^^^^
  7 |
  8 | export const metadata: Metadata = {
  9 |   title: "Imperial Essence Trading LLC | Luxury Perfumery, Beauty & Duty Free Distribution ...

Import map: aliased to relative './src/components/sections/WhyChooseUs' inside of [project]/

https://nextjs.org/docs/messages/module-not-found @ http://localhost:3000/_next/static/chunks/node_modules_next_dist_1gdrd03._.js:1945
[  226380ms] [ERROR] ./src/app/page.tsx:6:1
Module not found: Can't resolve '@/components/sections/WhyChooseUs'
  4 | import { CategoryGrid } from "@/components/sections/CategoryGrid";
  5 | import { ServicesSection } from "@/components/sections/ServicesSection";
> 6 | import { WhyChooseUs } from "@/components/sections/WhyChooseUs";
    | ^^^^^^^^^^^^^^^^^^^^^^^^^^^^^^^^^^^^^^^^^^^^^^^^^^^^^^^^^^^^^^^^
  7 |
  8 | export const metadata: Metadata = {
  9 |   title: "Imperial Essence Trading LLC | Luxury Perfumery, Beauty & Duty Free Distribution ...

Import map: aliased to relative './src/components/sections/WhyChooseUs' inside of [project]/

https://nextjs.org/docs/messages/module-not-found @ http://localhost:3000/_next/static/chunks/node_modules_next_dist_1gdrd03._.js:1945
[  226441ms] [ERROR] ./src/app/page.tsx:6:1
Module not found: Can't resolve '@/components/sections/WhyChooseUs'
  4 | import { CategoryGrid } from "@/components/sections/CategoryGrid";
  5 | import { ServicesSection } from "@/components/sections/ServicesSection";
> 6 | import { WhyChooseUs } from "@/components/sections/WhyChooseUs";
    | ^^^^^^^^^^^^^^^^^^^^^^^^^^^^^^^^^^^^^^^^^^^^^^^^^^^^^^^^^^^^^^^^
  7 |
  8 | export const metadata: Metadata = {
  9 |   title: "Imperial Essence Trading LLC | Luxury Perfumery, Beauty & Duty Free Distribution ...

Import map: aliased to relative './src/components/sections/WhyChooseUs' inside of [project]/

https://nextjs.org/docs/messages/module-not-found @ http://localhost:3000/_next/static/chunks/node_modules_next_dist_1gdrd03._.js:1945
[  226502ms] [ERROR] ./src/app/page.tsx:6:1
Module not found: Can't resolve '@/components/sections/WhyChooseUs'
  4 | import { CategoryGrid } from "@/components/sections/CategoryGrid";
  5 | import { ServicesSection } from "@/components/sections/ServicesSection";
> 6 | import { WhyChooseUs } from "@/components/sections/WhyChooseUs";
    | ^^^^^^^^^^^^^^^^^^^^^^^^^^^^^^^^^^^^^^^^^^^^^^^^^^^^^^^^^^^^^^^^
  7 |
  8 | export const metadata: Metadata = {
  9 |   title: "Imperial Essence Trading LLC | Luxury Perfumery, Beauty & Duty Free Distribution ...

Import map: aliased to relative './src/components/sections/WhyChooseUs' inside of [project]/

https://nextjs.org/docs/messages/module-not-found @ http://localhost:3000/_next/static/chunks/node_modules_next_dist_1gdrd03._.js:1945
[  226563ms] [ERROR] ./src/app/page.tsx:6:1
Module not found: Can't resolve '@/components/sections/WhyChooseUs'
  4 | import { CategoryGrid } from "@/components/sections/CategoryGrid";
  5 | import { ServicesSection } from "@/components/sections/ServicesSection";
> 6 | import { WhyChooseUs } from "@/components/sections/WhyChooseUs";
    | ^^^^^^^^^^^^^^^^^^^^^^^^^^^^^^^^^^^^^^^^^^^^^^^^^^^^^^^^^^^^^^^^
  7 |
  8 | export const metadata: Metadata = {
  9 |   title: "Imperial Essence Trading LLC | Luxury Perfumery, Beauty & Duty Free Distribution ...

Import map: aliased to relative './src/components/sections/WhyChooseUs' inside of [project]/

https://nextjs.org/docs/messages/module-not-found @ http://localhost:3000/_next/static/chunks/node_modules_next_dist_1gdrd03._.js:1945
[  226624ms] [ERROR] ./src/app/page.tsx:6:1
Module not found: Can't resolve '@/components/sections/WhyChooseUs'
  4 | import { CategoryGrid } from "@/components/sections/CategoryGrid";
  5 | import { ServicesSection } from "@/components/sections/ServicesSection";
> 6 | import { WhyChooseUs } from "@/components/sections/WhyChooseUs";
    | ^^^^^^^^^^^^^^^^^^^^^^^^^^^^^^^^^^^^^^^^^^^^^^^^^^^^^^^^^^^^^^^^
  7 |
  8 | export const metadata: Metadata = {
  9 |   title: "Imperial Essence Trading LLC | Luxury Perfumery, Beauty & Duty Free Distribution ...

Import map: aliased to relative './src/components/sections/WhyChooseUs' inside of [project]/

https://nextjs.org/docs/messages/module-not-found @ http://localhost:3000/_next/static/chunks/node_modules_next_dist_1gdrd03._.js:1945
[  226685ms] [ERROR] ./src/app/page.tsx:6:1
Module not found: Can't resolve '@/components/sections/WhyChooseUs'
  4 | import { CategoryGrid } from "@/components/sections/CategoryGrid";
  5 | import { ServicesSection } from "@/components/sections/ServicesSection";
> 6 | import { WhyChooseUs } from "@/components/sections/WhyChooseUs";
    | ^^^^^^^^^^^^^^^^^^^^^^^^^^^^^^^^^^^^^^^^^^^^^^^^^^^^^^^^^^^^^^^^
  7 |
  8 | export const metadata: Metadata = {
  9 |   title: "Imperial Essence Trading LLC | Luxury Perfumery, Beauty & Duty Free Distribution ...

Import map: aliased to relative './src/components/sections/WhyChooseUs' inside of [project]/

https://nextjs.org/docs/messages/module-not-found @ http://localhost:3000/_next/static/chunks/node_modules_next_dist_1gdrd03._.js:1945
[  226749ms] [ERROR] ./src/app/page.tsx:6:1
Module not found: Can't resolve '@/components/sections/WhyChooseUs'
  4 | import { CategoryGrid } from "@/components/sections/CategoryGrid";
  5 | import { ServicesSection } from "@/components/sections/ServicesSection";
> 6 | import { WhyChooseUs } from "@/components/sections/WhyChooseUs";
    | ^^^^^^^^^^^^^^^^^^^^^^^^^^^^^^^^^^^^^^^^^^^^^^^^^^^^^^^^^^^^^^^^
  7 |
  8 | export const metadata: Metadata = {
  9 |   title: "Imperial Essence Trading LLC | Luxury Perfumery, Beauty & Duty Free Distribution ...

Import map: aliased to relative './src/components/sections/WhyChooseUs' inside of [project]/

https://nextjs.org/docs/messages/module-not-found @ http://localhost:3000/_next/static/chunks/node_modules_next_dist_1gdrd03._.js:1945
[  226810ms] [ERROR] ./src/app/page.tsx:6:1
Module not found: Can't resolve '@/components/sections/WhyChooseUs'
  4 | import { CategoryGrid } from "@/components/sections/CategoryGrid";
  5 | import { ServicesSection } from "@/components/sections/ServicesSection";
> 6 | import { WhyChooseUs } from "@/components/sections/WhyChooseUs";
    | ^^^^^^^^^^^^^^^^^^^^^^^^^^^^^^^^^^^^^^^^^^^^^^^^^^^^^^^^^^^^^^^^
  7 |
  8 | export const metadata: Metadata = {
  9 |   title: "Imperial Essence Trading LLC | Luxury Perfumery, Beauty & Duty Free Distribution ...

Import map: aliased to relative './src/components/sections/WhyChooseUs' inside of [project]/

https://nextjs.org/docs/messages/module-not-found @ http://localhost:3000/_next/static/chunks/node_modules_next_dist_1gdrd03._.js:1945
[  226872ms] [ERROR] ./src/app/page.tsx:6:1
Module not found: Can't resolve '@/components/sections/WhyChooseUs'
  4 | import { CategoryGrid } from "@/components/sections/CategoryGrid";
  5 | import { ServicesSection } from "@/components/sections/ServicesSection";
> 6 | import { WhyChooseUs } from "@/components/sections/WhyChooseUs";
    | ^^^^^^^^^^^^^^^^^^^^^^^^^^^^^^^^^^^^^^^^^^^^^^^^^^^^^^^^^^^^^^^^
  7 |
  8 | export const metadata: Metadata = {
  9 |   title: "Imperial Essence Trading LLC | Luxury Perfumery, Beauty & Duty Free Distribution ...

Import map: aliased to relative './src/components/sections/WhyChooseUs' inside of [project]/

https://nextjs.org/docs/messages/module-not-found @ http://localhost:3000/_next/static/chunks/node_modules_next_dist_1gdrd03._.js:1945
[  226965ms] [ERROR] ./src/app/page.tsx:6:1
Module not found: Can't resolve '@/components/sections/WhyChooseUs'
  4 | import { CategoryGrid } from "@/components/sections/CategoryGrid";
  5 | import { ServicesSection } from "@/components/sections/ServicesSection";
> 6 | import { WhyChooseUs } from "@/components/sections/WhyChooseUs";
    | ^^^^^^^^^^^^^^^^^^^^^^^^^^^^^^^^^^^^^^^^^^^^^^^^^^^^^^^^^^^^^^^^
  7 |
  8 | export const metadata: Metadata = {
  9 |   title: "Imperial Essence Trading LLC | Luxury Perfumery, Beauty & Duty Free Distribution ...

Import map: aliased to relative './src/components/sections/WhyChooseUs' inside of [project]/

https://nextjs.org/docs/messages/module-not-found @ http://localhost:3000/_next/static/chunks/node_modules_next_dist_1gdrd03._.js:1945
[  227025ms] [ERROR] ./src/app/page.tsx:6:1
Module not found: Can't resolve '@/components/sections/WhyChooseUs'
  4 | import { CategoryGrid } from "@/components/sections/CategoryGrid";
  5 | import { ServicesSection } from "@/components/sections/ServicesSection";
> 6 | import { WhyChooseUs } from "@/components/sections/WhyChooseUs";
    | ^^^^^^^^^^^^^^^^^^^^^^^^^^^^^^^^^^^^^^^^^^^^^^^^^^^^^^^^^^^^^^^^
  7 |
  8 | export const metadata: Metadata = {
  9 |   title: "Imperial Essence Trading LLC | Luxury Perfumery, Beauty & Duty Free Distribution ...

Import map: aliased to relative './src/components/sections/WhyChooseUs' inside of [project]/

https://nextjs.org/docs/messages/module-not-found @ http://localhost:3000/_next/static/chunks/node_modules_next_dist_1gdrd03._.js:1945
[  227090ms] [ERROR] ./src/app/page.tsx:6:1
Module not found: Can't resolve '@/components/sections/WhyChooseUs'
  4 | import { CategoryGrid } from "@/components/sections/CategoryGrid";
  5 | import { ServicesSection } from "@/components/sections/ServicesSection";
> 6 | import { WhyChooseUs } from "@/components/sections/WhyChooseUs";
    | ^^^^^^^^^^^^^^^^^^^^^^^^^^^^^^^^^^^^^^^^^^^^^^^^^^^^^^^^^^^^^^^^
  7 |
  8 | export const metadata: Metadata = {
  9 |   title: "Imperial Essence Trading LLC | Luxury Perfumery, Beauty & Duty Free Distribution ...

Import map: aliased to relative './src/components/sections/WhyChooseUs' inside of [project]/

https://nextjs.org/docs/messages/module-not-found @ http://localhost:3000/_next/static/chunks/node_modules_next_dist_1gdrd03._.js:1945
[  227148ms] [ERROR] ./src/app/page.tsx:6:1
Module not found: Can't resolve '@/components/sections/WhyChooseUs'
  4 | import { CategoryGrid } from "@/components/sections/CategoryGrid";
  5 | import { ServicesSection } from "@/components/sections/ServicesSection";
> 6 | import { WhyChooseUs } from "@/components/sections/WhyChooseUs";
    | ^^^^^^^^^^^^^^^^^^^^^^^^^^^^^^^^^^^^^^^^^^^^^^^^^^^^^^^^^^^^^^^^
  7 |
  8 | export const metadata: Metadata = {
  9 |   title: "Imperial Essence Trading LLC | Luxury Perfumery, Beauty & Duty Free Distribution ...

Import map: aliased to relative './src/components/sections/WhyChooseUs' inside of [project]/

https://nextjs.org/docs/messages/module-not-found @ http://localhost:3000/_next/static/chunks/node_modules_next_dist_1gdrd03._.js:1945
[  227208ms] [ERROR] ./src/app/page.tsx:6:1
Module not found: Can't resolve '@/components/sections/WhyChooseUs'
  4 | import { CategoryGrid } from "@/components/sections/CategoryGrid";
  5 | import { ServicesSection } from "@/components/sections/ServicesSection";
> 6 | import { WhyChooseUs } from "@/components/sections/WhyChooseUs";
    | ^^^^^^^^^^^^^^^^^^^^^^^^^^^^^^^^^^^^^^^^^^^^^^^^^^^^^^^^^^^^^^^^
  7 |
  8 | export const metadata: Metadata = {
  9 |   title: "Imperial Essence Trading LLC | Luxury Perfumery, Beauty & Duty Free Distribution ...

Import map: aliased to relative './src/components/sections/WhyChooseUs' inside of [project]/

https://nextjs.org/docs/messages/module-not-found @ http://localhost:3000/_next/static/chunks/node_modules_next_dist_1gdrd03._.js:1945
[  227270ms] [ERROR] ./src/app/page.tsx:6:1
Module not found: Can't resolve '@/components/sections/WhyChooseUs'
  4 | import { CategoryGrid } from "@/components/sections/CategoryGrid";
  5 | import { ServicesSection } from "@/components/sections/ServicesSection";
> 6 | import { WhyChooseUs } from "@/components/sections/WhyChooseUs";
    | ^^^^^^^^^^^^^^^^^^^^^^^^^^^^^^^^^^^^^^^^^^^^^^^^^^^^^^^^^^^^^^^^
  7 |
  8 | export const metadata: Metadata = {
  9 |   title: "Imperial Essence Trading LLC | Luxury Perfumery, Beauty & Duty Free Distribution ...

Import map: aliased to relative './src/components/sections/WhyChooseUs' inside of [project]/

https://nextjs.org/docs/messages/module-not-found @ http://localhost:3000/_next/static/chunks/node_modules_next_dist_1gdrd03._.js:1945
[  227346ms] [ERROR] ./src/app/page.tsx:6:1
Module not found: Can't resolve '@/components/sections/WhyChooseUs'
  4 | import { CategoryGrid } from "@/components/sections/CategoryGrid";
  5 | import { ServicesSection } from "@/components/sections/ServicesSection";
> 6 | import { WhyChooseUs } from "@/components/sections/WhyChooseUs";
    | ^^^^^^^^^^^^^^^^^^^^^^^^^^^^^^^^^^^^^^^^^^^^^^^^^^^^^^^^^^^^^^^^
  7 |
  8 | export const metadata: Metadata = {
  9 |   title: "Imperial Essence Trading LLC | Luxury Perfumery, Beauty & Duty Free Distribution ...

Import map: aliased to relative './src/components/sections/WhyChooseUs' inside of [project]/

https://nextjs.org/docs/messages/module-not-found @ http://localhost:3000/_next/static/chunks/node_modules_next_dist_1gdrd03._.js:1945
[  227409ms] [ERROR] ./src/app/page.tsx:6:1
Module not found: Can't resolve '@/components/sections/WhyChooseUs'
  4 | import { CategoryGrid } from "@/components/sections/CategoryGrid";
  5 | import { ServicesSection } from "@/components/sections/ServicesSection";
> 6 | import { WhyChooseUs } from "@/components/sections/WhyChooseUs";
    | ^^^^^^^^^^^^^^^^^^^^^^^^^^^^^^^^^^^^^^^^^^^^^^^^^^^^^^^^^^^^^^^^
  7 |
  8 | export const metadata: Metadata = {
  9 |   title: "Imperial Essence Trading LLC | Luxury Perfumery, Beauty & Duty Free Distribution ...

Import map: aliased to relative './src/components/sections/WhyChooseUs' inside of [project]/

https://nextjs.org/docs/messages/module-not-found @ http://localhost:3000/_next/static/chunks/node_modules_next_dist_1gdrd03._.js:1945
[  227490ms] [ERROR] ./src/app/page.tsx:6:1
Module not found: Can't resolve '@/components/sections/WhyChooseUs'
  4 | import { CategoryGrid } from "@/components/sections/CategoryGrid";
  5 | import { ServicesSection } from "@/components/sections/ServicesSection";
> 6 | import { WhyChooseUs } from "@/components/sections/WhyChooseUs";
    | ^^^^^^^^^^^^^^^^^^^^^^^^^^^^^^^^^^^^^^^^^^^^^^^^^^^^^^^^^^^^^^^^
  7 |
  8 | export const metadata: Metadata = {
  9 |   title: "Imperial Essence Trading LLC | Luxury Perfumery, Beauty & Duty Free Distribution ...

Import map: aliased to relative './src/components/sections/WhyChooseUs' inside of [project]/

https://nextjs.org/docs/messages/module-not-found @ http://localhost:3000/_next/static/chunks/node_modules_next_dist_1gdrd03._.js:1945
[  227546ms] [ERROR] ./src/app/page.tsx:6:1
Module not found: Can't resolve '@/components/sections/WhyChooseUs'
  4 | import { CategoryGrid } from "@/components/sections/CategoryGrid";
  5 | import { ServicesSection } from "@/components/sections/ServicesSection";
> 6 | import { WhyChooseUs } from "@/components/sections/WhyChooseUs";
    | ^^^^^^^^^^^^^^^^^^^^^^^^^^^^^^^^^^^^^^^^^^^^^^^^^^^^^^^^^^^^^^^^
  7 |
  8 | export const metadata: Metadata = {
  9 |   title: "Imperial Essence Trading LLC | Luxury Perfumery, Beauty & Duty Free Distribution ...

Import map: aliased to relative './src/components/sections/WhyChooseUs' inside of [project]/

https://nextjs.org/docs/messages/module-not-found @ http://localhost:3000/_next/static/chunks/node_modules_next_dist_1gdrd03._.js:1945
[  227608ms] [ERROR] ./src/app/page.tsx:6:1
Module not found: Can't resolve '@/components/sections/WhyChooseUs'
  4 | import { CategoryGrid } from "@/components/sections/CategoryGrid";
  5 | import { ServicesSection } from "@/components/sections/ServicesSection";
> 6 | import { WhyChooseUs } from "@/components/sections/WhyChooseUs";
    | ^^^^^^^^^^^^^^^^^^^^^^^^^^^^^^^^^^^^^^^^^^^^^^^^^^^^^^^^^^^^^^^^
  7 |
  8 | export const metadata: Metadata = {
  9 |   title: "Imperial Essence Trading LLC | Luxury Perfumery, Beauty & Duty Free Distribution ...

Import map: aliased to relative './src/components/sections/WhyChooseUs' inside of [project]/

https://nextjs.org/docs/messages/module-not-found @ http://localhost:3000/_next/static/chunks/node_modules_next_dist_1gdrd03._.js:1945
[  227670ms] [ERROR] ./src/app/page.tsx:6:1
Module not found: Can't resolve '@/components/sections/WhyChooseUs'
  4 | import { CategoryGrid } from "@/components/sections/CategoryGrid";
  5 | import { ServicesSection } from "@/components/sections/ServicesSection";
> 6 | import { WhyChooseUs } from "@/components/sections/WhyChooseUs";
    | ^^^^^^^^^^^^^^^^^^^^^^^^^^^^^^^^^^^^^^^^^^^^^^^^^^^^^^^^^^^^^^^^
  7 |
  8 | export const metadata: Metadata = {
  9 |   title: "Imperial Essence Trading LLC | Luxury Perfumery, Beauty & Duty Free Distribution ...

Import map: aliased to relative './src/components/sections/WhyChooseUs' inside of [project]/

https://nextjs.org/docs/messages/module-not-found @ http://localhost:3000/_next/static/chunks/node_modules_next_dist_1gdrd03._.js:1945
[  227732ms] [ERROR] ./src/app/page.tsx:6:1
Module not found: Can't resolve '@/components/sections/WhyChooseUs'
  4 | import { CategoryGrid } from "@/components/sections/CategoryGrid";
  5 | import { ServicesSection } from "@/components/sections/ServicesSection";
> 6 | import { WhyChooseUs } from "@/components/sections/WhyChooseUs";
    | ^^^^^^^^^^^^^^^^^^^^^^^^^^^^^^^^^^^^^^^^^^^^^^^^^^^^^^^^^^^^^^^^
  7 |
  8 | export const metadata: Metadata = {
  9 |   title: "Imperial Essence Trading LLC | Luxury Perfumery, Beauty & Duty Free Distribution ...

Import map: aliased to relative './src/components/sections/WhyChooseUs' inside of [project]/

https://nextjs.org/docs/messages/module-not-found @ http://localhost:3000/_next/static/chunks/node_modules_next_dist_1gdrd03._.js:1945
[  227795ms] [ERROR] ./src/app/page.tsx:6:1
Module not found: Can't resolve '@/components/sections/WhyChooseUs'
  4 | import { CategoryGrid } from "@/components/sections/CategoryGrid";
  5 | import { ServicesSection } from "@/components/sections/ServicesSection";
> 6 | import { WhyChooseUs } from "@/components/sections/WhyChooseUs";
    | ^^^^^^^^^^^^^^^^^^^^^^^^^^^^^^^^^^^^^^^^^^^^^^^^^^^^^^^^^^^^^^^^
  7 |
  8 | export const metadata: Metadata = {
  9 |   title: "Imperial Essence Trading LLC | Luxury Perfumery, Beauty & Duty Free Distribution ...

Import map: aliased to relative './src/components/sections/WhyChooseUs' inside of [project]/

https://nextjs.org/docs/messages/module-not-found @ http://localhost:3000/_next/static/chunks/node_modules_next_dist_1gdrd03._.js:1945
[  227856ms] [ERROR] ./src/app/page.tsx:6:1
Module not found: Can't resolve '@/components/sections/WhyChooseUs'
  4 | import { CategoryGrid } from "@/components/sections/CategoryGrid";
  5 | import { ServicesSection } from "@/components/sections/ServicesSection";
> 6 | import { WhyChooseUs } from "@/components/sections/WhyChooseUs";
    | ^^^^^^^^^^^^^^^^^^^^^^^^^^^^^^^^^^^^^^^^^^^^^^^^^^^^^^^^^^^^^^^^
  7 |
  8 | export const metadata: Metadata = {
  9 |   title: "Imperial Essence Trading LLC | Luxury Perfumery, Beauty & Duty Free Distribution ...

Import map: aliased to relative './src/components/sections/WhyChooseUs' inside of [project]/

https://nextjs.org/docs/messages/module-not-found @ http://localhost:3000/_next/static/chunks/node_modules_next_dist_1gdrd03._.js:1945
[  227919ms] [ERROR] ./src/app/page.tsx:6:1
Module not found: Can't resolve '@/components/sections/WhyChooseUs'
  4 | import { CategoryGrid } from "@/components/sections/CategoryGrid";
  5 | import { ServicesSection } from "@/components/sections/ServicesSection";
> 6 | import { WhyChooseUs } from "@/components/sections/WhyChooseUs";
    | ^^^^^^^^^^^^^^^^^^^^^^^^^^^^^^^^^^^^^^^^^^^^^^^^^^^^^^^^^^^^^^^^
  7 |
  8 | export const metadata: Metadata = {
  9 |   title: "Imperial Essence Trading LLC | Luxury Perfumery, Beauty & Duty Free Distribution ...

Import map: aliased to relative './src/components/sections/WhyChooseUs' inside of [project]/

https://nextjs.org/docs/messages/module-not-found @ http://localhost:3000/_next/static/chunks/node_modules_next_dist_1gdrd03._.js:1945
[  227981ms] [ERROR] ./src/app/page.tsx:6:1
Module not found: Can't resolve '@/components/sections/WhyChooseUs'
  4 | import { CategoryGrid } from "@/components/sections/CategoryGrid";
  5 | import { ServicesSection } from "@/components/sections/ServicesSection";
> 6 | import { WhyChooseUs } from "@/components/sections/WhyChooseUs";
    | ^^^^^^^^^^^^^^^^^^^^^^^^^^^^^^^^^^^^^^^^^^^^^^^^^^^^^^^^^^^^^^^^
  7 |
  8 | export const metadata: Metadata = {
  9 |   title: "Imperial Essence Trading LLC | Luxury Perfumery, Beauty & Duty Free Distribution ...

Import map: aliased to relative './src/components/sections/WhyChooseUs' inside of [project]/

https://nextjs.org/docs/messages/module-not-found @ http://localhost:3000/_next/static/chunks/node_modules_next_dist_1gdrd03._.js:1945
[  228045ms] [ERROR] ./src/app/page.tsx:6:1
Module not found: Can't resolve '@/components/sections/WhyChooseUs'
  4 | import { CategoryGrid } from "@/components/sections/CategoryGrid";
  5 | import { ServicesSection } from "@/components/sections/ServicesSection";
> 6 | import { WhyChooseUs } from "@/components/sections/WhyChooseUs";
    | ^^^^^^^^^^^^^^^^^^^^^^^^^^^^^^^^^^^^^^^^^^^^^^^^^^^^^^^^^^^^^^^^
  7 |
  8 | export const metadata: Metadata = {
  9 |   title: "Imperial Essence Trading LLC | Luxury Perfumery, Beauty & Duty Free Distribution ...

Import map: aliased to relative './src/components/sections/WhyChooseUs' inside of [project]/

https://nextjs.org/docs/messages/module-not-found @ http://localhost:3000/_next/static/chunks/node_modules_next_dist_1gdrd03._.js:1945
[  228108ms] [ERROR] ./src/app/page.tsx:6:1
Module not found: Can't resolve '@/components/sections/WhyChooseUs'
  4 | import { CategoryGrid } from "@/components/sections/CategoryGrid";
  5 | import { ServicesSection } from "@/components/sections/ServicesSection";
> 6 | import { WhyChooseUs } from "@/components/sections/WhyChooseUs";
    | ^^^^^^^^^^^^^^^^^^^^^^^^^^^^^^^^^^^^^^^^^^^^^^^^^^^^^^^^^^^^^^^^
  7 |
  8 | export const metadata: Metadata = {
  9 |   title: "Imperial Essence Trading LLC | Luxury Perfumery, Beauty & Duty Free Distribution ...

Import map: aliased to relative './src/components/sections/WhyChooseUs' inside of [project]/

https://nextjs.org/docs/messages/module-not-found @ http://localhost:3000/_next/static/chunks/node_modules_next_dist_1gdrd03._.js:1945
[  228171ms] [ERROR] ./src/app/page.tsx:6:1
Module not found: Can't resolve '@/components/sections/WhyChooseUs'
  4 | import { CategoryGrid } from "@/components/sections/CategoryGrid";
  5 | import { ServicesSection } from "@/components/sections/ServicesSection";
> 6 | import { WhyChooseUs } from "@/components/sections/WhyChooseUs";
    | ^^^^^^^^^^^^^^^^^^^^^^^^^^^^^^^^^^^^^^^^^^^^^^^^^^^^^^^^^^^^^^^^
  7 |
  8 | export const metadata: Metadata = {
  9 |   title: "Imperial Essence Trading LLC | Luxury Perfumery, Beauty & Duty Free Distribution ...

Import map: aliased to relative './src/components/sections/WhyChooseUs' inside of [project]/

https://nextjs.org/docs/messages/module-not-found @ http://localhost:3000/_next/static/chunks/node_modules_next_dist_1gdrd03._.js:1945
[  228229ms] [ERROR] ./src/app/page.tsx:6:1
Module not found: Can't resolve '@/components/sections/WhyChooseUs'
  4 | import { CategoryGrid } from "@/components/sections/CategoryGrid";
  5 | import { ServicesSection } from "@/components/sections/ServicesSection";
> 6 | import { WhyChooseUs } from "@/components/sections/WhyChooseUs";
    | ^^^^^^^^^^^^^^^^^^^^^^^^^^^^^^^^^^^^^^^^^^^^^^^^^^^^^^^^^^^^^^^^
  7 |
  8 | export const metadata: Metadata = {
  9 |   title: "Imperial Essence Trading LLC | Luxury Perfumery, Beauty & Duty Free Distribution ...

Import map: aliased to relative './src/components/sections/WhyChooseUs' inside of [project]/

https://nextjs.org/docs/messages/module-not-found @ http://localhost:3000/_next/static/chunks/node_modules_next_dist_1gdrd03._.js:1945
[  228292ms] [ERROR] ./src/app/page.tsx:6:1
Module not found: Can't resolve '@/components/sections/WhyChooseUs'
  4 | import { CategoryGrid } from "@/components/sections/CategoryGrid";
  5 | import { ServicesSection } from "@/components/sections/ServicesSection";
> 6 | import { WhyChooseUs } from "@/components/sections/WhyChooseUs";
    | ^^^^^^^^^^^^^^^^^^^^^^^^^^^^^^^^^^^^^^^^^^^^^^^^^^^^^^^^^^^^^^^^
  7 |
  8 | export const metadata: Metadata = {
  9 |   title: "Imperial Essence Trading LLC | Luxury Perfumery, Beauty & Duty Free Distribution ...

Import map: aliased to relative './src/components/sections/WhyChooseUs' inside of [project]/

https://nextjs.org/docs/messages/module-not-found @ http://localhost:3000/_next/static/chunks/node_modules_next_dist_1gdrd03._.js:1945
[  228353ms] [ERROR] ./src/app/page.tsx:6:1
Module not found: Can't resolve '@/components/sections/WhyChooseUs'
  4 | import { CategoryGrid } from "@/components/sections/CategoryGrid";
  5 | import { ServicesSection } from "@/components/sections/ServicesSection";
> 6 | import { WhyChooseUs } from "@/components/sections/WhyChooseUs";
    | ^^^^^^^^^^^^^^^^^^^^^^^^^^^^^^^^^^^^^^^^^^^^^^^^^^^^^^^^^^^^^^^^
  7 |
  8 | export const metadata: Metadata = {
  9 |   title: "Imperial Essence Trading LLC | Luxury Perfumery, Beauty & Duty Free Distribution ...

Import map: aliased to relative './src/components/sections/WhyChooseUs' inside of [project]/

https://nextjs.org/docs/messages/module-not-found @ http://localhost:3000/_next/static/chunks/node_modules_next_dist_1gdrd03._.js:1945
[  228419ms] [ERROR] ./src/app/page.tsx:6:1
Module not found: Can't resolve '@/components/sections/WhyChooseUs'
  4 | import { CategoryGrid } from "@/components/sections/CategoryGrid";
  5 | import { ServicesSection } from "@/components/sections/ServicesSection";
> 6 | import { WhyChooseUs } from "@/components/sections/WhyChooseUs";
    | ^^^^^^^^^^^^^^^^^^^^^^^^^^^^^^^^^^^^^^^^^^^^^^^^^^^^^^^^^^^^^^^^
  7 |
  8 | export const metadata: Metadata = {
  9 |   title: "Imperial Essence Trading LLC | Luxury Perfumery, Beauty & Duty Free Distribution ...

Import map: aliased to relative './src/components/sections/WhyChooseUs' inside of [project]/

https://nextjs.org/docs/messages/module-not-found @ http://localhost:3000/_next/static/chunks/node_modules_next_dist_1gdrd03._.js:1945
[  228479ms] [ERROR] ./src/app/page.tsx:6:1
Module not found: Can't resolve '@/components/sections/WhyChooseUs'
  4 | import { CategoryGrid } from "@/components/sections/CategoryGrid";
  5 | import { ServicesSection } from "@/components/sections/ServicesSection";
> 6 | import { WhyChooseUs } from "@/components/sections/WhyChooseUs";
    | ^^^^^^^^^^^^^^^^^^^^^^^^^^^^^^^^^^^^^^^^^^^^^^^^^^^^^^^^^^^^^^^^
  7 |
  8 | export const metadata: Metadata = {
  9 |   title: "Imperial Essence Trading LLC | Luxury Perfumery, Beauty & Duty Free Distribution ...

Import map: aliased to relative './src/components/sections/WhyChooseUs' inside of [project]/

https://nextjs.org/docs/messages/module-not-found @ http://localhost:3000/_next/static/chunks/node_modules_next_dist_1gdrd03._.js:1945
[  228541ms] [ERROR] ./src/app/page.tsx:6:1
Module not found: Can't resolve '@/components/sections/WhyChooseUs'
  4 | import { CategoryGrid } from "@/components/sections/CategoryGrid";
  5 | import { ServicesSection } from "@/components/sections/ServicesSection";
> 6 | import { WhyChooseUs } from "@/components/sections/WhyChooseUs";
    | ^^^^^^^^^^^^^^^^^^^^^^^^^^^^^^^^^^^^^^^^^^^^^^^^^^^^^^^^^^^^^^^^
  7 |
  8 | export const metadata: Metadata = {
  9 |   title: "Imperial Essence Trading LLC | Luxury Perfumery, Beauty & Duty Free Distribution ...

Import map: aliased to relative './src/components/sections/WhyChooseUs' inside of [project]/

https://nextjs.org/docs/messages/module-not-found @ http://localhost:3000/_next/static/chunks/node_modules_next_dist_1gdrd03._.js:1945
[  228603ms] [ERROR] ./src/app/page.tsx:6:1
Module not found: Can't resolve '@/components/sections/WhyChooseUs'
  4 | import { CategoryGrid } from "@/components/sections/CategoryGrid";
  5 | import { ServicesSection } from "@/components/sections/ServicesSection";
> 6 | import { WhyChooseUs } from "@/components/sections/WhyChooseUs";
    | ^^^^^^^^^^^^^^^^^^^^^^^^^^^^^^^^^^^^^^^^^^^^^^^^^^^^^^^^^^^^^^^^
  7 |
  8 | export const metadata: Metadata = {
  9 |   title: "Imperial Essence Trading LLC | Luxury Perfumery, Beauty & Duty Free Distribution ...

Import map: aliased to relative './src/components/sections/WhyChooseUs' inside of [project]/

https://nextjs.org/docs/messages/module-not-found @ http://localhost:3000/_next/static/chunks/node_modules_next_dist_1gdrd03._.js:1945
[  228666ms] [ERROR] ./src/app/page.tsx:6:1
Module not found: Can't resolve '@/components/sections/WhyChooseUs'
  4 | import { CategoryGrid } from "@/components/sections/CategoryGrid";
  5 | import { ServicesSection } from "@/components/sections/ServicesSection";
> 6 | import { WhyChooseUs } from "@/components/sections/WhyChooseUs";
    | ^^^^^^^^^^^^^^^^^^^^^^^^^^^^^^^^^^^^^^^^^^^^^^^^^^^^^^^^^^^^^^^^
  7 |
  8 | export const metadata: Metadata = {
  9 |   title: "Imperial Essence Trading LLC | Luxury Perfumery, Beauty & Duty Free Distribution ...

Import map: aliased to relative './src/components/sections/WhyChooseUs' inside of [project]/

https://nextjs.org/docs/messages/module-not-found @ http://localhost:3000/_next/static/chunks/node_modules_next_dist_1gdrd03._.js:1945
[  228726ms] [ERROR] ./src/app/page.tsx:6:1
Module not found: Can't resolve '@/components/sections/WhyChooseUs'
  4 | import { CategoryGrid } from "@/components/sections/CategoryGrid";
  5 | import { ServicesSection } from "@/components/sections/ServicesSection";
> 6 | import { WhyChooseUs } from "@/components/sections/WhyChooseUs";
    | ^^^^^^^^^^^^^^^^^^^^^^^^^^^^^^^^^^^^^^^^^^^^^^^^^^^^^^^^^^^^^^^^
  7 |
  8 | export const metadata: Metadata = {
  9 |   title: "Imperial Essence Trading LLC | Luxury Perfumery, Beauty & Duty Free Distribution ...

Import map: aliased to relative './src/components/sections/WhyChooseUs' inside of [project]/

https://nextjs.org/docs/messages/module-not-found @ http://localhost:3000/_next/static/chunks/node_modules_next_dist_1gdrd03._.js:1945
[  228786ms] [ERROR] ./src/app/page.tsx:6:1
Module not found: Can't resolve '@/components/sections/WhyChooseUs'
  4 | import { CategoryGrid } from "@/components/sections/CategoryGrid";
  5 | import { ServicesSection } from "@/components/sections/ServicesSection";
> 6 | import { WhyChooseUs } from "@/components/sections/WhyChooseUs";
    | ^^^^^^^^^^^^^^^^^^^^^^^^^^^^^^^^^^^^^^^^^^^^^^^^^^^^^^^^^^^^^^^^
  7 |
  8 | export const metadata: Metadata = {
  9 |   title: "Imperial Essence Trading LLC | Luxury Perfumery, Beauty & Duty Free Distribution ...

Import map: aliased to relative './src/components/sections/WhyChooseUs' inside of [project]/

https://nextjs.org/docs/messages/module-not-found @ http://localhost:3000/_next/static/chunks/node_modules_next_dist_1gdrd03._.js:1945
[  228850ms] [ERROR] ./src/app/page.tsx:6:1
Module not found: Can't resolve '@/components/sections/WhyChooseUs'
  4 | import { CategoryGrid } from "@/components/sections/CategoryGrid";
  5 | import { ServicesSection } from "@/components/sections/ServicesSection";
> 6 | import { WhyChooseUs } from "@/components/sections/WhyChooseUs";
    | ^^^^^^^^^^^^^^^^^^^^^^^^^^^^^^^^^^^^^^^^^^^^^^^^^^^^^^^^^^^^^^^^
  7 |
  8 | export const metadata: Metadata = {
  9 |   title: "Imperial Essence Trading LLC | Luxury Perfumery, Beauty & Duty Free Distribution ...

Import map: aliased to relative './src/components/sections/WhyChooseUs' inside of [project]/

https://nextjs.org/docs/messages/module-not-found @ http://localhost:3000/_next/static/chunks/node_modules_next_dist_1gdrd03._.js:1945
[  228911ms] [ERROR] ./src/app/page.tsx:6:1
Module not found: Can't resolve '@/components/sections/WhyChooseUs'
  4 | import { CategoryGrid } from "@/components/sections/CategoryGrid";
  5 | import { ServicesSection } from "@/components/sections/ServicesSection";
> 6 | import { WhyChooseUs } from "@/components/sections/WhyChooseUs";
    | ^^^^^^^^^^^^^^^^^^^^^^^^^^^^^^^^^^^^^^^^^^^^^^^^^^^^^^^^^^^^^^^^
  7 |
  8 | export const metadata: Metadata = {
  9 |   title: "Imperial Essence Trading LLC | Luxury Perfumery, Beauty & Duty Free Distribution ...

Import map: aliased to relative './src/components/sections/WhyChooseUs' inside of [project]/

https://nextjs.org/docs/messages/module-not-found @ http://localhost:3000/_next/static/chunks/node_modules_next_dist_1gdrd03._.js:1945
[  228972ms] [ERROR] ./src/app/page.tsx:6:1
Module not found: Can't resolve '@/components/sections/WhyChooseUs'
  4 | import { CategoryGrid } from "@/components/sections/CategoryGrid";
  5 | import { ServicesSection } from "@/components/sections/ServicesSection";
> 6 | import { WhyChooseUs } from "@/components/sections/WhyChooseUs";
    | ^^^^^^^^^^^^^^^^^^^^^^^^^^^^^^^^^^^^^^^^^^^^^^^^^^^^^^^^^^^^^^^^
  7 |
  8 | export const metadata: Metadata = {
  9 |   title: "Imperial Essence Trading LLC | Luxury Perfumery, Beauty & Duty Free Distribution ...

Import map: aliased to relative './src/components/sections/WhyChooseUs' inside of [project]/

https://nextjs.org/docs/messages/module-not-found @ http://localhost:3000/_next/static/chunks/node_modules_next_dist_1gdrd03._.js:1945
[  229035ms] [ERROR] ./src/app/page.tsx:6:1
Module not found: Can't resolve '@/components/sections/WhyChooseUs'
  4 | import { CategoryGrid } from "@/components/sections/CategoryGrid";
  5 | import { ServicesSection } from "@/components/sections/ServicesSection";
> 6 | import { WhyChooseUs } from "@/components/sections/WhyChooseUs";
    | ^^^^^^^^^^^^^^^^^^^^^^^^^^^^^^^^^^^^^^^^^^^^^^^^^^^^^^^^^^^^^^^^
  7 |
  8 | export const metadata: Metadata = {
  9 |   title: "Imperial Essence Trading LLC | Luxury Perfumery, Beauty & Duty Free Distribution ...

Import map: aliased to relative './src/components/sections/WhyChooseUs' inside of [project]/

https://nextjs.org/docs/messages/module-not-found @ http://localhost:3000/_next/static/chunks/node_modules_next_dist_1gdrd03._.js:1945
[  229096ms] [ERROR] ./src/app/page.tsx:6:1
Module not found: Can't resolve '@/components/sections/WhyChooseUs'
  4 | import { CategoryGrid } from "@/components/sections/CategoryGrid";
  5 | import { ServicesSection } from "@/components/sections/ServicesSection";
> 6 | import { WhyChooseUs } from "@/components/sections/WhyChooseUs";
    | ^^^^^^^^^^^^^^^^^^^^^^^^^^^^^^^^^^^^^^^^^^^^^^^^^^^^^^^^^^^^^^^^
  7 |
  8 | export const metadata: Metadata = {
  9 |   title: "Imperial Essence Trading LLC | Luxury Perfumery, Beauty & Duty Free Distribution ...

Import map: aliased to relative './src/components/sections/WhyChooseUs' inside of [project]/

https://nextjs.org/docs/messages/module-not-found @ http://localhost:3000/_next/static/chunks/node_modules_next_dist_1gdrd03._.js:1945
[  229158ms] [ERROR] ./src/app/page.tsx:6:1
Module not found: Can't resolve '@/components/sections/WhyChooseUs'
  4 | import { CategoryGrid } from "@/components/sections/CategoryGrid";
  5 | import { ServicesSection } from "@/components/sections/ServicesSection";
> 6 | import { WhyChooseUs } from "@/components/sections/WhyChooseUs";
    | ^^^^^^^^^^^^^^^^^^^^^^^^^^^^^^^^^^^^^^^^^^^^^^^^^^^^^^^^^^^^^^^^
  7 |
  8 | export const metadata: Metadata = {
  9 |   title: "Imperial Essence Trading LLC | Luxury Perfumery, Beauty & Duty Free Distribution ...

Import map: aliased to relative './src/components/sections/WhyChooseUs' inside of [project]/

https://nextjs.org/docs/messages/module-not-found @ http://localhost:3000/_next/static/chunks/node_modules_next_dist_1gdrd03._.js:1945
[  229220ms] [ERROR] ./src/app/page.tsx:6:1
Module not found: Can't resolve '@/components/sections/WhyChooseUs'
  4 | import { CategoryGrid } from "@/components/sections/CategoryGrid";
  5 | import { ServicesSection } from "@/components/sections/ServicesSection";
> 6 | import { WhyChooseUs } from "@/components/sections/WhyChooseUs";
    | ^^^^^^^^^^^^^^^^^^^^^^^^^^^^^^^^^^^^^^^^^^^^^^^^^^^^^^^^^^^^^^^^
  7 |
  8 | export const metadata: Metadata = {
  9 |   title: "Imperial Essence Trading LLC | Luxury Perfumery, Beauty & Duty Free Distribution ...

Import map: aliased to relative './src/components/sections/WhyChooseUs' inside of [project]/

https://nextjs.org/docs/messages/module-not-found @ http://localhost:3000/_next/static/chunks/node_modules_next_dist_1gdrd03._.js:1945
[  229284ms] [ERROR] ./src/app/page.tsx:6:1
Module not found: Can't resolve '@/components/sections/WhyChooseUs'
  4 | import { CategoryGrid } from "@/components/sections/CategoryGrid";
  5 | import { ServicesSection } from "@/components/sections/ServicesSection";
> 6 | import { WhyChooseUs } from "@/components/sections/WhyChooseUs";
    | ^^^^^^^^^^^^^^^^^^^^^^^^^^^^^^^^^^^^^^^^^^^^^^^^^^^^^^^^^^^^^^^^
  7 |
  8 | export const metadata: Metadata = {
  9 |   title: "Imperial Essence Trading LLC | Luxury Perfumery, Beauty & Duty Free Distribution ...

Import map: aliased to relative './src/components/sections/WhyChooseUs' inside of [project]/

https://nextjs.org/docs/messages/module-not-found @ http://localhost:3000/_next/static/chunks/node_modules_next_dist_1gdrd03._.js:1945
[  229345ms] [ERROR] ./src/app/page.tsx:6:1
Module not found: Can't resolve '@/components/sections/WhyChooseUs'
  4 | import { CategoryGrid } from "@/components/sections/CategoryGrid";
  5 | import { ServicesSection } from "@/components/sections/ServicesSection";
> 6 | import { WhyChooseUs } from "@/components/sections/WhyChooseUs";
    | ^^^^^^^^^^^^^^^^^^^^^^^^^^^^^^^^^^^^^^^^^^^^^^^^^^^^^^^^^^^^^^^^
  7 |
  8 | export const metadata: Metadata = {
  9 |   title: "Imperial Essence Trading LLC | Luxury Perfumery, Beauty & Duty Free Distribution ...

Import map: aliased to relative './src/components/sections/WhyChooseUs' inside of [project]/

https://nextjs.org/docs/messages/module-not-found @ http://localhost:3000/_next/static/chunks/node_modules_next_dist_1gdrd03._.js:1945
[  229407ms] [ERROR] ./src/app/page.tsx:6:1
Module not found: Can't resolve '@/components/sections/WhyChooseUs'
  4 | import { CategoryGrid } from "@/components/sections/CategoryGrid";
  5 | import { ServicesSection } from "@/components/sections/ServicesSection";
> 6 | import { WhyChooseUs } from "@/components/sections/WhyChooseUs";
    | ^^^^^^^^^^^^^^^^^^^^^^^^^^^^^^^^^^^^^^^^^^^^^^^^^^^^^^^^^^^^^^^^
  7 |
  8 | export const metadata: Metadata = {
  9 |   title: "Imperial Essence Trading LLC | Luxury Perfumery, Beauty & Duty Free Distribution ...

Import map: aliased to relative './src/components/sections/WhyChooseUs' inside of [project]/

https://nextjs.org/docs/messages/module-not-found @ http://localhost:3000/_next/static/chunks/node_modules_next_dist_1gdrd03._.js:1945
[  229470ms] [ERROR] ./src/app/page.tsx:6:1
Module not found: Can't resolve '@/components/sections/WhyChooseUs'
  4 | import { CategoryGrid } from "@/components/sections/CategoryGrid";
  5 | import { ServicesSection } from "@/components/sections/ServicesSection";
> 6 | import { WhyChooseUs } from "@/components/sections/WhyChooseUs";
    | ^^^^^^^^^^^^^^^^^^^^^^^^^^^^^^^^^^^^^^^^^^^^^^^^^^^^^^^^^^^^^^^^
  7 |
  8 | export const metadata: Metadata = {
  9 |   title: "Imperial Essence Trading LLC | Luxury Perfumery, Beauty & Duty Free Distribution ...

Import map: aliased to relative './src/components/sections/WhyChooseUs' inside of [project]/

https://nextjs.org/docs/messages/module-not-found @ http://localhost:3000/_next/static/chunks/node_modules_next_dist_1gdrd03._.js:1945
[  229533ms] [ERROR] ./src/app/page.tsx:6:1
Module not found: Can't resolve '@/components/sections/WhyChooseUs'
  4 | import { CategoryGrid } from "@/components/sections/CategoryGrid";
  5 | import { ServicesSection } from "@/components/sections/ServicesSection";
> 6 | import { WhyChooseUs } from "@/components/sections/WhyChooseUs";
    | ^^^^^^^^^^^^^^^^^^^^^^^^^^^^^^^^^^^^^^^^^^^^^^^^^^^^^^^^^^^^^^^^
  7 |
  8 | export const metadata: Metadata = {
  9 |   title: "Imperial Essence Trading LLC | Luxury Perfumery, Beauty & Duty Free Distribution ...

Import map: aliased to relative './src/components/sections/WhyChooseUs' inside of [project]/

https://nextjs.org/docs/messages/module-not-found @ http://localhost:3000/_next/static/chunks/node_modules_next_dist_1gdrd03._.js:1945
[  229593ms] [ERROR] ./src/app/page.tsx:6:1
Module not found: Can't resolve '@/components/sections/WhyChooseUs'
  4 | import { CategoryGrid } from "@/components/sections/CategoryGrid";
  5 | import { ServicesSection } from "@/components/sections/ServicesSection";
> 6 | import { WhyChooseUs } from "@/components/sections/WhyChooseUs";
    | ^^^^^^^^^^^^^^^^^^^^^^^^^^^^^^^^^^^^^^^^^^^^^^^^^^^^^^^^^^^^^^^^
  7 |
  8 | export const metadata: Metadata = {
  9 |   title: "Imperial Essence Trading LLC | Luxury Perfumery, Beauty & Duty Free Distribution ...

Import map: aliased to relative './src/components/sections/WhyChooseUs' inside of [project]/

https://nextjs.org/docs/messages/module-not-found @ http://localhost:3000/_next/static/chunks/node_modules_next_dist_1gdrd03._.js:1945
[  229656ms] [ERROR] ./src/app/page.tsx:6:1
Module not found: Can't resolve '@/components/sections/WhyChooseUs'
  4 | import { CategoryGrid } from "@/components/sections/CategoryGrid";
  5 | import { ServicesSection } from "@/components/sections/ServicesSection";
> 6 | import { WhyChooseUs } from "@/components/sections/WhyChooseUs";
    | ^^^^^^^^^^^^^^^^^^^^^^^^^^^^^^^^^^^^^^^^^^^^^^^^^^^^^^^^^^^^^^^^
  7 |
  8 | export const metadata: Metadata = {
  9 |   title: "Imperial Essence Trading LLC | Luxury Perfumery, Beauty & Duty Free Distribution ...

Import map: aliased to relative './src/components/sections/WhyChooseUs' inside of [project]/

https://nextjs.org/docs/messages/module-not-found @ http://localhost:3000/_next/static/chunks/node_modules_next_dist_1gdrd03._.js:1945
[  229722ms] [ERROR] ./src/app/page.tsx:6:1
Module not found: Can't resolve '@/components/sections/WhyChooseUs'
  4 | import { CategoryGrid } from "@/components/sections/CategoryGrid";
  5 | import { ServicesSection } from "@/components/sections/ServicesSection";
> 6 | import { WhyChooseUs } from "@/components/sections/WhyChooseUs";
    | ^^^^^^^^^^^^^^^^^^^^^^^^^^^^^^^^^^^^^^^^^^^^^^^^^^^^^^^^^^^^^^^^
  7 |
  8 | export const metadata: Metadata = {
  9 |   title: "Imperial Essence Trading LLC | Luxury Perfumery, Beauty & Duty Free Distribution ...

Import map: aliased to relative './src/components/sections/WhyChooseUs' inside of [project]/

https://nextjs.org/docs/messages/module-not-found @ http://localhost:3000/_next/static/chunks/node_modules_next_dist_1gdrd03._.js:1945
[  229781ms] [ERROR] ./src/app/page.tsx:6:1
Module not found: Can't resolve '@/components/sections/WhyChooseUs'
  4 | import { CategoryGrid } from "@/components/sections/CategoryGrid";
  5 | import { ServicesSection } from "@/components/sections/ServicesSection";
> 6 | import { WhyChooseUs } from "@/components/sections/WhyChooseUs";
    | ^^^^^^^^^^^^^^^^^^^^^^^^^^^^^^^^^^^^^^^^^^^^^^^^^^^^^^^^^^^^^^^^
  7 |
  8 | export const metadata: Metadata = {
  9 |   title: "Imperial Essence Trading LLC | Luxury Perfumery, Beauty & Duty Free Distribution ...

Import map: aliased to relative './src/components/sections/WhyChooseUs' inside of [project]/

https://nextjs.org/docs/messages/module-not-found @ http://localhost:3000/_next/static/chunks/node_modules_next_dist_1gdrd03._.js:1945
[  229828ms] [ERROR] ./src/app/page.tsx:6:1
Module not found: Can't resolve '@/components/sections/WhyChooseUs'
  4 | import { CategoryGrid } from "@/components/sections/CategoryGrid";
  5 | import { ServicesSection } from "@/components/sections/ServicesSection";
> 6 | import { WhyChooseUs } from "@/components/sections/WhyChooseUs";
    | ^^^^^^^^^^^^^^^^^^^^^^^^^^^^^^^^^^^^^^^^^^^^^^^^^^^^^^^^^^^^^^^^
  7 |
  8 | export const metadata: Metadata = {
  9 |   title: "Imperial Essence Trading LLC | Luxury Perfumery, Beauty & Duty Free Distribution ...

Import map: aliased to relative './src/components/sections/WhyChooseUs' inside of [project]/

https://nextjs.org/docs/messages/module-not-found @ http://localhost:3000/_next/static/chunks/node_modules_next_dist_1gdrd03._.js:1945
[  229891ms] [ERROR] ./src/app/page.tsx:6:1
Module not found: Can't resolve '@/components/sections/WhyChooseUs'
  4 | import { CategoryGrid } from "@/components/sections/CategoryGrid";
  5 | import { ServicesSection } from "@/components/sections/ServicesSection";
> 6 | import { WhyChooseUs } from "@/components/sections/WhyChooseUs";
    | ^^^^^^^^^^^^^^^^^^^^^^^^^^^^^^^^^^^^^^^^^^^^^^^^^^^^^^^^^^^^^^^^
  7 |
  8 | export const metadata: Metadata = {
  9 |   title: "Imperial Essence Trading LLC | Luxury Perfumery, Beauty & Duty Free Distribution ...

Import map: aliased to relative './src/components/sections/WhyChooseUs' inside of [project]/

https://nextjs.org/docs/messages/module-not-found @ http://localhost:3000/_next/static/chunks/node_modules_next_dist_1gdrd03._.js:1945
[  229956ms] [ERROR] ./src/app/page.tsx:6:1
Module not found: Can't resolve '@/components/sections/WhyChooseUs'
  4 | import { CategoryGrid } from "@/components/sections/CategoryGrid";
  5 | import { ServicesSection } from "@/components/sections/ServicesSection";
> 6 | import { WhyChooseUs } from "@/components/sections/WhyChooseUs";
    | ^^^^^^^^^^^^^^^^^^^^^^^^^^^^^^^^^^^^^^^^^^^^^^^^^^^^^^^^^^^^^^^^
  7 |
  8 | export const metadata: Metadata = {
  9 |   title: "Imperial Essence Trading LLC | Luxury Perfumery, Beauty & Duty Free Distribution ...

Import map: aliased to relative './src/components/sections/WhyChooseUs' inside of [project]/

https://nextjs.org/docs/messages/module-not-found @ http://localhost:3000/_next/static/chunks/node_modules_next_dist_1gdrd03._.js:1945
[  230012ms] [LOG] [Fast Refresh] rebuilding @ http://localhost:3000/_next/static/chunks/node_modules_next_dist_1gdrd03._.js:1226
[  230095ms] [ERROR] ./src/app/page.tsx:6:1
Module not found: Can't resolve '@/components/sections/WhyChooseUs'
  4 | import { CategoryGrid } from "@/components/sections/CategoryGrid";
  5 | import { ServicesSection } from "@/components/sections/ServicesSection";
> 6 | import { WhyChooseUs } from "@/components/sections/WhyChooseUs";
    | ^^^^^^^^^^^^^^^^^^^^^^^^^^^^^^^^^^^^^^^^^^^^^^^^^^^^^^^^^^^^^^^^
  7 |
  8 | export const metadata: Metadata = {
  9 |   title: "Imperial Essence Trading LLC | Luxury Perfumery, Beauty & Duty Free Distribution ...

Import map: aliased to relative './src/components/sections/WhyChooseUs' inside of [project]/

https://nextjs.org/docs/messages/module-not-found @ http://localhost:3000/_next/static/chunks/node_modules_next_dist_1gdrd03._.js:1945
[  230157ms] [ERROR] ./src/app/page.tsx:6:1
Module not found: Can't resolve '@/components/sections/WhyChooseUs'
  4 | import { CategoryGrid } from "@/components/sections/CategoryGrid";
  5 | import { ServicesSection } from "@/components/sections/ServicesSection";
> 6 | import { WhyChooseUs } from "@/components/sections/WhyChooseUs";
    | ^^^^^^^^^^^^^^^^^^^^^^^^^^^^^^^^^^^^^^^^^^^^^^^^^^^^^^^^^^^^^^^^
  7 |
  8 | export const metadata: Metadata = {
  9 |   title: "Imperial Essence Trading LLC | Luxury Perfumery, Beauty & Duty Free Distribution ...

Import map: aliased to relative './src/components/sections/WhyChooseUs' inside of [project]/

https://nextjs.org/docs/messages/module-not-found @ http://localhost:3000/_next/static/chunks/node_modules_next_dist_1gdrd03._.js:1945
[  230222ms] [ERROR] ./src/app/page.tsx:6:1
Module not found: Can't resolve '@/components/sections/WhyChooseUs'
  4 | import { CategoryGrid } from "@/components/sections/CategoryGrid";
  5 | import { ServicesSection } from "@/components/sections/ServicesSection";
> 6 | import { WhyChooseUs } from "@/components/sections/WhyChooseUs";
    | ^^^^^^^^^^^^^^^^^^^^^^^^^^^^^^^^^^^^^^^^^^^^^^^^^^^^^^^^^^^^^^^^
  7 |
  8 | export const metadata: Metadata = {
  9 |   title: "Imperial Essence Trading LLC | Luxury Perfumery, Beauty & Duty Free Distribution ...

Import map: aliased to relative './src/components/sections/WhyChooseUs' inside of [project]/

https://nextjs.org/docs/messages/module-not-found @ http://localhost:3000/_next/static/chunks/node_modules_next_dist_1gdrd03._.js:1945
[  230287ms] [ERROR] ./src/app/page.tsx:6:1
Module not found: Can't resolve '@/components/sections/WhyChooseUs'
  4 | import { CategoryGrid } from "@/components/sections/CategoryGrid";
  5 | import { ServicesSection } from "@/components/sections/ServicesSection";
> 6 | import { WhyChooseUs } from "@/components/sections/WhyChooseUs";
    | ^^^^^^^^^^^^^^^^^^^^^^^^^^^^^^^^^^^^^^^^^^^^^^^^^^^^^^^^^^^^^^^^
  7 |
  8 | export const metadata: Metadata = {
  9 |   title: "Imperial Essence Trading LLC | Luxury Perfumery, Beauty & Duty Free Distribution ...

Import map: aliased to relative './src/components/sections/WhyChooseUs' inside of [project]/

https://nextjs.org/docs/messages/module-not-found @ http://localhost:3000/_next/static/chunks/node_modules_next_dist_1gdrd03._.js:1945
[  230345ms] [ERROR] ./src/app/page.tsx:6:1
Module not found: Can't resolve '@/components/sections/WhyChooseUs'
  4 | import { CategoryGrid } from "@/components/sections/CategoryGrid";
  5 | import { ServicesSection } from "@/components/sections/ServicesSection";
> 6 | import { WhyChooseUs } from "@/components/sections/WhyChooseUs";
    | ^^^^^^^^^^^^^^^^^^^^^^^^^^^^^^^^^^^^^^^^^^^^^^^^^^^^^^^^^^^^^^^^
  7 |
  8 | export const metadata: Metadata = {
  9 |   title: "Imperial Essence Trading LLC | Luxury Perfumery, Beauty & Duty Free Distribution ...

Import map: aliased to relative './src/components/sections/WhyChooseUs' inside of [project]/

https://nextjs.org/docs/messages/module-not-found @ http://localhost:3000/_next/static/chunks/node_modules_next_dist_1gdrd03._.js:1945
[  230406ms] [ERROR] ./src/app/page.tsx:6:1
Module not found: Can't resolve '@/components/sections/WhyChooseUs'
  4 | import { CategoryGrid } from "@/components/sections/CategoryGrid";
  5 | import { ServicesSection } from "@/components/sections/ServicesSection";
> 6 | import { WhyChooseUs } from "@/components/sections/WhyChooseUs";
    | ^^^^^^^^^^^^^^^^^^^^^^^^^^^^^^^^^^^^^^^^^^^^^^^^^^^^^^^^^^^^^^^^
  7 |
  8 | export const metadata: Metadata = {
  9 |   title: "Imperial Essence Trading LLC | Luxury Perfumery, Beauty & Duty Free Distribution ...

Import map: aliased to relative './src/components/sections/WhyChooseUs' inside of [project]/

https://nextjs.org/docs/messages/module-not-found @ http://localhost:3000/_next/static/chunks/node_modules_next_dist_1gdrd03._.js:1945
[  230472ms] [ERROR] ./src/app/page.tsx:6:1
Module not found: Can't resolve '@/components/sections/WhyChooseUs'
  4 | import { CategoryGrid } from "@/components/sections/CategoryGrid";
  5 | import { ServicesSection } from "@/components/sections/ServicesSection";
> 6 | import { WhyChooseUs } from "@/components/sections/WhyChooseUs";
    | ^^^^^^^^^^^^^^^^^^^^^^^^^^^^^^^^^^^^^^^^^^^^^^^^^^^^^^^^^^^^^^^^
  7 |
  8 | export const metadata: Metadata = {
  9 |   title: "Imperial Essence Trading LLC | Luxury Perfumery, Beauty & Duty Free Distribution ...

Import map: aliased to relative './src/components/sections/WhyChooseUs' inside of [project]/

https://nextjs.org/docs/messages/module-not-found @ http://localhost:3000/_next/static/chunks/node_modules_next_dist_1gdrd03._.js:1945
[  230528ms] [ERROR] ./src/app/page.tsx:6:1
Module not found: Can't resolve '@/components/sections/WhyChooseUs'
  4 | import { CategoryGrid } from "@/components/sections/CategoryGrid";
  5 | import { ServicesSection } from "@/components/sections/ServicesSection";
> 6 | import { WhyChooseUs } from "@/components/sections/WhyChooseUs";
    | ^^^^^^^^^^^^^^^^^^^^^^^^^^^^^^^^^^^^^^^^^^^^^^^^^^^^^^^^^^^^^^^^
  7 |
  8 | export const metadata: Metadata = {
  9 |   title: "Imperial Essence Trading LLC | Luxury Perfumery, Beauty & Duty Free Distribution ...

Import map: aliased to relative './src/components/sections/WhyChooseUs' inside of [project]/

https://nextjs.org/docs/messages/module-not-found @ http://localhost:3000/_next/static/chunks/node_modules_next_dist_1gdrd03._.js:1945
[  230589ms] [ERROR] ./src/app/page.tsx:6:1
Module not found: Can't resolve '@/components/sections/WhyChooseUs'
  4 | import { CategoryGrid } from "@/components/sections/CategoryGrid";
  5 | import { ServicesSection } from "@/components/sections/ServicesSection";
> 6 | import { WhyChooseUs } from "@/components/sections/WhyChooseUs";
    | ^^^^^^^^^^^^^^^^^^^^^^^^^^^^^^^^^^^^^^^^^^^^^^^^^^^^^^^^^^^^^^^^
  7 |
  8 | export const metadata: Metadata = {
  9 |   title: "Imperial Essence Trading LLC | Luxury Perfumery, Beauty & Duty Free Distribution ...

Import map: aliased to relative './src/components/sections/WhyChooseUs' inside of [project]/

https://nextjs.org/docs/messages/module-not-found @ http://localhost:3000/_next/static/chunks/node_modules_next_dist_1gdrd03._.js:1945
[  230654ms] [ERROR] ./src/app/page.tsx:6:1
Module not found: Can't resolve '@/components/sections/WhyChooseUs'
  4 | import { CategoryGrid } from "@/components/sections/CategoryGrid";
  5 | import { ServicesSection } from "@/components/sections/ServicesSection";
> 6 | import { WhyChooseUs } from "@/components/sections/WhyChooseUs";
    | ^^^^^^^^^^^^^^^^^^^^^^^^^^^^^^^^^^^^^^^^^^^^^^^^^^^^^^^^^^^^^^^^
  7 |
  8 | export const metadata: Metadata = {
  9 |   title: "Imperial Essence Trading LLC | Luxury Perfumery, Beauty & Duty Free Distribution ...

Import map: aliased to relative './src/components/sections/WhyChooseUs' inside of [project]/

https://nextjs.org/docs/messages/module-not-found @ http://localhost:3000/_next/static/chunks/node_modules_next_dist_1gdrd03._.js:1945
[  230727ms] [ERROR] ./src/app/page.tsx:6:1
Module not found: Can't resolve '@/components/sections/WhyChooseUs'
  4 | import { CategoryGrid } from "@/components/sections/CategoryGrid";
  5 | import { ServicesSection } from "@/components/sections/ServicesSection";
> 6 | import { WhyChooseUs } from "@/components/sections/WhyChooseUs";
    | ^^^^^^^^^^^^^^^^^^^^^^^^^^^^^^^^^^^^^^^^^^^^^^^^^^^^^^^^^^^^^^^^
  7 |
  8 | export const metadata: Metadata = {
  9 |   title: "Imperial Essence Trading LLC | Luxury Perfumery, Beauty & Duty Free Distribution ...

Import map: aliased to relative './src/components/sections/WhyChooseUs' inside of [project]/

https://nextjs.org/docs/messages/module-not-found @ http://localhost:3000/_next/static/chunks/node_modules_next_dist_1gdrd03._.js:1945
[  230788ms] [LOG] [Fast Refresh] rebuilding @ http://localhost:3000/_next/static/chunks/node_modules_next_dist_1gdrd03._.js:1226
[  230809ms] [ERROR] ./src/app/page.tsx:6:1
Module not found: Can't resolve '@/components/sections/WhyChooseUs'
  4 | import { CategoryGrid } from "@/components/sections/CategoryGrid";
  5 | import { ServicesSection } from "@/components/sections/ServicesSection";
> 6 | import { WhyChooseUs } from "@/components/sections/WhyChooseUs";
    | ^^^^^^^^^^^^^^^^^^^^^^^^^^^^^^^^^^^^^^^^^^^^^^^^^^^^^^^^^^^^^^^^
  7 |
  8 | export const metadata: Metadata = {
  9 |   title: "Imperial Essence Trading LLC | Luxury Perfumery, Beauty & Duty Free Distribution ...

Import map: aliased to relative './src/components/sections/WhyChooseUs' inside of [project]/

https://nextjs.org/docs/messages/module-not-found @ http://localhost:3000/_next/static/chunks/node_modules_next_dist_1gdrd03._.js:1945
[  230867ms] [ERROR] ./src/app/page.tsx:6:1
Module not found: Can't resolve '@/components/sections/WhyChooseUs'
  4 | import { CategoryGrid } from "@/components/sections/CategoryGrid";
  5 | import { ServicesSection } from "@/components/sections/ServicesSection";
> 6 | import { WhyChooseUs } from "@/components/sections/WhyChooseUs";
    | ^^^^^^^^^^^^^^^^^^^^^^^^^^^^^^^^^^^^^^^^^^^^^^^^^^^^^^^^^^^^^^^^
  7 |
  8 | export const metadata: Metadata = {
  9 |   title: "Imperial Essence Trading LLC | Luxury Perfumery, Beauty & Duty Free Distribution ...

Import map: aliased to relative './src/components/sections/WhyChooseUs' inside of [project]/

https://nextjs.org/docs/messages/module-not-found @ http://localhost:3000/_next/static/chunks/node_modules_next_dist_1gdrd03._.js:1945
[  230926ms] [ERROR] ./src/app/page.tsx:6:1
Module not found: Can't resolve '@/components/sections/WhyChooseUs'
  4 | import { CategoryGrid } from "@/components/sections/CategoryGrid";
  5 | import { ServicesSection } from "@/components/sections/ServicesSection";
> 6 | import { WhyChooseUs } from "@/components/sections/WhyChooseUs";
    | ^^^^^^^^^^^^^^^^^^^^^^^^^^^^^^^^^^^^^^^^^^^^^^^^^^^^^^^^^^^^^^^^
  7 |
  8 | export const metadata: Metadata = {
  9 |   title: "Imperial Essence Trading LLC | Luxury Perfumery, Beauty & Duty Free Distribution ...

Import map: aliased to relative './src/components/sections/WhyChooseUs' inside of [project]/

https://nextjs.org/docs/messages/module-not-found @ http://localhost:3000/_next/static/chunks/node_modules_next_dist_1gdrd03._.js:1945
[  230989ms] [ERROR] ./src/app/page.tsx:6:1
Module not found: Can't resolve '@/components/sections/WhyChooseUs'
  4 | import { CategoryGrid } from "@/components/sections/CategoryGrid";
  5 | import { ServicesSection } from "@/components/sections/ServicesSection";
> 6 | import { WhyChooseUs } from "@/components/sections/WhyChooseUs";
    | ^^^^^^^^^^^^^^^^^^^^^^^^^^^^^^^^^^^^^^^^^^^^^^^^^^^^^^^^^^^^^^^^
  7 |
  8 | export const metadata: Metadata = {
  9 |   title: "Imperial Essence Trading LLC | Luxury Perfumery, Beauty & Duty Free Distribution ...

Import map: aliased to relative './src/components/sections/WhyChooseUs' inside of [project]/

https://nextjs.org/docs/messages/module-not-found @ http://localhost:3000/_next/static/chunks/node_modules_next_dist_1gdrd03._.js:1945
[  231055ms] [ERROR] ./src/app/page.tsx:6:1
Module not found: Can't resolve '@/components/sections/WhyChooseUs'
  4 | import { CategoryGrid } from "@/components/sections/CategoryGrid";
  5 | import { ServicesSection } from "@/components/sections/ServicesSection";
> 6 | import { WhyChooseUs } from "@/components/sections/WhyChooseUs";
    | ^^^^^^^^^^^^^^^^^^^^^^^^^^^^^^^^^^^^^^^^^^^^^^^^^^^^^^^^^^^^^^^^
  7 |
  8 | export const metadata: Metadata = {
  9 |   title: "Imperial Essence Trading LLC | Luxury Perfumery, Beauty & Duty Free Distribution ...

Import map: aliased to relative './src/components/sections/WhyChooseUs' inside of [project]/

https://nextjs.org/docs/messages/module-not-found @ http://localhost:3000/_next/static/chunks/node_modules_next_dist_1gdrd03._.js:1945
[  231112ms] [ERROR] ./src/app/page.tsx:6:1
Module not found: Can't resolve '@/components/sections/WhyChooseUs'
  4 | import { CategoryGrid } from "@/components/sections/CategoryGrid";
  5 | import { ServicesSection } from "@/components/sections/ServicesSection";
> 6 | import { WhyChooseUs } from "@/components/sections/WhyChooseUs";
    | ^^^^^^^^^^^^^^^^^^^^^^^^^^^^^^^^^^^^^^^^^^^^^^^^^^^^^^^^^^^^^^^^
  7 |
  8 | export const metadata: Metadata = {
  9 |   title: "Imperial Essence Trading LLC | Luxury Perfumery, Beauty & Duty Free Distribution ...

Import map: aliased to relative './src/components/sections/WhyChooseUs' inside of [project]/

https://nextjs.org/docs/messages/module-not-found @ http://localhost:3000/_next/static/chunks/node_modules_next_dist_1gdrd03._.js:1945
[  231173ms] [ERROR] ./src/app/page.tsx:6:1
Module not found: Can't resolve '@/components/sections/WhyChooseUs'
  4 | import { CategoryGrid } from "@/components/sections/CategoryGrid";
  5 | import { ServicesSection } from "@/components/sections/ServicesSection";
> 6 | import { WhyChooseUs } from "@/components/sections/WhyChooseUs";
    | ^^^^^^^^^^^^^^^^^^^^^^^^^^^^^^^^^^^^^^^^^^^^^^^^^^^^^^^^^^^^^^^^
  7 |
  8 | export const metadata: Metadata = {
  9 |   title: "Imperial Essence Trading LLC | Luxury Perfumery, Beauty & Duty Free Distribution ...

Import map: aliased to relative './src/components/sections/WhyChooseUs' inside of [project]/

https://nextjs.org/docs/messages/module-not-found @ http://localhost:3000/_next/static/chunks/node_modules_next_dist_1gdrd03._.js:1945
[  231235ms] [ERROR] ./src/app/page.tsx:6:1
Module not found: Can't resolve '@/components/sections/WhyChooseUs'
  4 | import { CategoryGrid } from "@/components/sections/CategoryGrid";
  5 | import { ServicesSection } from "@/components/sections/ServicesSection";
> 6 | import { WhyChooseUs } from "@/components/sections/WhyChooseUs";
    | ^^^^^^^^^^^^^^^^^^^^^^^^^^^^^^^^^^^^^^^^^^^^^^^^^^^^^^^^^^^^^^^^
  7 |
  8 | export const metadata: Metadata = {
  9 |   title: "Imperial Essence Trading LLC | Luxury Perfumery, Beauty & Duty Free Distribution ...

Import map: aliased to relative './src/components/sections/WhyChooseUs' inside of [project]/

https://nextjs.org/docs/messages/module-not-found @ http://localhost:3000/_next/static/chunks/node_modules_next_dist_1gdrd03._.js:1945
[  231296ms] [ERROR] ./src/app/page.tsx:6:1
Module not found: Can't resolve '@/components/sections/WhyChooseUs'
  4 | import { CategoryGrid } from "@/components/sections/CategoryGrid";
  5 | import { ServicesSection } from "@/components/sections/ServicesSection";
> 6 | import { WhyChooseUs } from "@/components/sections/WhyChooseUs";
    | ^^^^^^^^^^^^^^^^^^^^^^^^^^^^^^^^^^^^^^^^^^^^^^^^^^^^^^^^^^^^^^^^
  7 |
  8 | export const metadata: Metadata = {
  9 |   title: "Imperial Essence Trading LLC | Luxury Perfumery, Beauty & Duty Free Distribution ...

Import map: aliased to relative './src/components/sections/WhyChooseUs' inside of [project]/

https://nextjs.org/docs/messages/module-not-found @ http://localhost:3000/_next/static/chunks/node_modules_next_dist_1gdrd03._.js:1945
[  231359ms] [ERROR] ./src/app/page.tsx:6:1
Module not found: Can't resolve '@/components/sections/WhyChooseUs'
  4 | import { CategoryGrid } from "@/components/sections/CategoryGrid";
  5 | import { ServicesSection } from "@/components/sections/ServicesSection";
> 6 | import { WhyChooseUs } from "@/components/sections/WhyChooseUs";
    | ^^^^^^^^^^^^^^^^^^^^^^^^^^^^^^^^^^^^^^^^^^^^^^^^^^^^^^^^^^^^^^^^
  7 |
  8 | export const metadata: Metadata = {
  9 |   title: "Imperial Essence Trading LLC | Luxury Perfumery, Beauty & Duty Free Distribution ...

Import map: aliased to relative './src/components/sections/WhyChooseUs' inside of [project]/

https://nextjs.org/docs/messages/module-not-found @ http://localhost:3000/_next/static/chunks/node_modules_next_dist_1gdrd03._.js:1945
[  231423ms] [ERROR] ./src/app/page.tsx:6:1
Module not found: Can't resolve '@/components/sections/WhyChooseUs'
  4 | import { CategoryGrid } from "@/components/sections/CategoryGrid";
  5 | import { ServicesSection } from "@/components/sections/ServicesSection";
> 6 | import { WhyChooseUs } from "@/components/sections/WhyChooseUs";
    | ^^^^^^^^^^^^^^^^^^^^^^^^^^^^^^^^^^^^^^^^^^^^^^^^^^^^^^^^^^^^^^^^
  7 |
  8 | export const metadata: Metadata = {
  9 |   title: "Imperial Essence Trading LLC | Luxury Perfumery, Beauty & Duty Free Distribution ...

Import map: aliased to relative './src/components/sections/WhyChooseUs' inside of [project]/

https://nextjs.org/docs/messages/module-not-found @ http://localhost:3000/_next/static/chunks/node_modules_next_dist_1gdrd03._.js:1945
[  231488ms] [ERROR] ./src/app/page.tsx:6:1
Module not found: Can't resolve '@/components/sections/WhyChooseUs'
  4 | import { CategoryGrid } from "@/components/sections/CategoryGrid";
  5 | import { ServicesSection } from "@/components/sections/ServicesSection";
> 6 | import { WhyChooseUs } from "@/components/sections/WhyChooseUs";
    | ^^^^^^^^^^^^^^^^^^^^^^^^^^^^^^^^^^^^^^^^^^^^^^^^^^^^^^^^^^^^^^^^
  7 |
  8 | export const metadata: Metadata = {
  9 |   title: "Imperial Essence Trading LLC | Luxury Perfumery, Beauty & Duty Free Distribution ...

Import map: aliased to relative './src/components/sections/WhyChooseUs' inside of [project]/

https://nextjs.org/docs/messages/module-not-found @ http://localhost:3000/_next/static/chunks/node_modules_next_dist_1gdrd03._.js:1945
[  231642ms] [ERROR] ./src/app/page.tsx:6:1
Module not found: Can't resolve '@/components/sections/WhyChooseUs'
  4 | import { CategoryGrid } from "@/components/sections/CategoryGrid";
  5 | import { ServicesSection } from "@/components/sections/ServicesSection";
> 6 | import { WhyChooseUs } from "@/components/sections/WhyChooseUs";
    | ^^^^^^^^^^^^^^^^^^^^^^^^^^^^^^^^^^^^^^^^^^^^^^^^^^^^^^^^^^^^^^^^
  7 |
  8 | export const metadata: Metadata = {
  9 |   title: "Imperial Essence Trading LLC | Luxury Perfumery, Beauty & Duty Free Distribution ...

Import map: aliased to relative './src/components/sections/WhyChooseUs' inside of [project]/

https://nextjs.org/docs/messages/module-not-found @ http://localhost:3000/_next/static/chunks/node_modules_next_dist_1gdrd03._.js:1945
[  231656ms] [LOG] [Fast Refresh] rebuilding @ http://localhost:3000/_next/static/chunks/node_modules_next_dist_1gdrd03._.js:1226
[  231720ms] [ERROR] ./src/app/page.tsx:6:1
Module not found: Can't resolve '@/components/sections/WhyChooseUs'
  4 | import { CategoryGrid } from "@/components/sections/CategoryGrid";
  5 | import { ServicesSection } from "@/components/sections/ServicesSection";
> 6 | import { WhyChooseUs } from "@/components/sections/WhyChooseUs";
    | ^^^^^^^^^^^^^^^^^^^^^^^^^^^^^^^^^^^^^^^^^^^^^^^^^^^^^^^^^^^^^^^^
  7 |
  8 | export const metadata: Metadata = {
  9 |   title: "Imperial Essence Trading LLC | Luxury Perfumery, Beauty & Duty Free Distribution ...

Import map: aliased to relative './src/components/sections/WhyChooseUs' inside of [project]/

https://nextjs.org/docs/messages/module-not-found @ http://localhost:3000/_next/static/chunks/node_modules_next_dist_1gdrd03._.js:1945
[  231783ms] [ERROR] ./src/app/page.tsx:6:1
Module not found: Can't resolve '@/components/sections/WhyChooseUs'
  4 | import { CategoryGrid } from "@/components/sections/CategoryGrid";
  5 | import { ServicesSection } from "@/components/sections/ServicesSection";
> 6 | import { WhyChooseUs } from "@/components/sections/WhyChooseUs";
    | ^^^^^^^^^^^^^^^^^^^^^^^^^^^^^^^^^^^^^^^^^^^^^^^^^^^^^^^^^^^^^^^^
  7 |
  8 | export const metadata: Metadata = {
  9 |   title: "Imperial Essence Trading LLC | Luxury Perfumery, Beauty & Duty Free Distribution ...

Import map: aliased to relative './src/components/sections/WhyChooseUs' inside of [project]/

https://nextjs.org/docs/messages/module-not-found @ http://localhost:3000/_next/static/chunks/node_modules_next_dist_1gdrd03._.js:1945
[  231844ms] [ERROR] ./src/app/page.tsx:6:1
Module not found: Can't resolve '@/components/sections/WhyChooseUs'
  4 | import { CategoryGrid } from "@/components/sections/CategoryGrid";
  5 | import { ServicesSection } from "@/components/sections/ServicesSection";
> 6 | import { WhyChooseUs } from "@/components/sections/WhyChooseUs";
    | ^^^^^^^^^^^^^^^^^^^^^^^^^^^^^^^^^^^^^^^^^^^^^^^^^^^^^^^^^^^^^^^^
  7 |
  8 | export const metadata: Metadata = {
  9 |   title: "Imperial Essence Trading LLC | Luxury Perfumery, Beauty & Duty Free Distribution ...

Import map: aliased to relative './src/components/sections/WhyChooseUs' inside of [project]/

https://nextjs.org/docs/messages/module-not-found @ http://localhost:3000/_next/static/chunks/node_modules_next_dist_1gdrd03._.js:1945
[  231906ms] [ERROR] ./src/app/page.tsx:6:1
Module not found: Can't resolve '@/components/sections/WhyChooseUs'
  4 | import { CategoryGrid } from "@/components/sections/CategoryGrid";
  5 | import { ServicesSection } from "@/components/sections/ServicesSection";
> 6 | import { WhyChooseUs } from "@/components/sections/WhyChooseUs";
    | ^^^^^^^^^^^^^^^^^^^^^^^^^^^^^^^^^^^^^^^^^^^^^^^^^^^^^^^^^^^^^^^^
  7 |
  8 | export const metadata: Metadata = {
  9 |   title: "Imperial Essence Trading LLC | Luxury Perfumery, Beauty & Duty Free Distribution ...

Import map: aliased to relative './src/components/sections/WhyChooseUs' inside of [project]/

https://nextjs.org/docs/messages/module-not-found @ http://localhost:3000/_next/static/chunks/node_modules_next_dist_1gdrd03._.js:1945
[  231967ms] [ERROR] ./src/app/page.tsx:6:1
Module not found: Can't resolve '@/components/sections/WhyChooseUs'
  4 | import { CategoryGrid } from "@/components/sections/CategoryGrid";
  5 | import { ServicesSection } from "@/components/sections/ServicesSection";
> 6 | import { WhyChooseUs } from "@/components/sections/WhyChooseUs";
    | ^^^^^^^^^^^^^^^^^^^^^^^^^^^^^^^^^^^^^^^^^^^^^^^^^^^^^^^^^^^^^^^^
  7 |
  8 | export const metadata: Metadata = {
  9 |   title: "Imperial Essence Trading LLC | Luxury Perfumery, Beauty & Duty Free Distribution ...

Import map: aliased to relative './src/components/sections/WhyChooseUs' inside of [project]/

https://nextjs.org/docs/messages/module-not-found @ http://localhost:3000/_next/static/chunks/node_modules_next_dist_1gdrd03._.js:1945
[  232032ms] [ERROR] ./src/app/page.tsx:6:1
Module not found: Can't resolve '@/components/sections/WhyChooseUs'
  4 | import { CategoryGrid } from "@/components/sections/CategoryGrid";
  5 | import { ServicesSection } from "@/components/sections/ServicesSection";
> 6 | import { WhyChooseUs } from "@/components/sections/WhyChooseUs";
    | ^^^^^^^^^^^^^^^^^^^^^^^^^^^^^^^^^^^^^^^^^^^^^^^^^^^^^^^^^^^^^^^^
  7 |
  8 | export const metadata: Metadata = {
  9 |   title: "Imperial Essence Trading LLC | Luxury Perfumery, Beauty & Duty Free Distribution ...

Import map: aliased to relative './src/components/sections/WhyChooseUs' inside of [project]/

https://nextjs.org/docs/messages/module-not-found @ http://localhost:3000/_next/static/chunks/node_modules_next_dist_1gdrd03._.js:1945
[  232094ms] [ERROR] ./src/app/page.tsx:6:1
Module not found: Can't resolve '@/components/sections/WhyChooseUs'
  4 | import { CategoryGrid } from "@/components/sections/CategoryGrid";
  5 | import { ServicesSection } from "@/components/sections/ServicesSection";
> 6 | import { WhyChooseUs } from "@/components/sections/WhyChooseUs";
    | ^^^^^^^^^^^^^^^^^^^^^^^^^^^^^^^^^^^^^^^^^^^^^^^^^^^^^^^^^^^^^^^^
  7 |
  8 | export const metadata: Metadata = {
  9 |   title: "Imperial Essence Trading LLC | Luxury Perfumery, Beauty & Duty Free Distribution ...

Import map: aliased to relative './src/components/sections/WhyChooseUs' inside of [project]/

https://nextjs.org/docs/messages/module-not-found @ http://localhost:3000/_next/static/chunks/node_modules_next_dist_1gdrd03._.js:1945
[  232156ms] [ERROR] ./src/app/page.tsx:6:1
Module not found: Can't resolve '@/components/sections/WhyChooseUs'
  4 | import { CategoryGrid } from "@/components/sections/CategoryGrid";
  5 | import { ServicesSection } from "@/components/sections/ServicesSection";
> 6 | import { WhyChooseUs } from "@/components/sections/WhyChooseUs";
    | ^^^^^^^^^^^^^^^^^^^^^^^^^^^^^^^^^^^^^^^^^^^^^^^^^^^^^^^^^^^^^^^^
  7 |
  8 | export const metadata: Metadata = {
  9 |   title: "Imperial Essence Trading LLC | Luxury Perfumery, Beauty & Duty Free Distribution ...

Import map: aliased to relative './src/components/sections/WhyChooseUs' inside of [project]/

https://nextjs.org/docs/messages/module-not-found @ http://localhost:3000/_next/static/chunks/node_modules_next_dist_1gdrd03._.js:1945
[  232219ms] [ERROR] ./src/app/page.tsx:6:1
Module not found: Can't resolve '@/components/sections/WhyChooseUs'
  4 | import { CategoryGrid } from "@/components/sections/CategoryGrid";
  5 | import { ServicesSection } from "@/components/sections/ServicesSection";
> 6 | import { WhyChooseUs } from "@/components/sections/WhyChooseUs";
    | ^^^^^^^^^^^^^^^^^^^^^^^^^^^^^^^^^^^^^^^^^^^^^^^^^^^^^^^^^^^^^^^^
  7 |
  8 | export const metadata: Metadata = {
  9 |   title: "Imperial Essence Trading LLC | Luxury Perfumery, Beauty & Duty Free Distribution ...

Import map: aliased to relative './src/components/sections/WhyChooseUs' inside of [project]/

https://nextjs.org/docs/messages/module-not-found @ http://localhost:3000/_next/static/chunks/node_modules_next_dist_1gdrd03._.js:1945
[  232282ms] [ERROR] ./src/app/page.tsx:6:1
Module not found: Can't resolve '@/components/sections/WhyChooseUs'
  4 | import { CategoryGrid } from "@/components/sections/CategoryGrid";
  5 | import { ServicesSection } from "@/components/sections/ServicesSection";
> 6 | import { WhyChooseUs } from "@/components/sections/WhyChooseUs";
    | ^^^^^^^^^^^^^^^^^^^^^^^^^^^^^^^^^^^^^^^^^^^^^^^^^^^^^^^^^^^^^^^^
  7 |
  8 | export const metadata: Metadata = {
  9 |   title: "Imperial Essence Trading LLC | Luxury Perfumery, Beauty & Duty Free Distribution ...

Import map: aliased to relative './src/components/sections/WhyChooseUs' inside of [project]/

https://nextjs.org/docs/messages/module-not-found @ http://localhost:3000/_next/static/chunks/node_modules_next_dist_1gdrd03._.js:1945
[  232342ms] [ERROR] ./src/app/page.tsx:6:1
Module not found: Can't resolve '@/components/sections/WhyChooseUs'
  4 | import { CategoryGrid } from "@/components/sections/CategoryGrid";
  5 | import { ServicesSection } from "@/components/sections/ServicesSection";
> 6 | import { WhyChooseUs } from "@/components/sections/WhyChooseUs";
    | ^^^^^^^^^^^^^^^^^^^^^^^^^^^^^^^^^^^^^^^^^^^^^^^^^^^^^^^^^^^^^^^^
  7 |
  8 | export const metadata: Metadata = {
  9 |   title: "Imperial Essence Trading LLC | Luxury Perfumery, Beauty & Duty Free Distribution ...

Import map: aliased to relative './src/components/sections/WhyChooseUs' inside of [project]/

https://nextjs.org/docs/messages/module-not-found @ http://localhost:3000/_next/static/chunks/node_modules_next_dist_1gdrd03._.js:1945
[  232404ms] [ERROR] ./src/app/page.tsx:6:1
Module not found: Can't resolve '@/components/sections/WhyChooseUs'
  4 | import { CategoryGrid } from "@/components/sections/CategoryGrid";
  5 | import { ServicesSection } from "@/components/sections/ServicesSection";
> 6 | import { WhyChooseUs } from "@/components/sections/WhyChooseUs";
    | ^^^^^^^^^^^^^^^^^^^^^^^^^^^^^^^^^^^^^^^^^^^^^^^^^^^^^^^^^^^^^^^^
  7 |
  8 | export const metadata: Metadata = {
  9 |   title: "Imperial Essence Trading LLC | Luxury Perfumery, Beauty & Duty Free Distribution ...

Import map: aliased to relative './src/components/sections/WhyChooseUs' inside of [project]/

https://nextjs.org/docs/messages/module-not-found @ http://localhost:3000/_next/static/chunks/node_modules_next_dist_1gdrd03._.js:1945
[  232471ms] [ERROR] ./src/app/page.tsx:6:1
Module not found: Can't resolve '@/components/sections/WhyChooseUs'
  4 | import { CategoryGrid } from "@/components/sections/CategoryGrid";
  5 | import { ServicesSection } from "@/components/sections/ServicesSection";
> 6 | import { WhyChooseUs } from "@/components/sections/WhyChooseUs";
    | ^^^^^^^^^^^^^^^^^^^^^^^^^^^^^^^^^^^^^^^^^^^^^^^^^^^^^^^^^^^^^^^^
  7 |
  8 | export const metadata: Metadata = {
  9 |   title: "Imperial Essence Trading LLC | Luxury Perfumery, Beauty & Duty Free Distribution ...

Import map: aliased to relative './src/components/sections/WhyChooseUs' inside of [project]/

https://nextjs.org/docs/messages/module-not-found @ http://localhost:3000/_next/static/chunks/node_modules_next_dist_1gdrd03._.js:1945
[  232530ms] [ERROR] ./src/app/page.tsx:6:1
Module not found: Can't resolve '@/components/sections/WhyChooseUs'
  4 | import { CategoryGrid } from "@/components/sections/CategoryGrid";
  5 | import { ServicesSection } from "@/components/sections/ServicesSection";
> 6 | import { WhyChooseUs } from "@/components/sections/WhyChooseUs";
    | ^^^^^^^^^^^^^^^^^^^^^^^^^^^^^^^^^^^^^^^^^^^^^^^^^^^^^^^^^^^^^^^^
  7 |
  8 | export const metadata: Metadata = {
  9 |   title: "Imperial Essence Trading LLC | Luxury Perfumery, Beauty & Duty Free Distribution ...

Import map: aliased to relative './src/components/sections/WhyChooseUs' inside of [project]/

https://nextjs.org/docs/messages/module-not-found @ http://localhost:3000/_next/static/chunks/node_modules_next_dist_1gdrd03._.js:1945
[  232593ms] [ERROR] ./src/app/page.tsx:6:1
Module not found: Can't resolve '@/components/sections/WhyChooseUs'
  4 | import { CategoryGrid } from "@/components/sections/CategoryGrid";
  5 | import { ServicesSection } from "@/components/sections/ServicesSection";
> 6 | import { WhyChooseUs } from "@/components/sections/WhyChooseUs";
    | ^^^^^^^^^^^^^^^^^^^^^^^^^^^^^^^^^^^^^^^^^^^^^^^^^^^^^^^^^^^^^^^^
  7 |
  8 | export const metadata: Metadata = {
  9 |   title: "Imperial Essence Trading LLC | Luxury Perfumery, Beauty & Duty Free Distribution ...

Import map: aliased to relative './src/components/sections/WhyChooseUs' inside of [project]/

https://nextjs.org/docs/messages/module-not-found @ http://localhost:3000/_next/static/chunks/node_modules_next_dist_1gdrd03._.js:1945
[  232647ms] [ERROR] ./src/app/page.tsx:6:1
Module not found: Can't resolve '@/components/sections/WhyChooseUs'
  4 | import { CategoryGrid } from "@/components/sections/CategoryGrid";
  5 | import { ServicesSection } from "@/components/sections/ServicesSection";
> 6 | import { WhyChooseUs } from "@/components/sections/WhyChooseUs";
    | ^^^^^^^^^^^^^^^^^^^^^^^^^^^^^^^^^^^^^^^^^^^^^^^^^^^^^^^^^^^^^^^^
  7 |
  8 | export const metadata: Metadata = {
  9 |   title: "Imperial Essence Trading LLC | Luxury Perfumery, Beauty & Duty Free Distribution ...

Import map: aliased to relative './src/components/sections/WhyChooseUs' inside of [project]/

https://nextjs.org/docs/messages/module-not-found @ http://localhost:3000/_next/static/chunks/node_modules_next_dist_1gdrd03._.js:1945
[  232761ms] [LOG] [Fast Refresh] rebuilding @ http://localhost:3000/_next/static/chunks/node_modules_next_dist_1gdrd03._.js:1226
[  232889ms] [LOG] [Fast Refresh] done in 240ms @ http://localhost:3000/_next/static/chunks/node_modules_next_dist_1gdrd03._.js:1226
[  233017ms] [LOG] [Fast Refresh] rebuilding @ http://localhost:3000/_next/static/chunks/node_modules_next_dist_1gdrd03._.js:1226
[  233193ms] [LOG] [Fast Refresh] done in 280ms @ http://localhost:3000/_next/static/chunks/node_modules_next_dist_1gdrd03._.js:1226
[  233333ms] [INFO] %cDownload the React DevTools for a better development experience: https://react.dev/link/react-devtools font-weight:bold @ http://localhost:3000/_next/static/chunks/node_modules_next_dist_1ybzpk2._.js:2489
[  233362ms] [LOG] [HMR] connected @ http://localhost:3000/_next/static/chunks/node_modules_next_dist_1ybzpk2._.js:2489
[  233491ms] [WARNING] Image with src "/images/brand-free-images/imperial-mobile-banner.png" has "fill" prop and "sizes" prop of "100vw", but image is not rendered at full viewport width. Please adjust "sizes" to improve page performance. Read more: https://nextjs.org/docs/api-reference/next/image#sizes @ http://localhost:3000/_next/static/chunks/node_modules_next_dist_1ybzpk2._.js:2489
[  299450ms] [LOG] [Fast Refresh] rebuilding @ http://localhost:3000/_next/static/chunks/node_modules_next_dist_1ybzpk2._.js:2489
[  299590ms] [LOG] [Fast Refresh] done in 193ms @ http://localhost:3000/_next/static/chunks/node_modules_next_dist_1ybzpk2._.js:2489
[ 1111001ms] [LOG] [Fast Refresh] rebuilding @ http://localhost:3000/_next/static/chunks/node_modules_next_dist_1ybzpk2._.js:2489
[ 1111245ms] [LOG] [Fast Refresh] done in 350ms @ http://localhost:3000/_next/static/chunks/node_modules_next_dist_1ybzpk2._.js:2489
[ 1132782ms] [LOG] [Fast Refresh] rebuilding @ http://localhost:3000/_next/static/chunks/node_modules_next_dist_1ybzpk2._.js:2489
[ 1134348ms] [LOG] [Fast Refresh] done in 1666ms @ http://localhost:3000/_next/static/chunks/node_modules_next_dist_1ybzpk2._.js:2489
[ 1134651ms] [LOG] [Fast Refresh] rebuilding @ http://localhost:3000/_next/static/chunks/node_modules_next_dist_1ybzpk2._.js:2489
[ 1134674ms] [LOG] [Fast Refresh] done in 125ms @ http://localhost:3000/_next/static/chunks/node_modules_next_dist_1ybzpk2._.js:2489
[ 1607731ms] [ERROR] WebSocket connection to 'ws://localhost:3000/_next/webpack-hmr?id=69ixrpy53VXV2-GYhrgpR' failed: Error in connection establishment: net::ERR_CONNECTION_REFUSED @ http://localhost:3000/_next/static/chunks/node_modules_next_dist_client_0r5nbpw._.js:13422
[ 1611085ms] [ERROR] WebSocket connection to 'ws://localhost:3000/_next/webpack-hmr?id=69ixrpy53VXV2-GYhrgpR' failed: Error in connection establishment: net::ERR_CONNECTION_REFUSED @ http://localhost:3000/_next/static/chunks/node_modules_next_dist_client_0r5nbpw._.js:13422
[ 1614452ms] [ERROR] WebSocket connection to 'ws://localhost:3000/_next/webpack-hmr?id=69ixrpy53VXV2-GYhrgpR' failed: Error in connection establishment: net::ERR_CONNECTION_REFUSED @ http://localhost:3000/_next/static/chunks/node_modules_next_dist_client_0r5nbpw._.js:13422
[ 1617801ms] [ERROR] WebSocket connection to 'ws://localhost:3000/_next/webpack-hmr?id=69ixrpy53VXV2-GYhrgpR' failed: Error in connection establishment: net::ERR_CONNECTION_REFUSED @ http://localhost:3000/_next/static/chunks/node_modules_next_dist_client_0r5nbpw._.js:13422
[ 1621138ms] [ERROR] WebSocket connection to 'ws://localhost:3000/_next/webpack-hmr?id=69ixrpy53VXV2-GYhrgpR' failed: Error in connection establishment: net::ERR_CONNECTION_REFUSED @ http://localhost:3000/_next/static/chunks/node_modules_next_dist_client_0r5nbpw._.js:13422
[ 1628485ms] [ERROR] WebSocket connection to 'ws://localhost:3000/_next/webpack-hmr?id=69ixrpy53VXV2-GYhrgpR' failed: Error in connection establishment: net::ERR_CONNECTION_REFUSED @ http://localhost:3000/_next/static/chunks/node_modules_next_dist_client_0r5nbpw._.js:13422
[ 1635836ms] [ERROR] WebSocket connection to 'ws://localhost:3000/_next/webpack-hmr?id=69ixrpy53VXV2-GYhrgpR' failed: Error in connection establishment: net::ERR_CONNECTION_REFUSED @ http://localhost:3000/_next/static/chunks/node_modules_next_dist_client_0r5nbpw._.js:13422
[ 1643220ms] [ERROR] WebSocket connection to 'ws://localhost:3000/_next/webpack-hmr?id=69ixrpy53VXV2-GYhrgpR' failed: Error in connection establishment: net::ERR_CONNECTION_REFUSED @ http://localhost:3000/_next/static/chunks/node_modules_next_dist_client_0r5nbpw._.js:13422
[ 1650583ms] [ERROR] WebSocket connection to 'ws://localhost:3000/_next/webpack-hmr?id=69ixrpy53VXV2-GYhrgpR' failed: Error in connection establishment: net::ERR_CONNECTION_REFUSED @ http://localhost:3000/_next/static/chunks/node_modules_next_dist_client_0r5nbpw._.js:13422
[ 1657956ms] [ERROR] WebSocket connection to 'ws://localhost:3000/_next/webpack-hmr?id=69ixrpy53VXV2-GYhrgpR' failed: Error in connection establishment: net::ERR_CONNECTION_REFUSED @ http://localhost:3000/_next/static/chunks/node_modules_next_dist_client_0r5nbpw._.js:13422
[ 1665354ms] [ERROR] WebSocket connection to 'ws://localhost:3000/_next/webpack-hmr?id=69ixrpy53VXV2-GYhrgpR' failed: Error in connection establishment: net::ERR_CONNECTION_REFUSED @ http://localhost:3000/_next/static/chunks/node_modules_next_dist_client_0r5nbpw._.js:13422
[ 1672785ms] [ERROR] WebSocket connection to 'ws://localhost:3000/_next/webpack-hmr?id=69ixrpy53VXV2-GYhrgpR' failed: Error in connection establishment: net::ERR_CONNECTION_REFUSED @ http://localhost:3000/_next/static/chunks/node_modules_next_dist_client_0r5nbpw._.js:13422
[ 2683910ms] [ERROR] Failed to load resource: the server responded with a status of 400 (Bad Request) @ http://localhost:3000/_next/image?url=%2Fimages%2Fimperial-essence-trading-llc%2Fmobile%2Fimperial-essence-dubai-luxury-products-banner-mobile.webp&w=1920&q=75:0
[ 2683920ms] [ERROR] Failed to load resource: the server responded with a status of 400 (Bad Request) @ http://localhost:3000/_next/image?url=%2Fimages%2Fimperial-essence-trading-llc%2Fdesktop%2Fimperial-essence-dubai-luxury-products-banner-desktop.webp&w=1920&q=75:0
[ 2683973ms] [INFO] %cDownload the React DevTools for a better development experience: https://react.dev/link/react-devtools font-weight:bold @ http://localhost:3000/_next/static/chunks/node_modules_next_dist_1ybzpk2._.js:2489
[ 2684095ms] [LOG] [HMR] connected @ http://localhost:3000/_next/static/chunks/node_modules_next_dist_1ybzpk2._.js:2489
[ 2684203ms] [ERROR] Failed to load resource: the server responded with a status of 400 (Bad Request) @ http://localhost:3000/_next/image?url=%2Fimages%2Fimperial-essence-trading-llc%2Fdesktop%2Fimperial-essence-luxury-distribution-banner-desktop.webp&w=1920&q=75:0
[ 2684242ms] [ERROR] Failed to load resource: the server responded with a status of 400 (Bad Request) @ http://localhost:3000/_next/image?url=%2Fimages%2Fimperial-essence-trading-llc%2Fdesktop%2Fimperial-essence-premium-wholesale-banner-desktop.webp&w=1920&q=75:0
[ 2684505ms] [WARNING] Image with src "/images/imperial-essence-trading-llc/mobile/imperial-essence-dubai-luxury-products-banner-mobile.webp" has "fill" but is missing "sizes" prop. Please add it to improve page performance. Read more: https://nextjs.org/docs/api-reference/next/image#sizes @ http://localhost:3000/_next/static/chunks/node_modules_next_dist_1ybzpk2._.js:2489
[ 2684505ms] [WARNING] Image with src "/images/imperial-essence-trading-llc/mobile/imperial-essence-dubai-luxury-products-banner-mobile.webp" has "fill" and a height value of 0. This is likely because the parent element of the image has not been styled to have a set height. @ http://localhost:3000/_next/static/chunks/node_modules_next_dist_1ybzpk2._.js:2489
[ 2684514ms] [WARNING] Image with src "/images/brand-free-images/48-watch-collection-marble-desk-workspace.webp" has "fill" but is missing "sizes" prop. Please add it to improve page performance. Read more: https://nextjs.org/docs/api-reference/next/image#sizes @ http://localhost:3000/_next/static/chunks/node_modules_next_dist_1ybzpk2._.js:2489
[ 2684527ms] [WARNING] Image with src "/images/brand-free-images/17-pink-gold-quilted-makeup-compact.webp" has "fill" but is missing "sizes" prop. Please add it to improve page performance. Read more: https://nextjs.org/docs/api-reference/next/image#sizes @ http://localhost:3000/_next/static/chunks/node_modules_next_dist_1ybzpk2._.js:2489
[ 2684543ms] [WARNING] Image with src "/images/brand-free-images/01-cinematic-luxury-perfume-bottle-night.webp" has "fill" but is missing "sizes" prop. Please add it to improve page performance. Read more: https://nextjs.org/docs/api-reference/next/image#sizes @ http://localhost:3000/_next/static/chunks/node_modules_next_dist_1ybzpk2._.js:2489
[ 2684557ms] [WARNING] Image with src "/images/brand-free-images/03-ruby-red-perfume-bottle-with-blossoms.webp" has "fill" but is missing "sizes" prop. Please add it to improve page performance. Read more: https://nextjs.org/docs/api-reference/next/image#sizes @ http://localhost:3000/_next/static/chunks/node_modules_next_dist_1ybzpk2._.js:2489
[ 2689349ms] [LOG] [Fast Refresh] rebuilding @ http://localhost:3000/_next/static/chunks/node_modules_next_dist_1ybzpk2._.js:2489
[ 2689603ms] [LOG] [Fast Refresh] done in 178ms @ http://localhost:3000/_next/static/chunks/node_modules_next_dist_1ybzpk2._.js:2489
[ 2695834ms] [LOG] [Fast Refresh] rebuilding @ http://localhost:3000/_next/static/chunks/node_modules_next_dist_1ybzpk2._.js:2489
[ 2696000ms] [LOG] [Fast Refresh] done in 159ms @ http://localhost:3000/_next/static/chunks/node_modules_next_dist_1ybzpk2._.js:2489
[ 2700214ms] [LOG] [Fast Refresh] rebuilding @ http://localhost:3000/_next/static/chunks/node_modules_next_dist_1ybzpk2._.js:2489
[ 2700333ms] [LOG] [Fast Refresh] done in 146ms @ http://localhost:3000/_next/static/chunks/node_modules_next_dist_1ybzpk2._.js:2489
[ 2708348ms] [LOG] [Fast Refresh] rebuilding @ http://localhost:3000/_next/static/chunks/node_modules_next_dist_1ybzpk2._.js:2489
[ 2708418ms] [LOG] [Fast Refresh] done in 138ms @ http://localhost:3000/_next/static/chunks/node_modules_next_dist_1ybzpk2._.js:2489
[ 2716862ms] [LOG] [Fast Refresh] rebuilding @ http://localhost:3000/_next/static/chunks/node_modules_next_dist_1ybzpk2._.js:2489
[ 2716895ms] [LOG] [Fast Refresh] done in 138ms @ http://localhost:3000/_next/static/chunks/node_modules_next_dist_1ybzpk2._.js:2489
[ 2725915ms] [LOG] [Fast Refresh] rebuilding @ http://localhost:3000/_next/static/chunks/node_modules_next_dist_1ybzpk2._.js:2489
[ 2725934ms] [LOG] [Fast Refresh] done in 123ms @ http://localhost:3000/_next/static/chunks/node_modules_next_dist_1ybzpk2._.js:2489
[ 2731519ms] [LOG] [Fast Refresh] rebuilding @ http://localhost:3000/_next/static/chunks/node_modules_next_dist_1ybzpk2._.js:2489
[ 2731629ms] [LOG] [Fast Refresh] done in 213ms @ http://localhost:3000/_next/static/chunks/node_modules_next_dist_1ybzpk2._.js:2489
[ 2731818ms] [LOG] [Fast Refresh] rebuilding @ http://localhost:3000/_next/static/chunks/node_modules_next_dist_1ybzpk2._.js:2489
[ 2731897ms] [LOG] [Fast Refresh] done in 187ms @ http://localhost:3000/_next/static/chunks/node_modules_next_dist_1ybzpk2._.js:2489
[ 2734540ms] [LOG] [Fast Refresh] rebuilding @ http://localhost:3000/_next/static/chunks/node_modules_next_dist_1ybzpk2._.js:2489
[ 2734765ms] [LOG] [Fast Refresh] done in 232ms @ http://localhost:3000/_next/static/chunks/node_modules_next_dist_1ybzpk2._.js:2489
[ 2736390ms] [LOG] [Fast Refresh] rebuilding @ http://localhost:3000/_next/static/chunks/node_modules_next_dist_1ybzpk2._.js:2489
[ 2736461ms] [LOG] [Fast Refresh] done in 174ms @ http://localhost:3000/_next/static/chunks/node_modules_next_dist_1ybzpk2._.js:2489
[ 2741576ms] [LOG] [Fast Refresh] rebuilding @ http://localhost:3000/_next/static/chunks/node_modules_next_dist_1ybzpk2._.js:2489
[ 2741770ms] [LOG] [Fast Refresh] done in 94ms @ http://localhost:3000/_next/static/chunks/node_modules_next_dist_1ybzpk2._.js:2489
[ 2751796ms] [LOG] [Fast Refresh] rebuilding @ http://localhost:3000/_next/static/chunks/node_modules_next_dist_1ybzpk2._.js:2489
[ 2751963ms] [LOG] [Fast Refresh] done in 149ms @ http://localhost:3000/_next/static/chunks/node_modules_next_dist_1ybzpk2._.js:2489
[ 2785280ms] [LOG] [Fast Refresh] rebuilding @ http://localhost:3000/_next/static/chunks/node_modules_next_dist_1ybzpk2._.js:2489
[ 2785281ms] [LOG] [Fast Refresh] done in 105ms @ http://localhost:3000/_next/static/chunks/node_modules_next_dist_1ybzpk2._.js:2489
[ 2801017ms] [LOG] [Fast Refresh] rebuilding @ http://localhost:3000/_next/static/chunks/node_modules_next_dist_1ybzpk2._.js:2489
[ 2801086ms] [LOG] [Fast Refresh] done in 134ms @ http://localhost:3000/_next/static/chunks/node_modules_next_dist_1ybzpk2._.js:2489
[ 2806487ms] [LOG] [Fast Refresh] rebuilding @ http://localhost:3000/_next/static/chunks/node_modules_next_dist_1ybzpk2._.js:2489
[ 2806628ms] [LOG] [Fast Refresh] done in 139ms @ http://localhost:3000/_next/static/chunks/node_modules_next_dist_1ybzpk2._.js:2489
[ 2818279ms] [LOG] [Fast Refresh] rebuilding @ http://localhost:3000/_next/static/chunks/node_modules_next_dist_1ybzpk2._.js:2489
[ 2818340ms] [LOG] [Fast Refresh] done in 162ms @ http://localhost:3000/_next/static/chunks/node_modules_next_dist_1ybzpk2._.js:2489
[ 2822821ms] [LOG] [Fast Refresh] rebuilding @ http://localhost:3000/_next/static/chunks/node_modules_next_dist_1ybzpk2._.js:2489
[ 2822935ms] [LOG] [Fast Refresh] done in 221ms @ http://localhost:3000/_next/static/chunks/node_modules_next_dist_1ybzpk2._.js:2489
[ 2823205ms] [LOG] [Fast Refresh] rebuilding @ http://localhost:3000/_next/static/chunks/node_modules_next_dist_1ybzpk2._.js:2489
[ 2823280ms] [LOG] [Fast Refresh] done in 179ms @ http://localhost:3000/_next/static/chunks/node_modules_next_dist_1ybzpk2._.js:2489
[ 2825601ms] [LOG] [Fast Refresh] rebuilding @ http://localhost:3000/_next/static/chunks/node_modules_next_dist_1ybzpk2._.js:2489
[ 2825636ms] [LOG] [Fast Refresh] done in 139ms @ http://localhost:3000/_next/static/chunks/node_modules_next_dist_1ybzpk2._.js:2489
[ 2952304ms] [LOG] [Fast Refresh] rebuilding @ http://localhost:3000/_next/static/chunks/node_modules_next_dist_1ybzpk2._.js:2489
[ 2953217ms] [LOG] [Fast Refresh] done in 982ms @ http://localhost:3000/_next/static/chunks/node_modules_next_dist_1ybzpk2._.js:2489
[ 2953323ms] [LOG] [Fast Refresh] rebuilding @ http://localhost:3000/_next/static/chunks/node_modules_next_dist_1ybzpk2._.js:2489
[ 2953475ms] [WARNING] Image with src "/images/brand-free-images/48-watch-collection-marble-desk-workspace.webp" was detected as the Largest Contentful Paint (LCP). Please add the `loading="eager"` property if this image is above the fold.
Read more: https://nextjs.org/docs/app/api-reference/components/image#loading @ http://localhost:3000/_next/static/chunks/node_modules_next_dist_1ybzpk2._.js:2489
[ 2953560ms] [LOG] [Fast Refresh] done in 343ms @ http://localhost:3000/_next/static/chunks/node_modules_next_dist_1ybzpk2._.js:2489
[ 2953671ms] [LOG] [Fast Refresh] rebuilding @ http://localhost:3000/_next/static/chunks/node_modules_next_dist_1ybzpk2._.js:2489
[ 2953903ms] [LOG] [Fast Refresh] done in 340ms @ http://localhost:3000/_next/static/chunks/node_modules_next_dist_1ybzpk2._.js:2489
[ 2953918ms] [WARNING] Image with src "/images/brand-free-images/10-amber-glow-beauty-skincare-collection.webp" has "fill" but is missing "sizes" prop. Please add it to improve page performance. Read more: https://nextjs.org/docs/api-reference/next/image#sizes @ http://localhost:3000/_next/static/chunks/node_modules_next_dist_1ybzpk2._.js:2489
[ 2954091ms] [LOG] [Fast Refresh] rebuilding @ http://localhost:3000/_next/static/chunks/node_modules_next_dist_1ybzpk2._.js:2489
[ 2954180ms] [LOG] [Fast Refresh] done in 195ms @ http://localhost:3000/_next/static/chunks/node_modules_next_dist_1ybzpk2._.js:2489
[ 2954247ms] [WARNING] Image with src "/images/brand-free-images/30-white-tweed-runway-fashion-look.webp" has "fill" but is missing "sizes" prop. Please add it to improve page performance. Read more: https://nextjs.org/docs/api-reference/next/image#sizes @ http://localhost:3000/_next/static/chunks/node_modules_next_dist_1ybzpk2._.js:2489
[ 2954301ms] [WARNING] Image with src "/images/brand-free-images/26-luxury-handbag-boutique-display.webp" has "fill" but is missing "sizes" prop. Please add it to improve page performance. Read more: https://nextjs.org/docs/api-reference/next/image#sizes @ http://localhost:3000/_next/static/chunks/node_modules_next_dist_1ybzpk2._.js:2489
[ 2954343ms] [WARNING] Image with src "/images/brand-free-images/28-luxury-duty-free-shopping-corridor.webp" has "fill" but is missing "sizes" prop. Please add it to improve page performance. Read more: https://nextjs.org/docs/api-reference/next/image#sizes @ http://localhost:3000/_next/static/chunks/node_modules_next_dist_1ybzpk2._.js:2489
[ 2954357ms] [WARNING] Image with src "/images/brand-free-images/44-emerald-sapphire-diamond-necklace-portrait.webp" has "fill" but is missing "sizes" prop. Please add it to improve page performance. Read more: https://nextjs.org/docs/api-reference/next/image#sizes @ http://localhost:3000/_next/static/chunks/node_modules_next_dist_1ybzpk2._.js:2489
[ 2954615ms] [WARNING] Image with src "/images/imperial-essence-trading-llc/mobile/imperial-essence-dubai-luxury-products-banner-mobile-01.png" has "fill" but is missing "sizes" prop. Please add it to improve page performance. Read more: https://nextjs.org/docs/api-reference/next/image#sizes @ http://localhost:3000/_next/static/chunks/node_modules_next_dist_1ybzpk2._.js:2489
[ 3043780ms] [LOG] [Fast Refresh] rebuilding @ http://localhost:3000/_next/static/chunks/node_modules_next_dist_1ybzpk2._.js:2489
[ 3043916ms] [LOG] [Fast Refresh] done in 238ms @ http://localhost:3000/_next/static/chunks/node_modules_next_dist_1ybzpk2._.js:2489
[ 3082345ms] [LOG] [Fast Refresh] rebuilding @ http://localhost:3000/_next/static/chunks/node_modules_next_dist_1ybzpk2._.js:2489
[ 3082548ms] [LOG] [Fast Refresh] done in 161ms @ http://localhost:3000/_next/static/chunks/node_modules_next_dist_1ybzpk2._.js:2489
[ 3092405ms] [LOG] [Fast Refresh] rebuilding @ http://localhost:3000/_next/static/chunks/node_modules_next_dist_1ybzpk2._.js:2489
[ 3092605ms] [ERROR] ./src/components/sections/HeroSection.tsx:15:13
Expected ',', got ';'
  13 |
  14 |   return (
> 15 | "use client";
     |             ^
  16 |
  17 | import Image from "next/image";
  18 | import Link from "next/link";

Parsing ecmascript source code failed

Import trace:
  Server Component:
    ./src/components/sections/HeroSection.tsx
    ./src/app/page.tsx @ http://localhost:3000/_next/static/chunks/node_modules_next_dist_1ybzpk2._.js:3330
[ 3092695ms] [ERROR] ./src/components/sections/HeroSection.tsx:15:13
Expected ',', got ';'
  13 |
  14 |   return (
> 15 | "use client";
     |             ^
  16 |
  17 | import Image from "next/image";
  18 | import Link from "next/link";

Parsing ecmascript source code failed

Import trace:
  Server Component:
    ./src/components/sections/HeroSection.tsx
    ./src/app/page.tsx @ http://localhost:3000/_next/static/chunks/node_modules_next_dist_1ybzpk2._.js:3330
[ 3092715ms] [ERROR] ./src/components/sections/HeroSection.tsx:15:13
Expected ',', got ';'
  13 |
  14 |   return (
> 15 | "use client";
     |             ^
  16 |
  17 | import Image from "next/image";
  18 | import Link from "next/link";

Parsing ecmascript source code failed

Import trace:
  Server Component:
    ./src/components/sections/HeroSection.tsx
    ./src/app/page.tsx @ http://localhost:3000/_next/static/chunks/node_modules_next_dist_1ybzpk2._.js:3330
[ 3092828ms] [LOG] [Fast Refresh] rebuilding @ http://localhost:3000/_next/static/chunks/node_modules_next_dist_1ybzpk2._.js:2489
[ 3093764ms] [ERROR] ./src/components/sections/HeroSection.tsx:15:13
Expected ',', got ';'
  13 |
  14 |   return (
> 15 | "use client";
     |             ^
  16 |
  17 | import Image from "next/image";
  18 | import Link from "next/link";

Parsing ecmascript source code failed

Import trace:
  Server Component:
    ./src/components/sections/HeroSection.tsx
    ./src/app/page.tsx @ http://localhost:3000/_next/static/chunks/node_modules_next_dist_1ybzpk2._.js:3330
[ 3093765ms] [ERROR] ./src/components/sections/HeroSection.tsx:15:13
Expected ',', got ';'
  13 |
  14 |   return (
> 15 | "use client";
     |             ^
  16 |
  17 | import Image from "next/image";
  18 | import Link from "next/link";

Parsing ecmascript source code failed

Import trace:
  Server Component:
    ./src/components/sections/HeroSection.tsx
    ./src/app/page.tsx @ http://localhost:3000/_next/static/chunks/node_modules_next_dist_1ybzpk2._.js:3330
[ 3093767ms] [ERROR] Failed to load resource: the server responded with a status of 500 (Internal Server Error) @ http://localhost:3000/?_rsc=q3mOO9BClNZHexY7:0
[ 3093847ms] [ERROR] ./src/components/sections/HeroSection.tsx:15:13
Expected ',', got ';'
  13 |
  14 |   return (
> 15 | "use client";
     |             ^
  16 |
  17 | import Image from "next/image";
  18 | import Link from "next/link";

Parsing ecmascript source code failed

Import trace:
  Server Component:
    ./src/components/sections/HeroSection.tsx
    ./src/app/page.tsx @ http://localhost:3000/_next/static/chunks/node_modules_next_dist_1ybzpk2._.js:3330
[ 3093954ms] [LOG] [Fast Refresh] rebuilding @ http://localhost:3000/_next/static/chunks/node_modules_next_dist_1ybzpk2._.js:2489
[ 3093955ms] [ERROR] ./src/components/sections/HeroSection.tsx:15:13
Expected ',', got ';'
  13 |
  14 |   return (
> 15 | "use client";
     |             ^
  16 |
  17 | import Image from "next/image";
  18 | import Link from "next/link";

Parsing ecmascript source code failed

Import trace:
  Server Component:
    ./src/components/sections/HeroSection.tsx
    ./src/app/page.tsx @ http://localhost:3000/_next/static/chunks/node_modules_next_dist_1ybzpk2._.js:3330
[ 3093957ms] [ERROR] Failed to load resource: the server responded with a status of 500 (Internal Server Error) @ http://localhost:3000/?_rsc=q3mOO9BClNZHexY7:0
[ 3094036ms] [ERROR] Failed to load resource: the server responded with a status of 500 (Internal Server Error) @ http://localhost:3000/:0
[ 3094199ms] [ERROR] Refused to execute script from 'http://localhost:3000/_next/static/development/_clientMiddlewareManifest.js' because its MIME type ('application/json') is not executable, and strict MIME type checking is enabled. @ http://localhost:3000/:0
[ 3094348ms] [INFO] %cDownload the React DevTools for a better development experience: https://react.dev/link/react-devtools font-weight:bold @ http://localhost:3000/_next/static/chunks/node_modules_react-dom_0kla17-._.js:15305
[ 3094515ms] Error: ./src/components/sections/HeroSection.tsx:15:13
Expected ',', got ';'
  13 |
  14 |   return (
> 15 | "use client";
     |             ^
  16 |
  17 | import Image from "next/image";
  18 | import Link from "next/link";

Parsing ecmascript source code failed

Import trace:
  Server Component:
    ./src/components/sections/HeroSection.tsx
    ./src/app/page.tsx


    at <unknown> (Error: ./src/components/sections/HeroSection.tsx:15:13)
    at Object.getCompilationErrors (file://D:\onepws\imperrial\node_modules\next\dist\server\dev\hot-reloader-turbopack.js:1186:59)
    at DevBundlerService.getCompilationError (file://D:\onepws\imperrial\node_modules\next\dist\server\lib\dev-bundler-service.js:44:55)
    at DevServer.getCompilationError (file://D:\onepws\imperrial\node_modules\next\dist\server\dev\next-dev-server.js:720:42)
    at DevServer.findPageComponents (file://D:\onepws\imperrial\node_modules\next\dist\server\dev\next-dev-server.js:690:43)
    at async DevServer.renderErrorToResponseImpl (file://D:\onepws\imperrial\node_modules\next\dist\server\base-server.js:1753:26)
[ 3094478ms] [LOG] [HMR] connected @ http://localhost:3000/_next/static/chunks/node_modules_next_dist_1gdrd03._.js:1226
[ 3094481ms] [ERROR] ./src/components/sections/HeroSection.tsx:15:13
Expected ',', got ';'
  13 |
  14 |   return (
> 15 | "use client";
     |             ^
  16 |
  17 | import Image from "next/image";
  18 | import Link from "next/link";

Parsing ecmascript source code failed

Import trace:
  Server Component:
    ./src/components/sections/HeroSection.tsx
    ./src/app/page.tsx @ http://localhost:3000/_next/static/chunks/node_modules_next_dist_1gdrd03._.js:1945
[ 3094482ms] [ERROR] ./src/components/sections/HeroSection.tsx:15:13
Expected ',', got ';'
  13 |
  14 |   return (
> 15 | "use client";
     |             ^
  16 |
  17 | import Image from "next/image";
  18 | import Link from "next/link";

Parsing ecmascript source code failed

Import trace:
  Server Component:
    ./src/components/sections/HeroSection.tsx
    ./src/app/page.tsx @ http://localhost:3000/_next/static/chunks/node_modules_next_dist_1gdrd03._.js:1945
[ 3094620ms] [LOG] [Fast Refresh] rebuilding @ http://localhost:3000/_next/static/chunks/node_modules_next_dist_1gdrd03._.js:1226
[ 3094689ms] [ERROR] ./src/components/sections/HeroSection.tsx:15:13
Expected ',', got ';'
  13 |
  14 |   return (
> 15 | "use client";
     |             ^
  16 |
  17 | import Image from "next/image";
  18 | import Link from "next/link";

Parsing ecmascript source code failed

Import trace:
  Server Component:
    ./src/components/sections/HeroSection.tsx
    ./src/app/page.tsx @ http://localhost:3000/_next/static/chunks/node_modules_next_dist_1gdrd03._.js:1945
[ 3094757ms] [ERROR] ./src/components/sections/HeroSection.tsx:15:13
Expected ',', got ';'
  13 |
  14 |   return (
> 15 | "use client";
     |             ^
  16 |
  17 | import Image from "next/image";
  18 | import Link from "next/link";

Parsing ecmascript source code failed

Import trace:
  Server Component:
    ./src/components/sections/HeroSection.tsx
    ./src/app/page.tsx @ http://localhost:3000/_next/static/chunks/node_modules_next_dist_1gdrd03._.js:1945
[ 3094813ms] [ERROR] ./src/components/sections/HeroSection.tsx:15:13
Expected ',', got ';'
  13 |
  14 |   return (
> 15 | "use client";
     |             ^
  16 |
  17 | import Image from "next/image";
  18 | import Link from "next/link";

Parsing ecmascript source code failed

Import trace:
  Server Component:
    ./src/components/sections/HeroSection.tsx
    ./src/app/page.tsx @ http://localhost:3000/_next/static/chunks/node_modules_next_dist_1gdrd03._.js:1945
[ 3094883ms] [ERROR] ./src/components/sections/HeroSection.tsx:15:13
Expected ',', got ';'
  13 |
  14 |   return (
> 15 | "use client";
     |             ^
  16 |
  17 | import Image from "next/image";
  18 | import Link from "next/link";

Parsing ecmascript source code failed

Import trace:
  Server Component:
    ./src/components/sections/HeroSection.tsx
    ./src/app/page.tsx @ http://localhost:3000/_next/static/chunks/node_modules_next_dist_1gdrd03._.js:1945
[ 3094939ms] [ERROR] ./src/components/sections/HeroSection.tsx:15:13
Expected ',', got ';'
  13 |
  14 |   return (
> 15 | "use client";
     |             ^
  16 |
  17 | import Image from "next/image";
  18 | import Link from "next/link";

Parsing ecmascript source code failed

Import trace:
  Server Component:
    ./src/components/sections/HeroSection.tsx
    ./src/app/page.tsx @ http://localhost:3000/_next/static/chunks/node_modules_next_dist_1gdrd03._.js:1945
[ 3094998ms] [ERROR] ./src/components/sections/HeroSection.tsx:15:13
Expected ',', got ';'
  13 |
  14 |   return (
> 15 | "use client";
     |             ^
  16 |
  17 | import Image from "next/image";
  18 | import Link from "next/link";

Parsing ecmascript source code failed

Import trace:
  Server Component:
    ./src/components/sections/HeroSection.tsx
    ./src/app/page.tsx @ http://localhost:3000/_next/static/chunks/node_modules_next_dist_1gdrd03._.js:1945
[ 3095055ms] [ERROR] ./src/components/sections/HeroSection.tsx:15:13
Expected ',', got ';'
  13 |
  14 |   return (
> 15 | "use client";
     |             ^
  16 |
  17 | import Image from "next/image";
  18 | import Link from "next/link";

Parsing ecmascript source code failed

Import trace:
  Server Component:
    ./src/components/sections/HeroSection.tsx
    ./src/app/page.tsx @ http://localhost:3000/_next/static/chunks/node_modules_next_dist_1gdrd03._.js:1945
[ 3095133ms] [ERROR] ./src/components/sections/HeroSection.tsx:15:13
Expected ',', got ';'
  13 |
  14 |   return (
> 15 | "use client";
     |             ^
  16 |
  17 | import Image from "next/image";
  18 | import Link from "next/link";

Parsing ecmascript source code failed

Import trace:
  Server Component:
    ./src/components/sections/HeroSection.tsx
    ./src/app/page.tsx @ http://localhost:3000/_next/static/chunks/node_modules_next_dist_1gdrd03._.js:1945
[ 3095200ms] [ERROR] ./src/components/sections/HeroSection.tsx:15:13
Expected ',', got ';'
  13 |
  14 |   return (
> 15 | "use client";
     |             ^
  16 |
  17 | import Image from "next/image";
  18 | import Link from "next/link";

Parsing ecmascript source code failed

Import trace:
  Server Component:
    ./src/components/sections/HeroSection.tsx
    ./src/app/page.tsx @ http://localhost:3000/_next/static/chunks/node_modules_next_dist_1gdrd03._.js:1945
[ 3095254ms] [ERROR] ./src/components/sections/HeroSection.tsx:15:13
Expected ',', got ';'
  13 |
  14 |   return (
> 15 | "use client";
     |             ^
  16 |
  17 | import Image from "next/image";
  18 | import Link from "next/link";

Parsing ecmascript source code failed

Import trace:
  Server Component:
    ./src/components/sections/HeroSection.tsx
    ./src/app/page.tsx @ http://localhost:3000/_next/static/chunks/node_modules_next_dist_1gdrd03._.js:1945
[ 3095320ms] [ERROR] ./src/components/sections/HeroSection.tsx:15:13
Expected ',', got ';'
  13 |
  14 |   return (
> 15 | "use client";
     |             ^
  16 |
  17 | import Image from "next/image";
  18 | import Link from "next/link";

Parsing ecmascript source code failed

Import trace:
  Server Component:
    ./src/components/sections/HeroSection.tsx
    ./src/app/page.tsx @ http://localhost:3000/_next/static/chunks/node_modules_next_dist_1gdrd03._.js:1945
[ 3095386ms] [ERROR] ./src/components/sections/HeroSection.tsx:15:13
Expected ',', got ';'
  13 |
  14 |   return (
> 15 | "use client";
     |             ^
  16 |
  17 | import Image from "next/image";
  18 | import Link from "next/link";

Parsing ecmascript source code failed

Import trace:
  Server Component:
    ./src/components/sections/HeroSection.tsx
    ./src/app/page.tsx @ http://localhost:3000/_next/static/chunks/node_modules_next_dist_1gdrd03._.js:1945
[ 3095437ms] [ERROR] ./src/components/sections/HeroSection.tsx:15:13
Expected ',', got ';'
  13 |
  14 |   return (
> 15 | "use client";
     |             ^
  16 |
  17 | import Image from "next/image";
  18 | import Link from "next/link";

Parsing ecmascript source code failed

Import trace:
  Server Component:
    ./src/components/sections/HeroSection.tsx
    ./src/app/page.tsx @ http://localhost:3000/_next/static/chunks/node_modules_next_dist_1gdrd03._.js:1945
[ 3095504ms] [ERROR] ./src/components/sections/HeroSection.tsx:15:13
Expected ',', got ';'
  13 |
  14 |   return (
> 15 | "use client";
     |             ^
  16 |
  17 | import Image from "next/image";
  18 | import Link from "next/link";

Parsing ecmascript source code failed

Import trace:
  Server Component:
    ./src/components/sections/HeroSection.tsx
    ./src/app/page.tsx @ http://localhost:3000/_next/static/chunks/node_modules_next_dist_1gdrd03._.js:1945
[ 3095556ms] [ERROR] ./src/components/sections/HeroSection.tsx:15:13
Expected ',', got ';'
  13 |
  14 |   return (
> 15 | "use client";
     |             ^
  16 |
  17 | import Image from "next/image";
  18 | import Link from "next/link";

Parsing ecmascript source code failed

Import trace:
  Server Component:
    ./src/components/sections/HeroSection.tsx
    ./src/app/page.tsx @ http://localhost:3000/_next/static/chunks/node_modules_next_dist_1gdrd03._.js:1945
[ 3095624ms] [ERROR] ./src/components/sections/HeroSection.tsx:15:13
Expected ',', got ';'
  13 |
  14 |   return (
> 15 | "use client";
     |             ^
  16 |
  17 | import Image from "next/image";
  18 | import Link from "next/link";

Parsing ecmascript source code failed

Import trace:
  Server Component:
    ./src/components/sections/HeroSection.tsx
    ./src/app/page.tsx @ http://localhost:3000/_next/static/chunks/node_modules_next_dist_1gdrd03._.js:1945
[ 3095693ms] [ERROR] ./src/components/sections/HeroSection.tsx:15:13
Expected ',', got ';'
  13 |
  14 |   return (
> 15 | "use client";
     |             ^
  16 |
  17 | import Image from "next/image";
  18 | import Link from "next/link";

Parsing ecmascript source code failed

Import trace:
  Server Component:
    ./src/components/sections/HeroSection.tsx
    ./src/app/page.tsx @ http://localhost:3000/_next/static/chunks/node_modules_next_dist_1gdrd03._.js:1945
[ 3095757ms] [ERROR] ./src/components/sections/HeroSection.tsx:15:13
Expected ',', got ';'
  13 |
  14 |   return (
> 15 | "use client";
     |             ^
  16 |
  17 | import Image from "next/image";
  18 | import Link from "next/link";

Parsing ecmascript source code failed

Import trace:
  Server Component:
    ./src/components/sections/HeroSection.tsx
    ./src/app/page.tsx @ http://localhost:3000/_next/static/chunks/node_modules_next_dist_1gdrd03._.js:1945
[ 3095825ms] [ERROR] ./src/components/sections/HeroSection.tsx:15:13
Expected ',', got ';'
  13 |
  14 |   return (
> 15 | "use client";
     |             ^
  16 |
  17 | import Image from "next/image";
  18 | import Link from "next/link";

Parsing ecmascript source code failed

Import trace:
  Server Component:
    ./src/components/sections/HeroSection.tsx
    ./src/app/page.tsx @ http://localhost:3000/_next/static/chunks/node_modules_next_dist_1gdrd03._.js:1945
[ 3095883ms] [ERROR] ./src/components/sections/HeroSection.tsx:15:13
Expected ',', got ';'
  13 |
  14 |   return (
> 15 | "use client";
     |             ^
  16 |
  17 | import Image from "next/image";
  18 | import Link from "next/link";

Parsing ecmascript source code failed

Import trace:
  Server Component:
    ./src/components/sections/HeroSection.tsx
    ./src/app/page.tsx @ http://localhost:3000/_next/static/chunks/node_modules_next_dist_1gdrd03._.js:1945
[ 3095955ms] [ERROR] ./src/components/sections/HeroSection.tsx:15:13
Expected ',', got ';'
  13 |
  14 |   return (
> 15 | "use client";
     |             ^
  16 |
  17 | import Image from "next/image";
  18 | import Link from "next/link";

Parsing ecmascript source code failed

Import trace:
  Server Component:
    ./src/components/sections/HeroSection.tsx
    ./src/app/page.tsx @ http://localhost:3000/_next/static/chunks/node_modules_next_dist_1gdrd03._.js:1945
[ 3096021ms] [ERROR] ./src/components/sections/HeroSection.tsx:15:13
Expected ',', got ';'
  13 |
  14 |   return (
> 15 | "use client";
     |             ^
  16 |
  17 | import Image from "next/image";
  18 | import Link from "next/link";

Parsing ecmascript source code failed

Import trace:
  Server Component:
    ./src/components/sections/HeroSection.tsx
    ./src/app/page.tsx @ http://localhost:3000/_next/static/chunks/node_modules_next_dist_1gdrd03._.js:1945
[ 3096094ms] [ERROR] ./src/components/sections/HeroSection.tsx:15:13
Expected ',', got ';'
  13 |
  14 |   return (
> 15 | "use client";
     |             ^
  16 |
  17 | import Image from "next/image";
  18 | import Link from "next/link";

Parsing ecmascript source code failed

Import trace:
  Server Component:
    ./src/components/sections/HeroSection.tsx
    ./src/app/page.tsx @ http://localhost:3000/_next/static/chunks/node_modules_next_dist_1gdrd03._.js:1945
[ 3096153ms] [ERROR] ./src/components/sections/HeroSection.tsx:15:13
Expected ',', got ';'
  13 |
  14 |   return (
> 15 | "use client";
     |             ^
  16 |
  17 | import Image from "next/image";
  18 | import Link from "next/link";

Parsing ecmascript source code failed

Import trace:
  Server Component:
    ./src/components/sections/HeroSection.tsx
    ./src/app/page.tsx @ http://localhost:3000/_next/static/chunks/node_modules_next_dist_1gdrd03._.js:1945
[ 3096207ms] [ERROR] ./src/components/sections/HeroSection.tsx:15:13
Expected ',', got ';'
  13 |
  14 |   return (
> 15 | "use client";
     |             ^
  16 |
  17 | import Image from "next/image";
  18 | import Link from "next/link";

Parsing ecmascript source code failed

Import trace:
  Server Component:
    ./src/components/sections/HeroSection.tsx
    ./src/app/page.tsx @ http://localhost:3000/_next/static/chunks/node_modules_next_dist_1gdrd03._.js:1945
[ 3096272ms] [ERROR] ./src/components/sections/HeroSection.tsx:15:13
Expected ',', got ';'
  13 |
  14 |   return (
> 15 | "use client";
     |             ^
  16 |
  17 | import Image from "next/image";
  18 | import Link from "next/link";

Parsing ecmascript source code failed

Import trace:
  Server Component:
    ./src/components/sections/HeroSection.tsx
    ./src/app/page.tsx @ http://localhost:3000/_next/static/chunks/node_modules_next_dist_1gdrd03._.js:1945
[ 3096323ms] [ERROR] ./src/components/sections/HeroSection.tsx:15:13
Expected ',', got ';'
  13 |
  14 |   return (
> 15 | "use client";
     |             ^
  16 |
  17 | import Image from "next/image";
  18 | import Link from "next/link";

Parsing ecmascript source code failed

Import trace:
  Server Component:
    ./src/components/sections/HeroSection.tsx
    ./src/app/page.tsx @ http://localhost:3000/_next/static/chunks/node_modules_next_dist_1gdrd03._.js:1945
[ 3096375ms] [ERROR] ./src/components/sections/HeroSection.tsx:15:13
Expected ',', got ';'
  13 |
  14 |   return (
> 15 | "use client";
     |             ^
  16 |
  17 | import Image from "next/image";
  18 | import Link from "next/link";

Parsing ecmascript source code failed

Import trace:
  Server Component:
    ./src/components/sections/HeroSection.tsx
    ./src/app/page.tsx @ http://localhost:3000/_next/static/chunks/node_modules_next_dist_1gdrd03._.js:1945
[ 3096443ms] [ERROR] ./src/components/sections/HeroSection.tsx:15:13
Expected ',', got ';'
  13 |
  14 |   return (
> 15 | "use client";
     |             ^
  16 |
  17 | import Image from "next/image";
  18 | import Link from "next/link";

Parsing ecmascript source code failed

Import trace:
  Server Component:
    ./src/components/sections/HeroSection.tsx
    ./src/app/page.tsx @ http://localhost:3000/_next/static/chunks/node_modules_next_dist_1gdrd03._.js:1945
[ 3096508ms] [ERROR] ./src/components/sections/HeroSection.tsx:15:13
Expected ',', got ';'
  13 |
  14 |   return (
> 15 | "use client";
     |             ^
  16 |
  17 | import Image from "next/image";
  18 | import Link from "next/link";

Parsing ecmascript source code failed

Import trace:
  Server Component:
    ./src/components/sections/HeroSection.tsx
    ./src/app/page.tsx @ http://localhost:3000/_next/static/chunks/node_modules_next_dist_1gdrd03._.js:1945
[ 3096573ms] [ERROR] ./src/components/sections/HeroSection.tsx:15:13
Expected ',', got ';'
  13 |
  14 |   return (
> 15 | "use client";
     |             ^
  16 |
  17 | import Image from "next/image";
  18 | import Link from "next/link";

Parsing ecmascript source code failed

Import trace:
  Server Component:
    ./src/components/sections/HeroSection.tsx
    ./src/app/page.tsx @ http://localhost:3000/_next/static/chunks/node_modules_next_dist_1gdrd03._.js:1945
[ 3096630ms] [ERROR] ./src/components/sections/HeroSection.tsx:15:13
Expected ',', got ';'
  13 |
  14 |   return (
> 15 | "use client";
     |             ^
  16 |
  17 | import Image from "next/image";
  18 | import Link from "next/link";

Parsing ecmascript source code failed

Import trace:
  Server Component:
    ./src/components/sections/HeroSection.tsx
    ./src/app/page.tsx @ http://localhost:3000/_next/static/chunks/node_modules_next_dist_1gdrd03._.js:1945
[ 3096693ms] [ERROR] ./src/components/sections/HeroSection.tsx:15:13
Expected ',', got ';'
  13 |
  14 |   return (
> 15 | "use client";
     |             ^
  16 |
  17 | import Image from "next/image";
  18 | import Link from "next/link";

Parsing ecmascript source code failed

Import trace:
  Server Component:
    ./src/components/sections/HeroSection.tsx
    ./src/app/page.tsx @ http://localhost:3000/_next/static/chunks/node_modules_next_dist_1gdrd03._.js:1945
[ 3096750ms] [ERROR] ./src/components/sections/HeroSection.tsx:15:13
Expected ',', got ';'
  13 |
  14 |   return (
> 15 | "use client";
     |             ^
  16 |
  17 | import Image from "next/image";
  18 | import Link from "next/link";

Parsing ecmascript source code failed

Import trace:
  Server Component:
    ./src/components/sections/HeroSection.tsx
    ./src/app/page.tsx @ http://localhost:3000/_next/static/chunks/node_modules_next_dist_1gdrd03._.js:1945
[ 3096800ms] [ERROR] ./src/components/sections/HeroSection.tsx:15:13
Expected ',', got ';'
  13 |
  14 |   return (
> 15 | "use client";
     |             ^
  16 |
  17 | import Image from "next/image";
  18 | import Link from "next/link";

Parsing ecmascript source code failed

Import trace:
  Server Component:
    ./src/components/sections/HeroSection.tsx
    ./src/app/page.tsx @ http://localhost:3000/_next/static/chunks/node_modules_next_dist_1gdrd03._.js:1945
[ 3096850ms] [ERROR] ./src/components/sections/HeroSection.tsx:15:13
Expected ',', got ';'
  13 |
  14 |   return (
> 15 | "use client";
     |             ^
  16 |
  17 | import Image from "next/image";
  18 | import Link from "next/link";

Parsing ecmascript source code failed

Import trace:
  Server Component:
    ./src/components/sections/HeroSection.tsx
    ./src/app/page.tsx @ http://localhost:3000/_next/static/chunks/node_modules_next_dist_1gdrd03._.js:1945
[ 3096901ms] [ERROR] ./src/components/sections/HeroSection.tsx:15:13
Expected ',', got ';'
  13 |
  14 |   return (
> 15 | "use client";
     |             ^
  16 |
  17 | import Image from "next/image";
  18 | import Link from "next/link";

Parsing ecmascript source code failed

Import trace:
  Server Component:
    ./src/components/sections/HeroSection.tsx
    ./src/app/page.tsx @ http://localhost:3000/_next/static/chunks/node_modules_next_dist_1gdrd03._.js:1945
[ 3096968ms] [ERROR] ./src/components/sections/HeroSection.tsx:15:13
Expected ',', got ';'
  13 |
  14 |   return (
> 15 | "use client";
     |             ^
  16 |
  17 | import Image from "next/image";
  18 | import Link from "next/link";

Parsing ecmascript source code failed

Import trace:
  Server Component:
    ./src/components/sections/HeroSection.tsx
    ./src/app/page.tsx @ http://localhost:3000/_next/static/chunks/node_modules_next_dist_1gdrd03._.js:1945
[ 3097032ms] [ERROR] ./src/components/sections/HeroSection.tsx:15:13
Expected ',', got ';'
  13 |
  14 |   return (
> 15 | "use client";
     |             ^
  16 |
  17 | import Image from "next/image";
  18 | import Link from "next/link";

Parsing ecmascript source code failed

Import trace:
  Server Component:
    ./src/components/sections/HeroSection.tsx
    ./src/app/page.tsx @ http://localhost:3000/_next/static/chunks/node_modules_next_dist_1gdrd03._.js:1945
[ 3097087ms] [ERROR] ./src/components/sections/HeroSection.tsx:15:13
Expected ',', got ';'
  13 |
  14 |   return (
> 15 | "use client";
     |             ^
  16 |
  17 | import Image from "next/image";
  18 | import Link from "next/link";

Parsing ecmascript source code failed

Import trace:
  Server Component:
    ./src/components/sections/HeroSection.tsx
    ./src/app/page.tsx @ http://localhost:3000/_next/static/chunks/node_modules_next_dist_1gdrd03._.js:1945
[ 3097152ms] [ERROR] ./src/components/sections/HeroSection.tsx:15:13
Expected ',', got ';'
  13 |
  14 |   return (
> 15 | "use client";
     |             ^
  16 |
  17 | import Image from "next/image";
  18 | import Link from "next/link";

Parsing ecmascript source code failed

Import trace:
  Server Component:
    ./src/components/sections/HeroSection.tsx
    ./src/app/page.tsx @ http://localhost:3000/_next/static/chunks/node_modules_next_dist_1gdrd03._.js:1945
[ 3097231ms] [ERROR] ./src/components/sections/HeroSection.tsx:15:13
Expected ',', got ';'
  13 |
  14 |   return (
> 15 | "use client";
     |             ^
  16 |
  17 | import Image from "next/image";
  18 | import Link from "next/link";

Parsing ecmascript source code failed

Import trace:
  Server Component:
    ./src/components/sections/HeroSection.tsx
    ./src/app/page.tsx @ http://localhost:3000/_next/static/chunks/node_modules_next_dist_1gdrd03._.js:1945
[ 3097290ms] [ERROR] ./src/components/sections/HeroSection.tsx:15:13
Expected ',', got ';'
  13 |
  14 |   return (
> 15 | "use client";
     |             ^
  16 |
  17 | import Image from "next/image";
  18 | import Link from "next/link";

Parsing ecmascript source code failed

Import trace:
  Server Component:
    ./src/components/sections/HeroSection.tsx
    ./src/app/page.tsx @ http://localhost:3000/_next/static/chunks/node_modules_next_dist_1gdrd03._.js:1945
[ 3097338ms] [ERROR] ./src/components/sections/HeroSection.tsx:15:13
Expected ',', got ';'
  13 |
  14 |   return (
> 15 | "use client";
     |             ^
  16 |
  17 | import Image from "next/image";
  18 | import Link from "next/link";

Parsing ecmascript source code failed

Import trace:
  Server Component:
    ./src/components/sections/HeroSection.tsx
    ./src/app/page.tsx @ http://localhost:3000/_next/static/chunks/node_modules_next_dist_1gdrd03._.js:1945
[ 3097391ms] [ERROR] ./src/components/sections/HeroSection.tsx:15:13
Expected ',', got ';'
  13 |
  14 |   return (
> 15 | "use client";
     |             ^
  16 |
  17 | import Image from "next/image";
  18 | import Link from "next/link";

Parsing ecmascript source code failed

Import trace:
  Server Component:
    ./src/components/sections/HeroSection.tsx
    ./src/app/page.tsx @ http://localhost:3000/_next/static/chunks/node_modules_next_dist_1gdrd03._.js:1945
[ 3097469ms] [ERROR] ./src/components/sections/HeroSection.tsx:15:13
Expected ',', got ';'
  13 |
  14 |   return (
> 15 | "use client";
     |             ^
  16 |
  17 | import Image from "next/image";
  18 | import Link from "next/link";

Parsing ecmascript source code failed

Import trace:
  Server Component:
    ./src/components/sections/HeroSection.tsx
    ./src/app/page.tsx @ http://localhost:3000/_next/static/chunks/node_modules_next_dist_1gdrd03._.js:1945
[ 3097532ms] [ERROR] ./src/components/sections/HeroSection.tsx:15:13
Expected ',', got ';'
  13 |
  14 |   return (
> 15 | "use client";
     |             ^
  16 |
  17 | import Image from "next/image";
  18 | import Link from "next/link";

Parsing ecmascript source code failed

Import trace:
  Server Component:
    ./src/components/sections/HeroSection.tsx
    ./src/app/page.tsx @ http://localhost:3000/_next/static/chunks/node_modules_next_dist_1gdrd03._.js:1945
[ 3097593ms] [ERROR] ./src/components/sections/HeroSection.tsx:15:13
Expected ',', got ';'
  13 |
  14 |   return (
> 15 | "use client";
     |             ^
  16 |
  17 | import Image from "next/image";
  18 | import Link from "next/link";

Parsing ecmascript source code failed

Import trace:
  Server Component:
    ./src/components/sections/HeroSection.tsx
    ./src/app/page.tsx @ http://localhost:3000/_next/static/chunks/node_modules_next_dist_1gdrd03._.js:1945
[ 3097645ms] [ERROR] ./src/components/sections/HeroSection.tsx:15:13
Expected ',', got ';'
  13 |
  14 |   return (
> 15 | "use client";
     |             ^
  16 |
  17 | import Image from "next/image";
  18 | import Link from "next/link";

Parsing ecmascript source code failed

Import trace:
  Server Component:
    ./src/components/sections/HeroSection.tsx
    ./src/app/page.tsx @ http://localhost:3000/_next/static/chunks/node_modules_next_dist_1gdrd03._.js:1945
[ 3097710ms] [ERROR] ./src/components/sections/HeroSection.tsx:15:13
Expected ',', got ';'
  13 |
  14 |   return (
> 15 | "use client";
     |             ^
  16 |
  17 | import Image from "next/image";
  18 | import Link from "next/link";

Parsing ecmascript source code failed

Import trace:
  Server Component:
    ./src/components/sections/HeroSection.tsx
    ./src/app/page.tsx @ http://localhost:3000/_next/static/chunks/node_modules_next_dist_1gdrd03._.js:1945
[ 3097779ms] [ERROR] ./src/components/sections/HeroSection.tsx:15:13
Expected ',', got ';'
  13 |
  14 |   return (
> 15 | "use client";
     |             ^
  16 |
  17 | import Image from "next/image";
  18 | import Link from "next/link";

Parsing ecmascript source code failed

Import trace:
  Server Component:
    ./src/components/sections/HeroSection.tsx
    ./src/app/page.tsx @ http://localhost:3000/_next/static/chunks/node_modules_next_dist_1gdrd03._.js:1945
[ 3097832ms] [ERROR] ./src/components/sections/HeroSection.tsx:15:13
Expected ',', got ';'
  13 |
  14 |   return (
> 15 | "use client";
     |             ^
  16 |
  17 | import Image from "next/image";
  18 | import Link from "next/link";

Parsing ecmascript source code failed

Import trace:
  Server Component:
    ./src/components/sections/HeroSection.tsx
    ./src/app/page.tsx @ http://localhost:3000/_next/static/chunks/node_modules_next_dist_1gdrd03._.js:1945
[ 3097896ms] [ERROR] ./src/components/sections/HeroSection.tsx:15:13
Expected ',', got ';'
  13 |
  14 |   return (
> 15 | "use client";
     |             ^
  16 |
  17 | import Image from "next/image";
  18 | import Link from "next/link";

Parsing ecmascript source code failed

Import trace:
  Server Component:
    ./src/components/sections/HeroSection.tsx
    ./src/app/page.tsx @ http://localhost:3000/_next/static/chunks/node_modules_next_dist_1gdrd03._.js:1945
[ 3097955ms] [ERROR] ./src/components/sections/HeroSection.tsx:15:13
Expected ',', got ';'
  13 |
  14 |   return (
> 15 | "use client";
     |             ^
  16 |
  17 | import Image from "next/image";
  18 | import Link from "next/link";

Parsing ecmascript source code failed

Import trace:
  Server Component:
    ./src/components/sections/HeroSection.tsx
    ./src/app/page.tsx @ http://localhost:3000/_next/static/chunks/node_modules_next_dist_1gdrd03._.js:1945
[ 3098012ms] [ERROR] ./src/components/sections/HeroSection.tsx:15:13
Expected ',', got ';'
  13 |
  14 |   return (
> 15 | "use client";
     |             ^
  16 |
  17 | import Image from "next/image";
  18 | import Link from "next/link";

Parsing ecmascript source code failed

Import trace:
  Server Component:
    ./src/components/sections/HeroSection.tsx
    ./src/app/page.tsx @ http://localhost:3000/_next/static/chunks/node_modules_next_dist_1gdrd03._.js:1945
[ 3098072ms] [ERROR] ./src/components/sections/HeroSection.tsx:15:13
Expected ',', got ';'
  13 |
  14 |   return (
> 15 | "use client";
     |             ^
  16 |
  17 | import Image from "next/image";
  18 | import Link from "next/link";

Parsing ecmascript source code failed

Import trace:
  Server Component:
    ./src/components/sections/HeroSection.tsx
    ./src/app/page.tsx @ http://localhost:3000/_next/static/chunks/node_modules_next_dist_1gdrd03._.js:1945
[ 3098134ms] [ERROR] ./src/components/sections/HeroSection.tsx:15:13
Expected ',', got ';'
  13 |
  14 |   return (
> 15 | "use client";
     |             ^
  16 |
  17 | import Image from "next/image";
  18 | import Link from "next/link";

Parsing ecmascript source code failed

Import trace:
  Server Component:
    ./src/components/sections/HeroSection.tsx
    ./src/app/page.tsx @ http://localhost:3000/_next/static/chunks/node_modules_next_dist_1gdrd03._.js:1945
[ 3098200ms] [ERROR] ./src/components/sections/HeroSection.tsx:15:13
Expected ',', got ';'
  13 |
  14 |   return (
> 15 | "use client";
     |             ^
  16 |
  17 | import Image from "next/image";
  18 | import Link from "next/link";

Parsing ecmascript source code failed

Import trace:
  Server Component:
    ./src/components/sections/HeroSection.tsx
    ./src/app/page.tsx @ http://localhost:3000/_next/static/chunks/node_modules_next_dist_1gdrd03._.js:1945
[ 3098265ms] [ERROR] ./src/components/sections/HeroSection.tsx:15:13
Expected ',', got ';'
  13 |
  14 |   return (
> 15 | "use client";
     |             ^
  16 |
  17 | import Image from "next/image";
  18 | import Link from "next/link";

Parsing ecmascript source code failed

Import trace:
  Server Component:
    ./src/components/sections/HeroSection.tsx
    ./src/app/page.tsx @ http://localhost:3000/_next/static/chunks/node_modules_next_dist_1gdrd03._.js:1945
[ 3098320ms] [ERROR] ./src/components/sections/HeroSection.tsx:15:13
Expected ',', got ';'
  13 |
  14 |   return (
> 15 | "use client";
     |             ^
  16 |
  17 | import Image from "next/image";
  18 | import Link from "next/link";

Parsing ecmascript source code failed

Import trace:
  Server Component:
    ./src/components/sections/HeroSection.tsx
    ./src/app/page.tsx @ http://localhost:3000/_next/static/chunks/node_modules_next_dist_1gdrd03._.js:1945
[ 3098381ms] [ERROR] ./src/components/sections/HeroSection.tsx:15:13
Expected ',', got ';'
  13 |
  14 |   return (
> 15 | "use client";
     |             ^
  16 |
  17 | import Image from "next/image";
  18 | import Link from "next/link";

Parsing ecmascript source code failed

Import trace:
  Server Component:
    ./src/components/sections/HeroSection.tsx
    ./src/app/page.tsx @ http://localhost:3000/_next/static/chunks/node_modules_next_dist_1gdrd03._.js:1945
[ 3098447ms] [ERROR] ./src/components/sections/HeroSection.tsx:15:13
Expected ',', got ';'
  13 |
  14 |   return (
> 15 | "use client";
     |             ^
  16 |
  17 | import Image from "next/image";
  18 | import Link from "next/link";

Parsing ecmascript source code failed

Import trace:
  Server Component:
    ./src/components/sections/HeroSection.tsx
    ./src/app/page.tsx @ http://localhost:3000/_next/static/chunks/node_modules_next_dist_1gdrd03._.js:1945
[ 3098512ms] [ERROR] ./src/components/sections/HeroSection.tsx:15:13
Expected ',', got ';'
  13 |
  14 |   return (
> 15 | "use client";
     |             ^
  16 |
  17 | import Image from "next/image";
  18 | import Link from "next/link";

Parsing ecmascript source code failed

Import trace:
  Server Component:
    ./src/components/sections/HeroSection.tsx
    ./src/app/page.tsx @ http://localhost:3000/_next/static/chunks/node_modules_next_dist_1gdrd03._.js:1945
[ 3098648ms] [LOG] [Fast Refresh] rebuilding @ http://localhost:3000/_next/static/chunks/node_modules_next_dist_1gdrd03._.js:1226
[ 3098761ms] [ERROR] ./src/components/sections/HeroSection.tsx:15:13
Expected ',', got ';'
  13 |
  14 |   return (
> 15 | "use client";
     |             ^
  16 |
  17 | import Image from "next/image";
  18 | import Link from "next/link";

Parsing ecmascript source code failed

Import trace:
  Server Component:
    ./src/components/sections/HeroSection.tsx
    ./src/app/page.tsx @ http://localhost:3000/_next/static/chunks/node_modules_next_dist_1gdrd03._.js:1945
[ 3098832ms] [ERROR] ./src/components/sections/HeroSection.tsx:15:13
Expected ',', got ';'
  13 |
  14 |   return (
> 15 | "use client";
     |             ^
  16 |
  17 | import Image from "next/image";
  18 | import Link from "next/link";

Parsing ecmascript source code failed

Import trace:
  Server Component:
    ./src/components/sections/HeroSection.tsx
    ./src/app/page.tsx @ http://localhost:3000/_next/static/chunks/node_modules_next_dist_1gdrd03._.js:1945
[ 3098892ms] [ERROR] ./src/components/sections/HeroSection.tsx:15:13
Expected ',', got ';'
  13 |
  14 |   return (
> 15 | "use client";
     |             ^
  16 |
  17 | import Image from "next/image";
  18 | import Link from "next/link";

Parsing ecmascript source code failed

Import trace:
  Server Component:
    ./src/components/sections/HeroSection.tsx
    ./src/app/page.tsx @ http://localhost:3000/_next/static/chunks/node_modules_next_dist_1gdrd03._.js:1945
[ 3098960ms] [ERROR] ./src/components/sections/HeroSection.tsx:15:13
Expected ',', got ';'
  13 |
  14 |   return (
> 15 | "use client";
     |             ^
  16 |
  17 | import Image from "next/image";
  18 | import Link from "next/link";

Parsing ecmascript source code failed

Import trace:
  Server Component:
    ./src/components/sections/HeroSection.tsx
    ./src/app/page.tsx @ http://localhost:3000/_next/static/chunks/node_modules_next_dist_1gdrd03._.js:1945
[ 3099015ms] [ERROR] ./src/components/sections/HeroSection.tsx:15:13
Expected ',', got ';'
  13 |
  14 |   return (
> 15 | "use client";
     |             ^
  16 |
  17 | import Image from "next/image";
  18 | import Link from "next/link";

Parsing ecmascript source code failed

Import trace:
  Server Component:
    ./src/components/sections/HeroSection.tsx
    ./src/app/page.tsx @ http://localhost:3000/_next/static/chunks/node_modules_next_dist_1gdrd03._.js:1945
[ 3099074ms] [ERROR] ./src/components/sections/HeroSection.tsx:15:13
Expected ',', got ';'
  13 |
  14 |   return (
> 15 | "use client";
     |             ^
  16 |
  17 | import Image from "next/image";
  18 | import Link from "next/link";

Parsing ecmascript source code failed

Import trace:
  Server Component:
    ./src/components/sections/HeroSection.tsx
    ./src/app/page.tsx @ http://localhost:3000/_next/static/chunks/node_modules_next_dist_1gdrd03._.js:1945
[ 3099143ms] [ERROR] ./src/components/sections/HeroSection.tsx:15:13
Expected ',', got ';'
  13 |
  14 |   return (
> 15 | "use client";
     |             ^
  16 |
  17 | import Image from "next/image";
  18 | import Link from "next/link";

Parsing ecmascript source code failed

Import trace:
  Server Component:
    ./src/components/sections/HeroSection.tsx
    ./src/app/page.tsx @ http://localhost:3000/_next/static/chunks/node_modules_next_dist_1gdrd03._.js:1945
[ 3099204ms] [ERROR] ./src/components/sections/HeroSection.tsx:15:13
Expected ',', got ';'
  13 |
  14 |   return (
> 15 | "use client";
     |             ^
  16 |
  17 | import Image from "next/image";
  18 | import Link from "next/link";

Parsing ecmascript source code failed

Import trace:
  Server Component:
    ./src/components/sections/HeroSection.tsx
    ./src/app/page.tsx @ http://localhost:3000/_next/static/chunks/node_modules_next_dist_1gdrd03._.js:1945
[ 3099262ms] [ERROR] ./src/components/sections/HeroSection.tsx:15:13
Expected ',', got ';'
  13 |
  14 |   return (
> 15 | "use client";
     |             ^
  16 |
  17 | import Image from "next/image";
  18 | import Link from "next/link";

Parsing ecmascript source code failed

Import trace:
  Server Component:
    ./src/components/sections/HeroSection.tsx
    ./src/app/page.tsx @ http://localhost:3000/_next/static/chunks/node_modules_next_dist_1gdrd03._.js:1945
[ 3099319ms] [ERROR] ./src/components/sections/HeroSection.tsx:15:13
Expected ',', got ';'
  13 |
  14 |   return (
> 15 | "use client";
     |             ^
  16 |
  17 | import Image from "next/image";
  18 | import Link from "next/link";

Parsing ecmascript source code failed

Import trace:
  Server Component:
    ./src/components/sections/HeroSection.tsx
    ./src/app/page.tsx @ http://localhost:3000/_next/static/chunks/node_modules_next_dist_1gdrd03._.js:1945
[ 3099384ms] [ERROR] ./src/components/sections/HeroSection.tsx:15:13
Expected ',', got ';'
  13 |
  14 |   return (
> 15 | "use client";
     |             ^
  16 |
  17 | import Image from "next/image";
  18 | import Link from "next/link";

Parsing ecmascript source code failed

Import trace:
  Server Component:
    ./src/components/sections/HeroSection.tsx
    ./src/app/page.tsx @ http://localhost:3000/_next/static/chunks/node_modules_next_dist_1gdrd03._.js:1945
[ 3099432ms] [ERROR] ./src/components/sections/HeroSection.tsx:15:13
Expected ',', got ';'
  13 |
  14 |   return (
> 15 | "use client";
     |             ^
  16 |
  17 | import Image from "next/image";
  18 | import Link from "next/link";

Parsing ecmascript source code failed

Import trace:
  Server Component:
    ./src/components/sections/HeroSection.tsx
    ./src/app/page.tsx @ http://localhost:3000/_next/static/chunks/node_modules_next_dist_1gdrd03._.js:1945
[ 3099489ms] [ERROR] ./src/components/sections/HeroSection.tsx:15:13
Expected ',', got ';'
  13 |
  14 |   return (
> 15 | "use client";
     |             ^
  16 |
  17 | import Image from "next/image";
  18 | import Link from "next/link";

Parsing ecmascript source code failed

Import trace:
  Server Component:
    ./src/components/sections/HeroSection.tsx
    ./src/app/page.tsx @ http://localhost:3000/_next/static/chunks/node_modules_next_dist_1gdrd03._.js:1945
[ 3099541ms] [ERROR] ./src/components/sections/HeroSection.tsx:15:13
Expected ',', got ';'
  13 |
  14 |   return (
> 15 | "use client";
     |             ^
  16 |
  17 | import Image from "next/image";
  18 | import Link from "next/link";

Parsing ecmascript source code failed

Import trace:
  Server Component:
    ./src/components/sections/HeroSection.tsx
    ./src/app/page.tsx @ http://localhost:3000/_next/static/chunks/node_modules_next_dist_1gdrd03._.js:1945
[ 3099608ms] [ERROR] ./src/components/sections/HeroSection.tsx:15:13
Expected ',', got ';'
  13 |
  14 |   return (
> 15 | "use client";
     |             ^
  16 |
  17 | import Image from "next/image";
  18 | import Link from "next/link";

Parsing ecmascript source code failed

Import trace:
  Server Component:
    ./src/components/sections/HeroSection.tsx
    ./src/app/page.tsx @ http://localhost:3000/_next/static/chunks/node_modules_next_dist_1gdrd03._.js:1945
[ 3099659ms] [ERROR] ./src/components/sections/HeroSection.tsx:15:13
Expected ',', got ';'
  13 |
  14 |   return (
> 15 | "use client";
     |             ^
  16 |
  17 | import Image from "next/image";
  18 | import Link from "next/link";

Parsing ecmascript source code failed

Import trace:
  Server Component:
    ./src/components/sections/HeroSection.tsx
    ./src/app/page.tsx @ http://localhost:3000/_next/static/chunks/node_modules_next_dist_1gdrd03._.js:1945
[ 3099709ms] [ERROR] ./src/components/sections/HeroSection.tsx:15:13
Expected ',', got ';'
  13 |
  14 |   return (
> 15 | "use client";
     |             ^
  16 |
  17 | import Image from "next/image";
  18 | import Link from "next/link";

Parsing ecmascript source code failed

Import trace:
  Server Component:
    ./src/components/sections/HeroSection.tsx
    ./src/app/page.tsx @ http://localhost:3000/_next/static/chunks/node_modules_next_dist_1gdrd03._.js:1945
[ 3099774ms] [ERROR] ./src/components/sections/HeroSection.tsx:15:13
Expected ',', got ';'
  13 |
  14 |   return (
> 15 | "use client";
     |             ^
  16 |
  17 | import Image from "next/image";
  18 | import Link from "next/link";

Parsing ecmascript source code failed

Import trace:
  Server Component:
    ./src/components/sections/HeroSection.tsx
    ./src/app/page.tsx @ http://localhost:3000/_next/static/chunks/node_modules_next_dist_1gdrd03._.js:1945
[ 3099839ms] [ERROR] ./src/components/sections/HeroSection.tsx:15:13
Expected ',', got ';'
  13 |
  14 |   return (
> 15 | "use client";
     |             ^
  16 |
  17 | import Image from "next/image";
  18 | import Link from "next/link";

Parsing ecmascript source code failed

Import trace:
  Server Component:
    ./src/components/sections/HeroSection.tsx
    ./src/app/page.tsx @ http://localhost:3000/_next/static/chunks/node_modules_next_dist_1gdrd03._.js:1945
[ 3099889ms] [ERROR] ./src/components/sections/HeroSection.tsx:15:13
Expected ',', got ';'
  13 |
  14 |   return (
> 15 | "use client";
     |             ^
  16 |
  17 | import Image from "next/image";
  18 | import Link from "next/link";

Parsing ecmascript source code failed

Import trace:
  Server Component:
    ./src/components/sections/HeroSection.tsx
    ./src/app/page.tsx @ http://localhost:3000/_next/static/chunks/node_modules_next_dist_1gdrd03._.js:1945
[ 3099939ms] [ERROR] ./src/components/sections/HeroSection.tsx:15:13
Expected ',', got ';'
  13 |
  14 |   return (
> 15 | "use client";
     |             ^
  16 |
  17 | import Image from "next/image";
  18 | import Link from "next/link";

Parsing ecmascript source code failed

Import trace:
  Server Component:
    ./src/components/sections/HeroSection.tsx
    ./src/app/page.tsx @ http://localhost:3000/_next/static/chunks/node_modules_next_dist_1gdrd03._.js:1945
[ 3100005ms] [ERROR] ./src/components/sections/HeroSection.tsx:15:13
Expected ',', got ';'
  13 |
  14 |   return (
> 15 | "use client";
     |             ^
  16 |
  17 | import Image from "next/image";
  18 | import Link from "next/link";

Parsing ecmascript source code failed

Import trace:
  Server Component:
    ./src/components/sections/HeroSection.tsx
    ./src/app/page.tsx @ http://localhost:3000/_next/static/chunks/node_modules_next_dist_1gdrd03._.js:1945
[ 3100056ms] [ERROR] ./src/components/sections/HeroSection.tsx:15:13
Expected ',', got ';'
  13 |
  14 |   return (
> 15 | "use client";
     |             ^
  16 |
  17 | import Image from "next/image";
  18 | import Link from "next/link";

Parsing ecmascript source code failed

Import trace:
  Server Component:
    ./src/components/sections/HeroSection.tsx
    ./src/app/page.tsx @ http://localhost:3000/_next/static/chunks/node_modules_next_dist_1gdrd03._.js:1945
[ 3100120ms] [ERROR] ./src/components/sections/HeroSection.tsx:15:13
Expected ',', got ';'
  13 |
  14 |   return (
> 15 | "use client";
     |             ^
  16 |
  17 | import Image from "next/image";
  18 | import Link from "next/link";

Parsing ecmascript source code failed

Import trace:
  Server Component:
    ./src/components/sections/HeroSection.tsx
    ./src/app/page.tsx @ http://localhost:3000/_next/static/chunks/node_modules_next_dist_1gdrd03._.js:1945
[ 3100171ms] [ERROR] ./src/components/sections/HeroSection.tsx:15:13
Expected ',', got ';'
  13 |
  14 |   return (
> 15 | "use client";
     |             ^
  16 |
  17 | import Image from "next/image";
  18 | import Link from "next/link";

Parsing ecmascript source code failed

Import trace:
  Server Component:
    ./src/components/sections/HeroSection.tsx
    ./src/app/page.tsx @ http://localhost:3000/_next/static/chunks/node_modules_next_dist_1gdrd03._.js:1945
[ 3100223ms] [ERROR] ./src/components/sections/HeroSection.tsx:15:13
Expected ',', got ';'
  13 |
  14 |   return (
> 15 | "use client";
     |             ^
  16 |
  17 | import Image from "next/image";
  18 | import Link from "next/link";

Parsing ecmascript source code failed

Import trace:
  Server Component:
    ./src/components/sections/HeroSection.tsx
    ./src/app/page.tsx @ http://localhost:3000/_next/static/chunks/node_modules_next_dist_1gdrd03._.js:1945
[ 3100273ms] [ERROR] ./src/components/sections/HeroSection.tsx:15:13
Expected ',', got ';'
  13 |
  14 |   return (
> 15 | "use client";
     |             ^
  16 |
  17 | import Image from "next/image";
  18 | import Link from "next/link";

Parsing ecmascript source code failed

Import trace:
  Server Component:
    ./src/components/sections/HeroSection.tsx
    ./src/app/page.tsx @ http://localhost:3000/_next/static/chunks/node_modules_next_dist_1gdrd03._.js:1945
[ 3100342ms] [ERROR] ./src/components/sections/HeroSection.tsx:15:13
Expected ',', got ';'
  13 |
  14 |   return (
> 15 | "use client";
     |             ^
  16 |
  17 | import Image from "next/image";
  18 | import Link from "next/link";

Parsing ecmascript source code failed

Import trace:
  Server Component:
    ./src/components/sections/HeroSection.tsx
    ./src/app/page.tsx @ http://localhost:3000/_next/static/chunks/node_modules_next_dist_1gdrd03._.js:1945
[ 3100406ms] [ERROR] ./src/components/sections/HeroSection.tsx:15:13
Expected ',', got ';'
  13 |
  14 |   return (
> 15 | "use client";
     |             ^
  16 |
  17 | import Image from "next/image";
  18 | import Link from "next/link";

Parsing ecmascript source code failed

Import trace:
  Server Component:
    ./src/components/sections/HeroSection.tsx
    ./src/app/page.tsx @ http://localhost:3000/_next/static/chunks/node_modules_next_dist_1gdrd03._.js:1945
[ 3100473ms] [ERROR] ./src/components/sections/HeroSection.tsx:15:13
Expected ',', got ';'
  13 |
  14 |   return (
> 15 | "use client";
     |             ^
  16 |
  17 | import Image from "next/image";
  18 | import Link from "next/link";

Parsing ecmascript source code failed

Import trace:
  Server Component:
    ./src/components/sections/HeroSection.tsx
    ./src/app/page.tsx @ http://localhost:3000/_next/static/chunks/node_modules_next_dist_1gdrd03._.js:1945
[ 3100529ms] [ERROR] ./src/components/sections/HeroSection.tsx:15:13
Expected ',', got ';'
  13 |
  14 |   return (
> 15 | "use client";
     |             ^
  16 |
  17 | import Image from "next/image";
  18 | import Link from "next/link";

Parsing ecmascript source code failed

Import trace:
  Server Component:
    ./src/components/sections/HeroSection.tsx
    ./src/app/page.tsx @ http://localhost:3000/_next/static/chunks/node_modules_next_dist_1gdrd03._.js:1945
[ 3100588ms] [ERROR] ./src/components/sections/HeroSection.tsx:15:13
Expected ',', got ';'
  13 |
  14 |   return (
> 15 | "use client";
     |             ^
  16 |
  17 | import Image from "next/image";
  18 | import Link from "next/link";

Parsing ecmascript source code failed

Import trace:
  Server Component:
    ./src/components/sections/HeroSection.tsx
    ./src/app/page.tsx @ http://localhost:3000/_next/static/chunks/node_modules_next_dist_1gdrd03._.js:1945
[ 3100639ms] [ERROR] ./src/components/sections/HeroSection.tsx:15:13
Expected ',', got ';'
  13 |
  14 |   return (
> 15 | "use client";
     |             ^
  16 |
  17 | import Image from "next/image";
  18 | import Link from "next/link";

Parsing ecmascript source code failed

Import trace:
  Server Component:
    ./src/components/sections/HeroSection.tsx
    ./src/app/page.tsx @ http://localhost:3000/_next/static/chunks/node_modules_next_dist_1gdrd03._.js:1945
[ 3100705ms] [ERROR] ./src/components/sections/HeroSection.tsx:15:13
Expected ',', got ';'
  13 |
  14 |   return (
> 15 | "use client";
     |             ^
  16 |
  17 | import Image from "next/image";
  18 | import Link from "next/link";

Parsing ecmascript source code failed

Import trace:
  Server Component:
    ./src/components/sections/HeroSection.tsx
    ./src/app/page.tsx @ http://localhost:3000/_next/static/chunks/node_modules_next_dist_1gdrd03._.js:1945
[ 3100753ms] [ERROR] ./src/components/sections/HeroSection.tsx:15:13
Expected ',', got ';'
  13 |
  14 |   return (
> 15 | "use client";
     |             ^
  16 |
  17 | import Image from "next/image";
  18 | import Link from "next/link";

Parsing ecmascript source code failed

Import trace:
  Server Component:
    ./src/components/sections/HeroSection.tsx
    ./src/app/page.tsx @ http://localhost:3000/_next/static/chunks/node_modules_next_dist_1gdrd03._.js:1945
[ 3100803ms] [ERROR] ./src/components/sections/HeroSection.tsx:15:13
Expected ',', got ';'
  13 |
  14 |   return (
> 15 | "use client";
     |             ^
  16 |
  17 | import Image from "next/image";
  18 | import Link from "next/link";

Parsing ecmascript source code failed

Import trace:
  Server Component:
    ./src/components/sections/HeroSection.tsx
    ./src/app/page.tsx @ http://localhost:3000/_next/static/chunks/node_modules_next_dist_1gdrd03._.js:1945
[ 3100870ms] [ERROR] ./src/components/sections/HeroSection.tsx:15:13
Expected ',', got ';'
  13 |
  14 |   return (
> 15 | "use client";
     |             ^
  16 |
  17 | import Image from "next/image";
  18 | import Link from "next/link";

Parsing ecmascript source code failed

Import trace:
  Server Component:
    ./src/components/sections/HeroSection.tsx
    ./src/app/page.tsx @ http://localhost:3000/_next/static/chunks/node_modules_next_dist_1gdrd03._.js:1945
[ 3100923ms] [ERROR] ./src/components/sections/HeroSection.tsx:15:13
Expected ',', got ';'
  13 |
  14 |   return (
> 15 | "use client";
     |             ^
  16 |
  17 | import Image from "next/image";
  18 | import Link from "next/link";

Parsing ecmascript source code failed

Import trace:
  Server Component:
    ./src/components/sections/HeroSection.tsx
    ./src/app/page.tsx @ http://localhost:3000/_next/static/chunks/node_modules_next_dist_1gdrd03._.js:1945
[ 3100993ms] [ERROR] ./src/components/sections/HeroSection.tsx:15:13
Expected ',', got ';'
  13 |
  14 |   return (
> 15 | "use client";
     |             ^
  16 |
  17 | import Image from "next/image";
  18 | import Link from "next/link";

Parsing ecmascript source code failed

Import trace:
  Server Component:
    ./src/components/sections/HeroSection.tsx
    ./src/app/page.tsx @ http://localhost:3000/_next/static/chunks/node_modules_next_dist_1gdrd03._.js:1945
[ 3101048ms] [ERROR] ./src/components/sections/HeroSection.tsx:15:13
Expected ',', got ';'
  13 |
  14 |   return (
> 15 | "use client";
     |             ^
  16 |
  17 | import Image from "next/image";
  18 | import Link from "next/link";

Parsing ecmascript source code failed

Import trace:
  Server Component:
    ./src/components/sections/HeroSection.tsx
    ./src/app/page.tsx @ http://localhost:3000/_next/static/chunks/node_modules_next_dist_1gdrd03._.js:1945
[ 3101114ms] [ERROR] ./src/components/sections/HeroSection.tsx:15:13
Expected ',', got ';'
  13 |
  14 |   return (
> 15 | "use client";
     |             ^
  16 |
  17 | import Image from "next/image";
  18 | import Link from "next/link";

Parsing ecmascript source code failed

Import trace:
  Server Component:
    ./src/components/sections/HeroSection.tsx
    ./src/app/page.tsx @ http://localhost:3000/_next/static/chunks/node_modules_next_dist_1gdrd03._.js:1945
[ 3101173ms] [ERROR] ./src/components/sections/HeroSection.tsx:15:13
Expected ',', got ';'
  13 |
  14 |   return (
> 15 | "use client";
     |             ^
  16 |
  17 | import Image from "next/image";
  18 | import Link from "next/link";

Parsing ecmascript source code failed

Import trace:
  Server Component:
    ./src/components/sections/HeroSection.tsx
    ./src/app/page.tsx @ http://localhost:3000/_next/static/chunks/node_modules_next_dist_1gdrd03._.js:1945
[ 3101239ms] [ERROR] ./src/components/sections/HeroSection.tsx:15:13
Expected ',', got ';'
  13 |
  14 |   return (
> 15 | "use client";
     |             ^
  16 |
  17 | import Image from "next/image";
  18 | import Link from "next/link";

Parsing ecmascript source code failed

Import trace:
  Server Component:
    ./src/components/sections/HeroSection.tsx
    ./src/app/page.tsx @ http://localhost:3000/_next/static/chunks/node_modules_next_dist_1gdrd03._.js:1945
[ 3101293ms] [ERROR] ./src/components/sections/HeroSection.tsx:15:13
Expected ',', got ';'
  13 |
  14 |   return (
> 15 | "use client";
     |             ^
  16 |
  17 | import Image from "next/image";
  18 | import Link from "next/link";

Parsing ecmascript source code failed

Import trace:
  Server Component:
    ./src/components/sections/HeroSection.tsx
    ./src/app/page.tsx @ http://localhost:3000/_next/static/chunks/node_modules_next_dist_1gdrd03._.js:1945
[ 3101358ms] [ERROR] ./src/components/sections/HeroSection.tsx:15:13
Expected ',', got ';'
  13 |
  14 |   return (
> 15 | "use client";
     |             ^
  16 |
  17 | import Image from "next/image";
  18 | import Link from "next/link";

Parsing ecmascript source code failed

Import trace:
  Server Component:
    ./src/components/sections/HeroSection.tsx
    ./src/app/page.tsx @ http://localhost:3000/_next/static/chunks/node_modules_next_dist_1gdrd03._.js:1945
[ 3101421ms] [ERROR] ./src/components/sections/HeroSection.tsx:15:13
Expected ',', got ';'
  13 |
  14 |   return (
> 15 | "use client";
     |             ^
  16 |
  17 | import Image from "next/image";
  18 | import Link from "next/link";

Parsing ecmascript source code failed

Import trace:
  Server Component:
    ./src/components/sections/HeroSection.tsx
    ./src/app/page.tsx @ http://localhost:3000/_next/static/chunks/node_modules_next_dist_1gdrd03._.js:1945
[ 3101487ms] [ERROR] ./src/components/sections/HeroSection.tsx:15:13
Expected ',', got ';'
  13 |
  14 |   return (
> 15 | "use client";
     |             ^
  16 |
  17 | import Image from "next/image";
  18 | import Link from "next/link";

Parsing ecmascript source code failed

Import trace:
  Server Component:
    ./src/components/sections/HeroSection.tsx
    ./src/app/page.tsx @ http://localhost:3000/_next/static/chunks/node_modules_next_dist_1gdrd03._.js:1945
[ 3101541ms] [ERROR] ./src/components/sections/HeroSection.tsx:15:13
Expected ',', got ';'
  13 |
  14 |   return (
> 15 | "use client";
     |             ^
  16 |
  17 | import Image from "next/image";
  18 | import Link from "next/link";

Parsing ecmascript source code failed

Import trace:
  Server Component:
    ./src/components/sections/HeroSection.tsx
    ./src/app/page.tsx @ http://localhost:3000/_next/static/chunks/node_modules_next_dist_1gdrd03._.js:1945
[ 3101591ms] [ERROR] ./src/components/sections/HeroSection.tsx:15:13
Expected ',', got ';'
  13 |
  14 |   return (
> 15 | "use client";
     |             ^
  16 |
  17 | import Image from "next/image";
  18 | import Link from "next/link";

Parsing ecmascript source code failed

Import trace:
  Server Component:
    ./src/components/sections/HeroSection.tsx
    ./src/app/page.tsx @ http://localhost:3000/_next/static/chunks/node_modules_next_dist_1gdrd03._.js:1945
[ 3101654ms] [ERROR] ./src/components/sections/HeroSection.tsx:15:13
Expected ',', got ';'
  13 |
  14 |   return (
> 15 | "use client";
     |             ^
  16 |
  17 | import Image from "next/image";
  18 | import Link from "next/link";

Parsing ecmascript source code failed

Import trace:
  Server Component:
    ./src/components/sections/HeroSection.tsx
    ./src/app/page.tsx @ http://localhost:3000/_next/static/chunks/node_modules_next_dist_1gdrd03._.js:1945
[ 3101704ms] [ERROR] ./src/components/sections/HeroSection.tsx:15:13
Expected ',', got ';'
  13 |
  14 |   return (
> 15 | "use client";
     |             ^
  16 |
  17 | import Image from "next/image";
  18 | import Link from "next/link";

Parsing ecmascript source code failed

Import trace:
  Server Component:
    ./src/components/sections/HeroSection.tsx
    ./src/app/page.tsx @ http://localhost:3000/_next/static/chunks/node_modules_next_dist_1gdrd03._.js:1945
[ 3101755ms] [ERROR] ./src/components/sections/HeroSection.tsx:15:13
Expected ',', got ';'
  13 |
  14 |   return (
> 15 | "use client";
     |             ^
  16 |
  17 | import Image from "next/image";
  18 | import Link from "next/link";

Parsing ecmascript source code failed

Import trace:
  Server Component:
    ./src/components/sections/HeroSection.tsx
    ./src/app/page.tsx @ http://localhost:3000/_next/static/chunks/node_modules_next_dist_1gdrd03._.js:1945
[ 3101819ms] [ERROR] ./src/components/sections/HeroSection.tsx:15:13
Expected ',', got ';'
  13 |
  14 |   return (
> 15 | "use client";
     |             ^
  16 |
  17 | import Image from "next/image";
  18 | import Link from "next/link";

Parsing ecmascript source code failed

Import trace:
  Server Component:
    ./src/components/sections/HeroSection.tsx
    ./src/app/page.tsx @ http://localhost:3000/_next/static/chunks/node_modules_next_dist_1gdrd03._.js:1945
[ 3101881ms] [ERROR] ./src/components/sections/HeroSection.tsx:15:13
Expected ',', got ';'
  13 |
  14 |   return (
> 15 | "use client";
     |             ^
  16 |
  17 | import Image from "next/image";
  18 | import Link from "next/link";

Parsing ecmascript source code failed

Import trace:
  Server Component:
    ./src/components/sections/HeroSection.tsx
    ./src/app/page.tsx @ http://localhost:3000/_next/static/chunks/node_modules_next_dist_1gdrd03._.js:1945
[ 3101952ms] [ERROR] ./src/components/sections/HeroSection.tsx:15:13
Expected ',', got ';'
  13 |
  14 |   return (
> 15 | "use client";
     |             ^
  16 |
  17 | import Image from "next/image";
  18 | import Link from "next/link";

Parsing ecmascript source code failed

Import trace:
  Server Component:
    ./src/components/sections/HeroSection.tsx
    ./src/app/page.tsx @ http://localhost:3000/_next/static/chunks/node_modules_next_dist_1gdrd03._.js:1945
[ 3102019ms] [ERROR] ./src/components/sections/HeroSection.tsx:15:13
Expected ',', got ';'
  13 |
  14 |   return (
> 15 | "use client";
     |             ^
  16 |
  17 | import Image from "next/image";
  18 | import Link from "next/link";

Parsing ecmascript source code failed

Import trace:
  Server Component:
    ./src/components/sections/HeroSection.tsx
    ./src/app/page.tsx @ http://localhost:3000/_next/static/chunks/node_modules_next_dist_1gdrd03._.js:1945
[ 3102080ms] [ERROR] ./src/components/sections/HeroSection.tsx:15:13
Expected ',', got ';'
  13 |
  14 |   return (
> 15 | "use client";
     |             ^
  16 |
  17 | import Image from "next/image";
  18 | import Link from "next/link";

Parsing ecmascript source code failed

Import trace:
  Server Component:
    ./src/components/sections/HeroSection.tsx
    ./src/app/page.tsx @ http://localhost:3000/_next/static/chunks/node_modules_next_dist_1gdrd03._.js:1945
[ 3102138ms] [ERROR] ./src/components/sections/HeroSection.tsx:15:13
Expected ',', got ';'
  13 |
  14 |   return (
> 15 | "use client";
     |             ^
  16 |
  17 | import Image from "next/image";
  18 | import Link from "next/link";

Parsing ecmascript source code failed

Import trace:
  Server Component:
    ./src/components/sections/HeroSection.tsx
    ./src/app/page.tsx @ http://localhost:3000/_next/static/chunks/node_modules_next_dist_1gdrd03._.js:1945
[ 3102199ms] [ERROR] ./src/components/sections/HeroSection.tsx:15:13
Expected ',', got ';'
  13 |
  14 |   return (
> 15 | "use client";
     |             ^
  16 |
  17 | import Image from "next/image";
  18 | import Link from "next/link";

Parsing ecmascript source code failed

Import trace:
  Server Component:
    ./src/components/sections/HeroSection.tsx
    ./src/app/page.tsx @ http://localhost:3000/_next/static/chunks/node_modules_next_dist_1gdrd03._.js:1945
[ 3102267ms] [ERROR] ./src/components/sections/HeroSection.tsx:15:13
Expected ',', got ';'
  13 |
  14 |   return (
> 15 | "use client";
     |             ^
  16 |
  17 | import Image from "next/image";
  18 | import Link from "next/link";

Parsing ecmascript source code failed

Import trace:
  Server Component:
    ./src/components/sections/HeroSection.tsx
    ./src/app/page.tsx @ http://localhost:3000/_next/static/chunks/node_modules_next_dist_1gdrd03._.js:1945
[ 3102328ms] [ERROR] ./src/components/sections/HeroSection.tsx:15:13
Expected ',', got ';'
  13 |
  14 |   return (
> 15 | "use client";
     |             ^
  16 |
  17 | import Image from "next/image";
  18 | import Link from "next/link";

Parsing ecmascript source code failed

Import trace:
  Server Component:
    ./src/components/sections/HeroSection.tsx
    ./src/app/page.tsx @ http://localhost:3000/_next/static/chunks/node_modules_next_dist_1gdrd03._.js:1945
[ 3102381ms] [ERROR] ./src/components/sections/HeroSection.tsx:15:13
Expected ',', got ';'
  13 |
  14 |   return (
> 15 | "use client";
     |             ^
  16 |
  17 | import Image from "next/image";
  18 | import Link from "next/link";

Parsing ecmascript source code failed

Import trace:
  Server Component:
    ./src/components/sections/HeroSection.tsx
    ./src/app/page.tsx @ http://localhost:3000/_next/static/chunks/node_modules_next_dist_1gdrd03._.js:1945
[ 3102452ms] [ERROR] ./src/components/sections/HeroSection.tsx:15:13
Expected ',', got ';'
  13 |
  14 |   return (
> 15 | "use client";
     |             ^
  16 |
  17 | import Image from "next/image";
  18 | import Link from "next/link";

Parsing ecmascript source code failed

Import trace:
  Server Component:
    ./src/components/sections/HeroSection.tsx
    ./src/app/page.tsx @ http://localhost:3000/_next/static/chunks/node_modules_next_dist_1gdrd03._.js:1945
[ 3102518ms] [ERROR] ./src/components/sections/HeroSection.tsx:15:13
Expected ',', got ';'
  13 |
  14 |   return (
> 15 | "use client";
     |             ^
  16 |
  17 | import Image from "next/image";
  18 | import Link from "next/link";

Parsing ecmascript source code failed

Import trace:
  Server Component:
    ./src/components/sections/HeroSection.tsx
    ./src/app/page.tsx @ http://localhost:3000/_next/static/chunks/node_modules_next_dist_1gdrd03._.js:1945
[ 3102581ms] [ERROR] ./src/components/sections/HeroSection.tsx:15:13
Expected ',', got ';'
  13 |
  14 |   return (
> 15 | "use client";
     |             ^
  16 |
  17 | import Image from "next/image";
  18 | import Link from "next/link";

Parsing ecmascript source code failed

Import trace:
  Server Component:
    ./src/components/sections/HeroSection.tsx
    ./src/app/page.tsx @ http://localhost:3000/_next/static/chunks/node_modules_next_dist_1gdrd03._.js:1945
[ 3102649ms] [ERROR] ./src/components/sections/HeroSection.tsx:15:13
Expected ',', got ';'
  13 |
  14 |   return (
> 15 | "use client";
     |             ^
  16 |
  17 | import Image from "next/image";
  18 | import Link from "next/link";

Parsing ecmascript source code failed

Import trace:
  Server Component:
    ./src/components/sections/HeroSection.tsx
    ./src/app/page.tsx @ http://localhost:3000/_next/static/chunks/node_modules_next_dist_1gdrd03._.js:1945
[ 3102719ms] [ERROR] ./src/components/sections/HeroSection.tsx:15:13
Expected ',', got ';'
  13 |
  14 |   return (
> 15 | "use client";
     |             ^
  16 |
  17 | import Image from "next/image";
  18 | import Link from "next/link";

Parsing ecmascript source code failed

Import trace:
  Server Component:
    ./src/components/sections/HeroSection.tsx
    ./src/app/page.tsx @ http://localhost:3000/_next/static/chunks/node_modules_next_dist_1gdrd03._.js:1945
[ 3102783ms] [ERROR] ./src/components/sections/HeroSection.tsx:15:13
Expected ',', got ';'
  13 |
  14 |   return (
> 15 | "use client";
     |             ^
  16 |
  17 | import Image from "next/image";
  18 | import Link from "next/link";

Parsing ecmascript source code failed

Import trace:
  Server Component:
    ./src/components/sections/HeroSection.tsx
    ./src/app/page.tsx @ http://localhost:3000/_next/static/chunks/node_modules_next_dist_1gdrd03._.js:1945
[ 3102837ms] [ERROR] ./src/components/sections/HeroSection.tsx:15:13
Expected ',', got ';'
  13 |
  14 |   return (
> 15 | "use client";
     |             ^
  16 |
  17 | import Image from "next/image";
  18 | import Link from "next/link";

Parsing ecmascript source code failed

Import trace:
  Server Component:
    ./src/components/sections/HeroSection.tsx
    ./src/app/page.tsx @ http://localhost:3000/_next/static/chunks/node_modules_next_dist_1gdrd03._.js:1945
[ 3102889ms] [ERROR] ./src/components/sections/HeroSection.tsx:15:13
Expected ',', got ';'
  13 |
  14 |   return (
> 15 | "use client";
     |             ^
  16 |
  17 | import Image from "next/image";
  18 | import Link from "next/link";

Parsing ecmascript source code failed

Import trace:
  Server Component:
    ./src/components/sections/HeroSection.tsx
    ./src/app/page.tsx @ http://localhost:3000/_next/static/chunks/node_modules_next_dist_1gdrd03._.js:1945
[ 3102957ms] [ERROR] ./src/components/sections/HeroSection.tsx:15:13
Expected ',', got ';'
  13 |
  14 |   return (
> 15 | "use client";
     |             ^
  16 |
  17 | import Image from "next/image";
  18 | import Link from "next/link";

Parsing ecmascript source code failed

Import trace:
  Server Component:
    ./src/components/sections/HeroSection.tsx
    ./src/app/page.tsx @ http://localhost:3000/_next/static/chunks/node_modules_next_dist_1gdrd03._.js:1945
[ 3103023ms] [ERROR] ./src/components/sections/HeroSection.tsx:15:13
Expected ',', got ';'
  13 |
  14 |   return (
> 15 | "use client";
     |             ^
  16 |
  17 | import Image from "next/image";
  18 | import Link from "next/link";

Parsing ecmascript source code failed

Import trace:
  Server Component:
    ./src/components/sections/HeroSection.tsx
    ./src/app/page.tsx @ http://localhost:3000/_next/static/chunks/node_modules_next_dist_1gdrd03._.js:1945
[ 3103079ms] [ERROR] ./src/components/sections/HeroSection.tsx:15:13
Expected ',', got ';'
  13 |
  14 |   return (
> 15 | "use client";
     |             ^
  16 |
  17 | import Image from "next/image";
  18 | import Link from "next/link";

Parsing ecmascript source code failed

Import trace:
  Server Component:
    ./src/components/sections/HeroSection.tsx
    ./src/app/page.tsx @ http://localhost:3000/_next/static/chunks/node_modules_next_dist_1gdrd03._.js:1945
[ 3103159ms] [ERROR] ./src/components/sections/HeroSection.tsx:15:13
Expected ',', got ';'
  13 |
  14 |   return (
> 15 | "use client";
     |             ^
  16 |
  17 | import Image from "next/image";
  18 | import Link from "next/link";

Parsing ecmascript source code failed

Import trace:
  Server Component:
    ./src/components/sections/HeroSection.tsx
    ./src/app/page.tsx @ http://localhost:3000/_next/static/chunks/node_modules_next_dist_1gdrd03._.js:1945
[ 3103222ms] [ERROR] ./src/components/sections/HeroSection.tsx:15:13
Expected ',', got ';'
  13 |
  14 |   return (
> 15 | "use client";
     |             ^
  16 |
  17 | import Image from "next/image";
  18 | import Link from "next/link";

Parsing ecmascript source code failed

Import trace:
  Server Component:
    ./src/components/sections/HeroSection.tsx
    ./src/app/page.tsx @ http://localhost:3000/_next/static/chunks/node_modules_next_dist_1gdrd03._.js:1945
[ 3103283ms] [ERROR] ./src/components/sections/HeroSection.tsx:15:13
Expected ',', got ';'
  13 |
  14 |   return (
> 15 | "use client";
     |             ^
  16 |
  17 | import Image from "next/image";
  18 | import Link from "next/link";

Parsing ecmascript source code failed

Import trace:
  Server Component:
    ./src/components/sections/HeroSection.tsx
    ./src/app/page.tsx @ http://localhost:3000/_next/static/chunks/node_modules_next_dist_1gdrd03._.js:1945
[ 3103339ms] [ERROR] ./src/components/sections/HeroSection.tsx:15:13
Expected ',', got ';'
  13 |
  14 |   return (
> 15 | "use client";
     |             ^
  16 |
  17 | import Image from "next/image";
  18 | import Link from "next/link";

Parsing ecmascript source code failed

Import trace:
  Server Component:
    ./src/components/sections/HeroSection.tsx
    ./src/app/page.tsx @ http://localhost:3000/_next/static/chunks/node_modules_next_dist_1gdrd03._.js:1945
[ 3103398ms] [ERROR] ./src/components/sections/HeroSection.tsx:15:13
Expected ',', got ';'
  13 |
  14 |   return (
> 15 | "use client";
     |             ^
  16 |
  17 | import Image from "next/image";
  18 | import Link from "next/link";

Parsing ecmascript source code failed

Import trace:
  Server Component:
    ./src/components/sections/HeroSection.tsx
    ./src/app/page.tsx @ http://localhost:3000/_next/static/chunks/node_modules_next_dist_1gdrd03._.js:1945
[ 3103455ms] [ERROR] ./src/components/sections/HeroSection.tsx:15:13
Expected ',', got ';'
  13 |
  14 |   return (
> 15 | "use client";
     |             ^
  16 |
  17 | import Image from "next/image";
  18 | import Link from "next/link";

Parsing ecmascript source code failed

Import trace:
  Server Component:
    ./src/components/sections/HeroSection.tsx
    ./src/app/page.tsx @ http://localhost:3000/_next/static/chunks/node_modules_next_dist_1gdrd03._.js:1945
[ 3103534ms] [ERROR] ./src/components/sections/HeroSection.tsx:15:13
Expected ',', got ';'
  13 |
  14 |   return (
> 15 | "use client";
     |             ^
  16 |
  17 | import Image from "next/image";
  18 | import Link from "next/link";

Parsing ecmascript source code failed

Import trace:
  Server Component:
    ./src/components/sections/HeroSection.tsx
    ./src/app/page.tsx @ http://localhost:3000/_next/static/chunks/node_modules_next_dist_1gdrd03._.js:1945
[ 3103605ms] [ERROR] ./src/components/sections/HeroSection.tsx:15:13
Expected ',', got ';'
  13 |
  14 |   return (
> 15 | "use client";
     |             ^
  16 |
  17 | import Image from "next/image";
  18 | import Link from "next/link";

Parsing ecmascript source code failed

Import trace:
  Server Component:
    ./src/components/sections/HeroSection.tsx
    ./src/app/page.tsx @ http://localhost:3000/_next/static/chunks/node_modules_next_dist_1gdrd03._.js:1945
[ 3103669ms] [ERROR] ./src/components/sections/HeroSection.tsx:15:13
Expected ',', got ';'
  13 |
  14 |   return (
> 15 | "use client";
     |             ^
  16 |
  17 | import Image from "next/image";
  18 | import Link from "next/link";

Parsing ecmascript source code failed

Import trace:
  Server Component:
    ./src/components/sections/HeroSection.tsx
    ./src/app/page.tsx @ http://localhost:3000/_next/static/chunks/node_modules_next_dist_1gdrd03._.js:1945
[ 3103736ms] [ERROR] ./src/components/sections/HeroSection.tsx:15:13
Expected ',', got ';'
  13 |
  14 |   return (
> 15 | "use client";
     |             ^
  16 |
  17 | import Image from "next/image";
  18 | import Link from "next/link";

Parsing ecmascript source code failed

Import trace:
  Server Component:
    ./src/components/sections/HeroSection.tsx
    ./src/app/page.tsx @ http://localhost:3000/_next/static/chunks/node_modules_next_dist_1gdrd03._.js:1945
[ 3103791ms] [ERROR] ./src/components/sections/HeroSection.tsx:15:13
Expected ',', got ';'
  13 |
  14 |   return (
> 15 | "use client";
     |             ^
  16 |
  17 | import Image from "next/image";
  18 | import Link from "next/link";

Parsing ecmascript source code failed

Import trace:
  Server Component:
    ./src/components/sections/HeroSection.tsx
    ./src/app/page.tsx @ http://localhost:3000/_next/static/chunks/node_modules_next_dist_1gdrd03._.js:1945
[ 3103856ms] [ERROR] ./src/components/sections/HeroSection.tsx:15:13
Expected ',', got ';'
  13 |
  14 |   return (
> 15 | "use client";
     |             ^
  16 |
  17 | import Image from "next/image";
  18 | import Link from "next/link";

Parsing ecmascript source code failed

Import trace:
  Server Component:
    ./src/components/sections/HeroSection.tsx
    ./src/app/page.tsx @ http://localhost:3000/_next/static/chunks/node_modules_next_dist_1gdrd03._.js:1945
[ 3103922ms] [ERROR] ./src/components/sections/HeroSection.tsx:15:13
Expected ',', got ';'
  13 |
  14 |   return (
> 15 | "use client";
     |             ^
  16 |
  17 | import Image from "next/image";
  18 | import Link from "next/link";

Parsing ecmascript source code failed

Import trace:
  Server Component:
    ./src/components/sections/HeroSection.tsx
    ./src/app/page.tsx @ http://localhost:3000/_next/static/chunks/node_modules_next_dist_1gdrd03._.js:1945
[ 3103981ms] [ERROR] ./src/components/sections/HeroSection.tsx:15:13
Expected ',', got ';'
  13 |
  14 |   return (
> 15 | "use client";
     |             ^
  16 |
  17 | import Image from "next/image";
  18 | import Link from "next/link";

Parsing ecmascript source code failed

Import trace:
  Server Component:
    ./src/components/sections/HeroSection.tsx
    ./src/app/page.tsx @ http://localhost:3000/_next/static/chunks/node_modules_next_dist_1gdrd03._.js:1945
[ 3104040ms] [ERROR] ./src/components/sections/HeroSection.tsx:15:13
Expected ',', got ';'
  13 |
  14 |   return (
> 15 | "use client";
     |             ^
  16 |
  17 | import Image from "next/image";
  18 | import Link from "next/link";

Parsing ecmascript source code failed

Import trace:
  Server Component:
    ./src/components/sections/HeroSection.tsx
    ./src/app/page.tsx @ http://localhost:3000/_next/static/chunks/node_modules_next_dist_1gdrd03._.js:1945
[ 3104106ms] [ERROR] ./src/components/sections/HeroSection.tsx:15:13
Expected ',', got ';'
  13 |
  14 |   return (
> 15 | "use client";
     |             ^
  16 |
  17 | import Image from "next/image";
  18 | import Link from "next/link";

Parsing ecmascript source code failed

Import trace:
  Server Component:
    ./src/components/sections/HeroSection.tsx
    ./src/app/page.tsx @ http://localhost:3000/_next/static/chunks/node_modules_next_dist_1gdrd03._.js:1945
[ 3104161ms] [ERROR] ./src/components/sections/HeroSection.tsx:15:13
Expected ',', got ';'
  13 |
  14 |   return (
> 15 | "use client";
     |             ^
  16 |
  17 | import Image from "next/image";
  18 | import Link from "next/link";

Parsing ecmascript source code failed

Import trace:
  Server Component:
    ./src/components/sections/HeroSection.tsx
    ./src/app/page.tsx @ http://localhost:3000/_next/static/chunks/node_modules_next_dist_1gdrd03._.js:1945
[ 3104273ms] [LOG] [Fast Refresh] rebuilding @ http://localhost:3000/_next/static/chunks/node_modules_next_dist_1gdrd03._.js:1226
[ 3104318ms] [LOG] [Fast Refresh] done in 136ms @ http://localhost:3000/_next/static/chunks/node_modules_next_dist_1gdrd03._.js:1226
[ 3104455ms] [LOG] [Fast Refresh] rebuilding @ http://localhost:3000/_next/static/chunks/node_modules_next_dist_1gdrd03._.js:1226
[ 3104787ms] [LOG] [Fast Refresh] done in 439ms @ http://localhost:3000/_next/static/chunks/node_modules_next_dist_1gdrd03._.js:1226
[ 3105018ms] [INFO] %cDownload the React DevTools for a better development experience: https://react.dev/link/react-devtools font-weight:bold @ http://localhost:3000/_next/static/chunks/node_modules_next_dist_1ybzpk2._.js:2489
[ 3105082ms] [LOG] [HMR] connected @ http://localhost:3000/_next/static/chunks/node_modules_next_dist_1ybzpk2._.js:2489
[ 3105283ms] [WARNING] Image with src "/images/imperial-essence-trading-llc/mobile/imperial-essence-dubai-luxury-products-banner-mobile-01.png" has "fill" but is missing "sizes" prop. Please add it to improve page performance. Read more: https://nextjs.org/docs/api-reference/next/image#sizes @ http://localhost:3000/_next/static/chunks/node_modules_next_dist_1ybzpk2._.js:2489
[ 3105283ms] [WARNING] Image with src "/images/brand-free-images/48-watch-collection-marble-desk-workspace.webp" has "fill" but is missing "sizes" prop. Please add it to improve page performance. Read more: https://nextjs.org/docs/api-reference/next/image#sizes @ http://localhost:3000/_next/static/chunks/node_modules_next_dist_1ybzpk2._.js:2489
[ 3105300ms] [WARNING] Image with src "/images/brand-free-images/17-pink-gold-quilted-makeup-compact.webp" has "fill" but is missing "sizes" prop. Please add it to improve page performance. Read more: https://nextjs.org/docs/api-reference/next/image#sizes @ http://localhost:3000/_next/static/chunks/node_modules_next_dist_1ybzpk2._.js:2489
[ 3105311ms] [WARNING] Image with src "/images/brand-free-images/01-cinematic-luxury-perfume-bottle-night.webp" has "fill" but is missing "sizes" prop. Please add it to improve page performance. Read more: https://nextjs.org/docs/api-reference/next/image#sizes @ http://localhost:3000/_next/static/chunks/node_modules_next_dist_1ybzpk2._.js:2489
[ 3105324ms] [WARNING] Image with src "/images/brand-free-images/03-ruby-red-perfume-bottle-with-blossoms.webp" has "fill" but is missing "sizes" prop. Please add it to improve page performance. Read more: https://nextjs.org/docs/api-reference/next/image#sizes @ http://localhost:3000/_next/static/chunks/node_modules_next_dist_1ybzpk2._.js:2489
[ 3105333ms] [WARNING] Image with src "/images/brand-free-images/10-amber-glow-beauty-skincare-collection.webp" has "fill" but is missing "sizes" prop. Please add it to improve page performance. Read more: https://nextjs.org/docs/api-reference/next/image#sizes @ http://localhost:3000/_next/static/chunks/node_modules_next_dist_1ybzpk2._.js:2489
[ 3105351ms] [WARNING] Image with src "/images/brand-free-images/30-white-tweed-runway-fashion-look.webp" has "fill" but is missing "sizes" prop. Please add it to improve page performance. Read more: https://nextjs.org/docs/api-reference/next/image#sizes @ http://localhost:3000/_next/static/chunks/node_modules_next_dist_1ybzpk2._.js:2489
[ 3105375ms] [WARNING] Image with src "/images/brand-free-images/28-luxury-duty-free-shopping-corridor.webp" has "fill" but is missing "sizes" prop. Please add it to improve page performance. Read more: https://nextjs.org/docs/api-reference/next/image#sizes @ http://localhost:3000/_next/static/chunks/node_modules_next_dist_1ybzpk2._.js:2489
[ 3105387ms] [WARNING] Image with src "/images/brand-free-images/26-luxury-handbag-boutique-display.webp" has "fill" but is missing "sizes" prop. Please add it to improve page performance. Read more: https://nextjs.org/docs/api-reference/next/image#sizes @ http://localhost:3000/_next/static/chunks/node_modules_next_dist_1ybzpk2._.js:2489
[ 3105398ms] [LOG] [Fast Refresh] rebuilding @ http://localhost:3000/_next/static/chunks/node_modules_next_dist_1ybzpk2._.js:2489
[ 3105400ms] [WARNING] Image with src "/images/brand-free-images/44-emerald-sapphire-diamond-necklace-portrait.webp" has "fill" but is missing "sizes" prop. Please add it to improve page performance. Read more: https://nextjs.org/docs/api-reference/next/image#sizes @ http://localhost:3000/_next/static/chunks/node_modules_next_dist_1ybzpk2._.js:2489
[ 3105452ms] [LOG] [Fast Refresh] done in 156ms @ http://localhost:3000/_next/static/chunks/node_modules_next_dist_1ybzpk2._.js:2489
[ 3159455ms] [LOG] [Fast Refresh] rebuilding @ http://localhost:3000/_next/static/chunks/node_modules_next_dist_1ybzpk2._.js:2489
[ 3159618ms] [LOG] [Fast Refresh] done in 223ms @ http://localhost:3000/_next/static/chunks/node_modules_next_dist_1ybzpk2._.js:2489
[ 3260148ms] [LOG] [Fast Refresh] rebuilding @ http://localhost:3000/_next/static/chunks/node_modules_next_dist_1ybzpk2._.js:2489
[ 3260180ms] [LOG] [Fast Refresh] done in 117ms @ http://localhost:3000/_next/static/chunks/node_modules_next_dist_1ybzpk2._.js:2489
[ 3260281ms] [LOG] [Fast Refresh] rebuilding @ http://localhost:3000/_next/static/chunks/node_modules_next_dist_1ybzpk2._.js:2489
[ 3260312ms] [LOG] [Fast Refresh] done in 131ms @ http://localhost:3000/_next/static/chunks/node_modules_next_dist_1ybzpk2._.js:2489
[ 3260622ms] [WARNING] Image with src "/images/imperial-essence-trading-llc/mobile/imperial-essence-premium-retail-banner-mobile-02.png" has "fill" but is missing "sizes" prop. Please add it to improve page performance. Read more: https://nextjs.org/docs/api-reference/next/image#sizes @ http://localhost:3000/_next/static/chunks/node_modules_next_dist_1ybzpk2._.js:2489
[ 3363022ms] [LOG] [Fast Refresh] rebuilding @ http://localhost:3000/_next/static/chunks/node_modules_next_dist_1ybzpk2._.js:2489
[ 3363175ms] [LOG] [Fast Refresh] done in 216ms @ http://localhost:3000/_next/static/chunks/node_modules_next_dist_1ybzpk2._.js:2489
[ 3363277ms] [LOG] [Fast Refresh] rebuilding @ http://localhost:3000/_next/static/chunks/node_modules_next_dist_1ybzpk2._.js:2489
[ 3363284ms] [LOG] [Fast Refresh] done in 108ms @ http://localhost:3000/_next/static/chunks/node_modules_next_dist_1ybzpk2._.js:2489
[ 3389320ms] [LOG] [Fast Refresh] rebuilding @ http://localhost:3000/_next/static/chunks/node_modules_next_dist_1ybzpk2._.js:2489
[ 3389824ms] [WARNING] [HMR] Invalid message: {"isTrusted":true}
TypeError: Cannot convert undefined or null to object
    at Object.keys (<anonymous>)
    at extractModulesFromTurbopackMessage (http://localhost:3000/_next/static/chunks/node_modules_next_dist_client_0r5nbpw._.js:13754:39)
    at TurbopackHmr.onTurbopackMessage (http://localhost:3000/_next/static/chunks/node_modules_next_dist_client_0r5nbpw._.js:13701:32)
    at processMessage (http://localhost:3000/_next/static/chunks/node_modules_next_dist_client_0r5nbpw._.js:14059:30)
    at WebSocket.handleMessage (http://localhost:3000/_next/static/chunks/node_modules_next_dist_client_0r5nbpw._.js:13458:52) @ http://localhost:3000/_next/static/chunks/node_modules_next_dist_1ybzpk2._.js:2489
[ 3389827ms] [LOG] [Fast Refresh] done in 610ms @ http://localhost:3000/_next/static/chunks/node_modules_next_dist_1ybzpk2._.js:2489
[ 3390275ms] [LOG] [Fast Refresh] rebuilding @ http://localhost:3000/_next/static/chunks/node_modules_next_dist_1ybzpk2._.js:2489
[ 3390497ms] [LOG] [Fast Refresh] done in 336ms @ http://localhost:3000/_next/static/chunks/node_modules_next_dist_1ybzpk2._.js:2489
[ 3390604ms] [LOG] [Fast Refresh] rebuilding @ http://localhost:3000/_next/static/chunks/node_modules_next_dist_1ybzpk2._.js:2489
[ 3390644ms] [LOG] [Fast Refresh] done in 145ms @ http://localhost:3000/_next/static/chunks/node_modules_next_dist_1ybzpk2._.js:2489
[ 3456689ms] [LOG] [Fast Refresh] rebuilding @ http://localhost:3000/_next/static/chunks/node_modules_next_dist_1ybzpk2._.js:2489
[ 3456701ms] [LOG] [Fast Refresh] done in 114ms @ http://localhost:3000/_next/static/chunks/node_modules_next_dist_1ybzpk2._.js:2489
[ 3576931ms] [LOG] [Fast Refresh] rebuilding @ http://localhost:3000/_next/static/chunks/node_modules_next_dist_1ybzpk2._.js:2489
[ 3578316ms] [LOG] [Fast Refresh] done in 1450ms @ http://localhost:3000/_next/static/chunks/node_modules_next_dist_1ybzpk2._.js:2489
[ 3581791ms] [LOG] [Fast Refresh] rebuilding @ http://localhost:3000/_next/static/chunks/node_modules_next_dist_1ybzpk2._.js:2489
[ 3581926ms] [LOG] [Fast Refresh] done in 237ms @ http://localhost:3000/_next/static/chunks/node_modules_next_dist_1ybzpk2._.js:2489
[ 3653258ms] [LOG] [Fast Refresh] rebuilding @ http://localhost:3000/_next/static/chunks/node_modules_next_dist_1ybzpk2._.js:2489
[ 3654467ms] [LOG] [Fast Refresh] done in 1318ms @ http://localhost:3000/_next/static/chunks/node_modules_next_dist_1ybzpk2._.js:2489
[ 3654595ms] [LOG] [Fast Refresh] rebuilding @ http://localhost:3000/_next/static/chunks/node_modules_next_dist_1ybzpk2._.js:2489
[ 3654604ms] [LOG] [Fast Refresh] done in 115ms @ http://localhost:3000/_next/static/chunks/node_modules_next_dist_1ybzpk2._.js:2489
[ 3665247ms] [LOG] [Fast Refresh] rebuilding @ http://localhost:3000/_next/static/chunks/node_modules_next_dist_1ybzpk2._.js:2489
[ 3665320ms] [WARNING] [Fast Refresh] performing full reload

Fast Refresh will perform a full reload when you edit a file that's imported by modules outside of the React rendering tree.
You might have a file which exports a React component but also exports a value that is imported by a non-React component file.
Consider migrating the non-React component export to a separate file and importing it into both files.

It is also possible the parent component of the component you edited is a class component, which disables Fast Refresh.
Fast Refresh requires at least one parent function component in your React tree. @ http://localhost:3000/_next/static/chunks/node_modules_next_dist_1ybzpk2._.js:2489
[ 3666018ms] [LOG] [Fast Refresh] done in 367ms @ http://localhost:3000/_next/static/chunks/node_modules_next_dist_1ybzpk2._.js:2489
[ 3666495ms] [LOG] [Fast Refresh] rebuilding @ http://localhost:3000/_next/static/chunks/node_modules_next_dist_1ybzpk2._.js:2489
[ 3667123ms] [LOG] [Fast Refresh] done in 728ms @ http://localhost:3000/_next/static/chunks/node_modules_next_dist_1ybzpk2._.js:2489
[ 3667672ms] [INFO] %cDownload the React DevTools for a better development experience: https://react.dev/link/react-devtools font-weight:bold @ http://localhost:3000/_next/static/chunks/node_modules_next_dist_1ybzpk2._.js:2489
[ 3667740ms] [LOG] [HMR] connected @ http://localhost:3000/_next/static/chunks/node_modules_next_dist_1ybzpk2._.js:2489
[ 3668065ms] [WARNING] Image with src "/images/imperial-essence-trading-llc/mobile/imperial-essence-premium-retail-banner-mobile-02.png" has "fill" but is missing "sizes" prop. Please add it to improve page performance. Read more: https://nextjs.org/docs/api-reference/next/image#sizes @ http://localhost:3000/_next/static/chunks/node_modules_next_dist_1ybzpk2._.js:2489
[ 3668066ms] [WARNING] Image with src "/images/brand-free-images/01-cinematic-luxury-perfume-bottle-night.webp" has "fill" but is missing "sizes" prop. Please add it to improve page performance. Read more: https://nextjs.org/docs/api-reference/next/image#sizes @ http://localhost:3000/_next/static/chunks/node_modules_next_dist_1ybzpk2._.js:2489
[ 3668066ms] [WARNING] Image with src "/images/brand-free-images/03-ruby-red-perfume-bottle-with-blossoms.webp" has "fill" but is missing "sizes" prop. Please add it to improve page performance. Read more: https://nextjs.org/docs/api-reference/next/image#sizes @ http://localhost:3000/_next/static/chunks/node_modules_next_dist_1ybzpk2._.js:2489
[ 3668066ms] [WARNING] Image with src "/images/brand-free-images/17-pink-gold-quilted-makeup-compact.webp" has "fill" but is missing "sizes" prop. Please add it to improve page performance. Read more: https://nextjs.org/docs/api-reference/next/image#sizes @ http://localhost:3000/_next/static/chunks/node_modules_next_dist_1ybzpk2._.js:2489
[ 3668066ms] [WARNING] Image with src "/images/brand-free-images/10-amber-glow-beauty-skincare-collection.webp" has "fill" but is missing "sizes" prop. Please add it to improve page performance. Read more: https://nextjs.org/docs/api-reference/next/image#sizes @ http://localhost:3000/_next/static/chunks/node_modules_next_dist_1ybzpk2._.js:2489
[ 3668086ms] [WARNING] Image with src "/images/brand-free-images/30-white-tweed-runway-fashion-look.webp" has "fill" but is missing "sizes" prop. Please add it to improve page performance. Read more: https://nextjs.org/docs/api-reference/next/image#sizes @ http://localhost:3000/_next/static/chunks/node_modules_next_dist_1ybzpk2._.js:2489
[ 3669544ms] [WARNING] Image with src "/images/brand-free-images/28-luxury-duty-free-shopping-corridor.webp" has "fill" but is missing "sizes" prop. Please add it to improve page performance. Read more: https://nextjs.org/docs/api-reference/next/image#sizes @ http://localhost:3000/_next/static/chunks/node_modules_next_dist_1ybzpk2._.js:2489
[ 3669544ms] [WARNING] Image with src "/images/brand-free-images/26-luxury-handbag-boutique-display.webp" has "fill" but is missing "sizes" prop. Please add it to improve page performance. Read more: https://nextjs.org/docs/api-reference/next/image#sizes @ http://localhost:3000/_next/static/chunks/node_modules_next_dist_1ybzpk2._.js:2489
[ 3669544ms] [WARNING] Image with src "/images/brand-free-images/44-emerald-sapphire-diamond-necklace-portrait.webp" has "fill" but is missing "sizes" prop. Please add it to improve page performance. Read more: https://nextjs.org/docs/api-reference/next/image#sizes @ http://localhost:3000/_next/static/chunks/node_modules_next_dist_1ybzpk2._.js:2489
[ 3677575ms] [LOG] [Fast Refresh] rebuilding @ http://localhost:3000/_next/static/chunks/node_modules_next_dist_1ybzpk2._.js:2489
[ 3678000ms] [LOG] [Fast Refresh] done in 494ms @ http://localhost:3000/_next/static/chunks/node_modules_next_dist_1ybzpk2._.js:2489
[ 3678111ms] [LOG] [Fast Refresh] rebuilding @ http://localhost:3000/_next/static/chunks/node_modules_next_dist_1ybzpk2._.js:2489
[ 3678284ms] [LOG] [Fast Refresh] done in 283ms @ http://localhost:3000/_next/static/chunks/node_modules_next_dist_1ybzpk2._.js:2489
[ 3678826ms] [INFO] %cDownload the React DevTools for a better development experience: https://react.dev/link/react-devtools font-weight:bold @ http://localhost:3000/_next/static/chunks/node_modules_next_dist_1ybzpk2._.js:2489
[ 3678878ms] [LOG] [HMR] connected @ http://localhost:3000/_next/static/chunks/node_modules_next_dist_1ybzpk2._.js:2489
[ 3679167ms] [WARNING] Image with src "/images/imperial-essence-trading-llc/mobile/imperial-essence-premium-retail-banner-mobile-02.png" has "fill" but is missing "sizes" prop. Please add it to improve page performance. Read more: https://nextjs.org/docs/api-reference/next/image#sizes @ http://localhost:3000/_next/static/chunks/node_modules_next_dist_1ybzpk2._.js:2489
[ 3679167ms] [WARNING] Image with src "/images/brand-free-images/01-cinematic-luxury-perfume-bottle-night.webp" has "fill" but is missing "sizes" prop. Please add it to improve page performance. Read more: https://nextjs.org/docs/api-reference/next/image#sizes @ http://localhost:3000/_next/static/chunks/node_modules_next_dist_1ybzpk2._.js:2489
[ 3679168ms] [WARNING] Image with src "/images/brand-free-images/03-ruby-red-perfume-bottle-with-blossoms.webp" has "fill" but is missing "sizes" prop. Please add it to improve page performance. Read more: https://nextjs.org/docs/api-reference/next/image#sizes @ http://localhost:3000/_next/static/chunks/node_modules_next_dist_1ybzpk2._.js:2489
[ 3679168ms] [WARNING] Image with src "/images/brand-free-images/17-pink-gold-quilted-makeup-compact.webp" has "fill" but is missing "sizes" prop. Please add it to improve page performance. Read more: https://nextjs.org/docs/api-reference/next/image#sizes @ http://localhost:3000/_next/static/chunks/node_modules_next_dist_1ybzpk2._.js:2489
[ 3679168ms] [WARNING] Image with src "/images/brand-free-images/10-amber-glow-beauty-skincare-collection.webp" has "fill" but is missing "sizes" prop. Please add it to improve page performance. Read more: https://nextjs.org/docs/api-reference/next/image#sizes @ http://localhost:3000/_next/static/chunks/node_modules_next_dist_1ybzpk2._.js:2489
[ 3679177ms] [WARNING] Image with src "/images/brand-free-images/30-white-tweed-runway-fashion-look.webp" has "fill" but is missing "sizes" prop. Please add it to improve page performance. Read more: https://nextjs.org/docs/api-reference/next/image#sizes @ http://localhost:3000/_next/static/chunks/node_modules_next_dist_1ybzpk2._.js:2489
[ 3680515ms] [WARNING] Image with src "/images/brand-free-images/28-luxury-duty-free-shopping-corridor.webp" has "fill" but is missing "sizes" prop. Please add it to improve page performance. Read more: https://nextjs.org/docs/api-reference/next/image#sizes @ http://localhost:3000/_next/static/chunks/node_modules_next_dist_1ybzpk2._.js:2489
[ 3680515ms] [WARNING] Image with src "/images/brand-free-images/26-luxury-handbag-boutique-display.webp" has "fill" but is missing "sizes" prop. Please add it to improve page performance. Read more: https://nextjs.org/docs/api-reference/next/image#sizes @ http://localhost:3000/_next/static/chunks/node_modules_next_dist_1ybzpk2._.js:2489
[ 3680515ms] [WARNING] Image with src "/images/brand-free-images/44-emerald-sapphire-diamond-necklace-portrait.webp" has "fill" but is missing "sizes" prop. Please add it to improve page performance. Read more: https://nextjs.org/docs/api-reference/next/image#sizes @ http://localhost:3000/_next/static/chunks/node_modules_next_dist_1ybzpk2._.js:2489
[ 3729215ms] [LOG] [Fast Refresh] rebuilding @ http://localhost:3000/_next/static/chunks/node_modules_next_dist_1ybzpk2._.js:2489
[ 3729667ms] [LOG] [Fast Refresh] done in 523ms @ http://localhost:3000/_next/static/chunks/node_modules_next_dist_1ybzpk2._.js:2489
[ 3729789ms] [LOG] [Fast Refresh] rebuilding @ http://localhost:3000/_next/static/chunks/node_modules_next_dist_1ybzpk2._.js:2489
[ 3730328ms] [LOG] [Fast Refresh] done in 647ms @ http://localhost:3000/_next/static/chunks/node_modules_next_dist_1ybzpk2._.js:2489
[ 3730737ms] [INFO] %cDownload the React DevTools for a better development experience: https://react.dev/link/react-devtools font-weight:bold @ http://localhost:3000/_next/static/chunks/node_modules_next_dist_1ybzpk2._.js:2489
[ 3730833ms] [LOG] [HMR] connected @ http://localhost:3000/_next/static/chunks/node_modules_next_dist_1ybzpk2._.js:2489
[ 3731104ms] [WARNING] Image with src "/images/imperial-essence-trading-llc/mobile/imperial-essence-premium-retail-banner-mobile-02.png" has "fill" but is missing "sizes" prop. Please add it to improve page performance. Read more: https://nextjs.org/docs/api-reference/next/image#sizes @ http://localhost:3000/_next/static/chunks/node_modules_next_dist_1ybzpk2._.js:2489
[ 3731104ms] [WARNING] Image with src "/images/brand-free-images/01-cinematic-luxury-perfume-bottle-night.webp" has "fill" but is missing "sizes" prop. Please add it to improve page performance. Read more: https://nextjs.org/docs/api-reference/next/image#sizes @ http://localhost:3000/_next/static/chunks/node_modules_next_dist_1ybzpk2._.js:2489
[ 3731104ms] [WARNING] Image with src "/images/brand-free-images/03-ruby-red-perfume-bottle-with-blossoms.webp" has "fill" but is missing "sizes" prop. Please add it to improve page performance. Read more: https://nextjs.org/docs/api-reference/next/image#sizes @ http://localhost:3000/_next/static/chunks/node_modules_next_dist_1ybzpk2._.js:2489
[ 3731104ms] [WARNING] Image with src "/images/brand-free-images/17-pink-gold-quilted-makeup-compact.webp" has "fill" but is missing "sizes" prop. Please add it to improve page performance. Read more: https://nextjs.org/docs/api-reference/next/image#sizes @ http://localhost:3000/_next/static/chunks/node_modules_next_dist_1ybzpk2._.js:2489
[ 3731104ms] [WARNING] Image with src "/images/brand-free-images/10-amber-glow-beauty-skincare-collection.webp" has "fill" but is missing "sizes" prop. Please add it to improve page performance. Read more: https://nextjs.org/docs/api-reference/next/image#sizes @ http://localhost:3000/_next/static/chunks/node_modules_next_dist_1ybzpk2._.js:2489
[ 3731118ms] [WARNING] Image with src "/images/brand-free-images/30-white-tweed-runway-fashion-look.webp" has "fill" but is missing "sizes" prop. Please add it to improve page performance. Read more: https://nextjs.org/docs/api-reference/next/image#sizes @ http://localhost:3000/_next/static/chunks/node_modules_next_dist_1ybzpk2._.js:2489
[ 3732477ms] [WARNING] Image with src "/images/brand-free-images/28-luxury-duty-free-shopping-corridor.webp" has "fill" but is missing "sizes" prop. Please add it to improve page performance. Read more: https://nextjs.org/docs/api-reference/next/image#sizes @ http://localhost:3000/_next/static/chunks/node_modules_next_dist_1ybzpk2._.js:2489
[ 3732477ms] [WARNING] Image with src "/images/brand-free-images/26-luxury-handbag-boutique-display.webp" has "fill" but is missing "sizes" prop. Please add it to improve page performance. Read more: https://nextjs.org/docs/api-reference/next/image#sizes @ http://localhost:3000/_next/static/chunks/node_modules_next_dist_1ybzpk2._.js:2489
[ 3732478ms] [WARNING] Image with src "/images/brand-free-images/44-emerald-sapphire-diamond-necklace-portrait.webp" has "fill" but is missing "sizes" prop. Please add it to improve page performance. Read more: https://nextjs.org/docs/api-reference/next/image#sizes @ http://localhost:3000/_next/static/chunks/node_modules_next_dist_1ybzpk2._.js:2489
[ 3739401ms] [LOG] [Fast Refresh] rebuilding @ http://localhost:3000/_next/static/chunks/node_modules_next_dist_1ybzpk2._.js:2489
[ 3739581ms] [LOG] [Fast Refresh] done in 269ms @ http://localhost:3000/_next/static/chunks/node_modules_next_dist_1ybzpk2._.js:2489
[ 3739727ms] [LOG] [Fast Refresh] rebuilding @ http://localhost:3000/_next/static/chunks/node_modules_next_dist_1ybzpk2._.js:2489
[ 3740154ms] [LOG] [Fast Refresh] done in 539ms @ http://localhost:3000/_next/static/chunks/node_modules_next_dist_1ybzpk2._.js:2489
[ 3772359ms] [LOG] [Fast Refresh] rebuilding @ http://localhost:3000/_next/static/chunks/node_modules_next_dist_1ybzpk2._.js:2489
[ 3772454ms] [LOG] [Fast Refresh] done in 202ms @ http://localhost:3000/_next/static/chunks/node_modules_next_dist_1ybzpk2._.js:2489
[ 3808291ms] [LOG] [Fast Refresh] rebuilding @ http://localhost:3000/_next/static/chunks/node_modules_next_dist_1ybzpk2._.js:2489
[ 3808467ms] [LOG] [Fast Refresh] done in 287ms @ http://localhost:3000/_next/static/chunks/node_modules_next_dist_1ybzpk2._.js:2489
[ 3808704ms] [LOG] [Fast Refresh] rebuilding @ http://localhost:3000/_next/static/chunks/node_modules_next_dist_1ybzpk2._.js:2489
[ 3808706ms] [LOG] [Fast Refresh] done in 135ms @ http://localhost:3000/_next/static/chunks/node_modules_next_dist_1ybzpk2._.js:2489
[ 3895993ms] [LOG] [Fast Refresh] rebuilding @ http://localhost:3000/_next/static/chunks/node_modules_next_dist_1ybzpk2._.js:2489
[ 3896399ms] [LOG] [Fast Refresh] done in 511ms @ http://localhost:3000/_next/static/chunks/node_modules_next_dist_1ybzpk2._.js:2489
[ 3897092ms] [LOG] [Fast Refresh] rebuilding @ http://localhost:3000/_next/static/chunks/node_modules_next_dist_1ybzpk2._.js:2489
[ 3897148ms] [LOG] [Fast Refresh] done in 162ms @ http://localhost:3000/_next/static/chunks/node_modules_next_dist_1ybzpk2._.js:2489
[ 3960100ms] [LOG] [Fast Refresh] rebuilding @ http://localhost:3000/_next/static/chunks/node_modules_next_dist_1ybzpk2._.js:2489
[ 3960498ms] [LOG] [Fast Refresh] done in 497ms @ http://localhost:3000/_next/static/chunks/node_modules_next_dist_1ybzpk2._.js:2489
[ 3960620ms] [LOG] [Fast Refresh] rebuilding @ http://localhost:3000/_next/static/chunks/node_modules_next_dist_1ybzpk2._.js:2489
[ 3960935ms] [LOG] [Fast Refresh] done in 420ms @ http://localhost:3000/_next/static/chunks/node_modules_next_dist_1ybzpk2._.js:2489
[ 3961101ms] [LOG] [Fast Refresh] rebuilding @ http://localhost:3000/_next/static/chunks/node_modules_next_dist_1ybzpk2._.js:2489
[ 3961198ms] [LOG] [Fast Refresh] done in 248ms @ http://localhost:3000/_next/static/chunks/node_modules_next_dist_1ybzpk2._.js:2489
[ 3994620ms] [LOG] [Fast Refresh] rebuilding @ http://localhost:3000/_next/static/chunks/node_modules_next_dist_1ybzpk2._.js:2489
[ 3995368ms] [LOG] [Fast Refresh] done in 852ms @ http://localhost:3000/_next/static/chunks/node_modules_next_dist_1ybzpk2._.js:2489
[ 4041540ms] [LOG] [Fast Refresh] rebuilding @ http://localhost:3000/_next/static/chunks/node_modules_next_dist_1ybzpk2._.js:2489
[ 4042037ms] [LOG] [Fast Refresh] done in 608ms @ http://localhost:3000/_next/static/chunks/node_modules_next_dist_1ybzpk2._.js:2489
[ 4055809ms] [LOG] [Fast Refresh] rebuilding @ http://localhost:3000/_next/static/chunks/node_modules_next_dist_1ybzpk2._.js:2489
[ 4056244ms] [LOG] [Fast Refresh] done in 544ms @ http://localhost:3000/_next/static/chunks/node_modules_next_dist_1ybzpk2._.js:2489
[ 4058602ms] [LOG] [Fast Refresh] rebuilding @ http://localhost:3000/_next/static/chunks/node_modules_next_dist_1ybzpk2._.js:2489
[ 4059006ms] [LOG] [Fast Refresh] done in 505ms @ http://localhost:3000/_next/static/chunks/node_modules_next_dist_1ybzpk2._.js:2489
[ 4059151ms] [LOG] [Fast Refresh] rebuilding @ http://localhost:3000/_next/static/chunks/node_modules_next_dist_1ybzpk2._.js:2489
[ 4059297ms] [LOG] [Fast Refresh] done in 263ms @ http://localhost:3000/_next/static/chunks/node_modules_next_dist_1ybzpk2._.js:2489
[ 4059600ms] [LOG] [Fast Refresh] rebuilding @ http://localhost:3000/_next/static/chunks/node_modules_next_dist_1ybzpk2._.js:2489
[ 4059700ms] [LOG] [Fast Refresh] done in 246ms @ http://localhost:3000/_next/static/chunks/node_modules_next_dist_1ybzpk2._.js:2489
[ 4116373ms] [LOG] [Fast Refresh] rebuilding @ http://localhost:3000/_next/static/chunks/node_modules_next_dist_1ybzpk2._.js:2489
[ 4116548ms] [LOG] [Fast Refresh] done in 282ms @ http://localhost:3000/_next/static/chunks/node_modules_next_dist_1ybzpk2._.js:2489
[ 4274510ms] [LOG] [Fast Refresh] rebuilding @ http://localhost:3000/_next/static/chunks/node_modules_next_dist_1ybzpk2._.js:2489
[ 4274920ms] [LOG] [Fast Refresh] done in 459ms @ http://localhost:3000/_next/static/chunks/node_modules_next_dist_1ybzpk2._.js:2489
[ 4282666ms] [LOG] [Fast Refresh] rebuilding @ http://localhost:3000/_next/static/chunks/node_modules_next_dist_1ybzpk2._.js:2489
[ 4282716ms] [LOG] [Fast Refresh] done in 139ms @ http://localhost:3000/_next/static/chunks/node_modules_next_dist_1ybzpk2._.js:2489
[ 4282823ms] [LOG] [Fast Refresh] rebuilding @ http://localhost:3000/_next/static/chunks/node_modules_next_dist_1ybzpk2._.js:2489
[ 4282980ms] [LOG] [Fast Refresh] done in 264ms @ http://localhost:3000/_next/static/chunks/node_modules_next_dist_1ybzpk2._.js:2489
[ 4290557ms] [LOG] [Fast Refresh] rebuilding @ http://localhost:3000/_next/static/chunks/node_modules_next_dist_1ybzpk2._.js:2489
[ 4290659ms] [LOG] [Fast Refresh] done in 173ms @ http://localhost:3000/_next/static/chunks/node_modules_next_dist_1ybzpk2._.js:2489
[ 4296040ms] [LOG] [Fast Refresh] rebuilding @ http://localhost:3000/_next/static/chunks/node_modules_next_dist_1ybzpk2._.js:2489
[ 4296106ms] [LOG] [Fast Refresh] done in 159ms @ http://localhost:3000/_next/static/chunks/node_modules_next_dist_1ybzpk2._.js:2489
[ 4296210ms] [LOG] [Fast Refresh] rebuilding @ http://localhost:3000/_next/static/chunks/node_modules_next_dist_1ybzpk2._.js:2489
[ 4296215ms] [LOG] [Fast Refresh] done in 104ms @ http://localhost:3000/_next/static/chunks/node_modules_next_dist_1ybzpk2._.js:2489
[ 4305207ms] [LOG] [Fast Refresh] rebuilding @ http://localhost:3000/_next/static/chunks/node_modules_next_dist_1ybzpk2._.js:2489
[ 4305272ms] [LOG] [Fast Refresh] done in 163ms @ http://localhost:3000/_next/static/chunks/node_modules_next_dist_1ybzpk2._.js:2489
[ 4317328ms] [LOG] [Fast Refresh] rebuilding @ http://localhost:3000/_next/static/chunks/node_modules_next_dist_1ybzpk2._.js:2489
[ 4317387ms] [LOG] [Fast Refresh] done in 146ms @ http://localhost:3000/_next/static/chunks/node_modules_next_dist_1ybzpk2._.js:2489
[ 4317491ms] [LOG] [Fast Refresh] rebuilding @ http://localhost:3000/_next/static/chunks/node_modules_next_dist_1ybzpk2._.js:2489
[ 4317495ms] [LOG] [Fast Refresh] done in 107ms @ http://localhost:3000/_next/static/chunks/node_modules_next_dist_1ybzpk2._.js:2489
[ 4328445ms] [LOG] [Fast Refresh] rebuilding @ http://localhost:3000/_next/static/chunks/node_modules_next_dist_1ybzpk2._.js:2489
[ 4328717ms] [LOG] [Fast Refresh] done in 364ms @ http://localhost:3000/_next/static/chunks/node_modules_next_dist_1ybzpk2._.js:2489
[ 4328823ms] [LOG] [Fast Refresh] rebuilding @ http://localhost:3000/_next/static/chunks/node_modules_next_dist_1ybzpk2._.js:2489
[ 4328902ms] [LOG] [Fast Refresh] done in 180ms @ http://localhost:3000/_next/static/chunks/node_modules_next_dist_1ybzpk2._.js:2489
[ 4334028ms] [LOG] [Fast Refresh] rebuilding @ http://localhost:3000/_next/static/chunks/node_modules_next_dist_1ybzpk2._.js:2489
[ 4334170ms] [LOG] [Fast Refresh] done in 241ms @ http://localhost:3000/_next/static/chunks/node_modules_next_dist_1ybzpk2._.js:2489
[ 4334272ms] [LOG] [Fast Refresh] rebuilding @ http://localhost:3000/_next/static/chunks/node_modules_next_dist_1ybzpk2._.js:2489
[ 4334300ms] [LOG] [Fast Refresh] done in 129ms @ http://localhost:3000/_next/static/chunks/node_modules_next_dist_1ybzpk2._.js:2489
[ 4334413ms] [LOG] [Fast Refresh] rebuilding @ http://localhost:3000/_next/static/chunks/node_modules_next_dist_1ybzpk2._.js:2489
[ 4334469ms] [LOG] [Fast Refresh] done in 168ms @ http://localhost:3000/_next/static/chunks/node_modules_next_dist_1ybzpk2._.js:2489
[ 4342556ms] [LOG] [Fast Refresh] rebuilding @ http://localhost:3000/_next/static/chunks/node_modules_next_dist_1ybzpk2._.js:2489
[ 4342623ms] [LOG] [Fast Refresh] done in 131ms @ http://localhost:3000/_next/static/chunks/node_modules_next_dist_1ybzpk2._.js:2489
[ 4342754ms] [LOG] [Fast Refresh] rebuilding @ http://localhost:3000/_next/static/chunks/node_modules_next_dist_1ybzpk2._.js:2489
[ 4342844ms] [LOG] [Fast Refresh] done in 200ms @ http://localhost:3000/_next/static/chunks/node_modules_next_dist_1ybzpk2._.js:2489
[ 4348356ms] [LOG] [Fast Refresh] rebuilding @ http://localhost:3000/_next/static/chunks/node_modules_next_dist_1ybzpk2._.js:2489
[ 4348389ms] [LOG] [Fast Refresh] done in 120ms @ http://localhost:3000/_next/static/chunks/node_modules_next_dist_1ybzpk2._.js:2489
[ 4348492ms] [LOG] [Fast Refresh] rebuilding @ http://localhost:3000/_next/static/chunks/node_modules_next_dist_1ybzpk2._.js:2489
[ 4348507ms] [LOG] [Fast Refresh] done in 117ms @ http://localhost:3000/_next/static/chunks/node_modules_next_dist_1ybzpk2._.js:2489
[ 4360395ms] [LOG] [Fast Refresh] rebuilding @ http://localhost:3000/_next/static/chunks/node_modules_next_dist_1ybzpk2._.js:2489
[ 4360614ms] [LOG] [Fast Refresh] done in 302ms @ http://localhost:3000/_next/static/chunks/node_modules_next_dist_1ybzpk2._.js:2489
[ 4360728ms] [LOG] [Fast Refresh] rebuilding @ http://localhost:3000/_next/static/chunks/node_modules_next_dist_1ybzpk2._.js:2489
[ 4360784ms] [LOG] [Fast Refresh] done in 170ms @ http://localhost:3000/_next/static/chunks/node_modules_next_dist_1ybzpk2._.js:2489
[ 4361067ms] [LOG] [Fast Refresh] rebuilding @ http://localhost:3000/_next/static/chunks/node_modules_next_dist_1ybzpk2._.js:2489
[ 4361102ms] [LOG] [Fast Refresh] done in 135ms @ http://localhost:3000/_next/static/chunks/node_modules_next_dist_1ybzpk2._.js:2489
[ 4366045ms] [LOG] [Fast Refresh] rebuilding @ http://localhost:3000/_next/static/chunks/node_modules_next_dist_1ybzpk2._.js:2489
[ 4366383ms] [LOG] [Fast Refresh] done in 423ms @ http://localhost:3000/_next/static/chunks/node_modules_next_dist_1ybzpk2._.js:2489
[ 4366485ms] [LOG] [Fast Refresh] rebuilding @ http://localhost:3000/_next/static/chunks/node_modules_next_dist_1ybzpk2._.js:2489
[ 4366638ms] [LOG] [Fast Refresh] done in 255ms @ http://localhost:3000/_next/static/chunks/node_modules_next_dist_1ybzpk2._.js:2489
[ 4366928ms] [LOG] [Fast Refresh] rebuilding @ http://localhost:3000/_next/static/chunks/node_modules_next_dist_1ybzpk2._.js:2489
[ 4367655ms] [LOG] [Fast Refresh] done in 834ms @ http://localhost:3000/_next/static/chunks/node_modules_next_dist_1ybzpk2._.js:2489
[ 4374113ms] [LOG] [Fast Refresh] rebuilding @ http://localhost:3000/_next/static/chunks/node_modules_next_dist_1ybzpk2._.js:2489
[ 4374384ms] [LOG] [Fast Refresh] done in 337ms @ http://localhost:3000/_next/static/chunks/node_modules_next_dist_1ybzpk2._.js:2489
[ 4374494ms] [LOG] [Fast Refresh] rebuilding @ http://localhost:3000/_next/static/chunks/node_modules_next_dist_1ybzpk2._.js:2489
[ 4374547ms] [LOG] [Fast Refresh] done in 160ms @ http://localhost:3000/_next/static/chunks/node_modules_next_dist_1ybzpk2._.js:2489
[ 4374740ms] [LOG] [Fast Refresh] rebuilding @ http://localhost:3000/_next/static/chunks/node_modules_next_dist_1ybzpk2._.js:2489
[ 4374779ms] [LOG] [Fast Refresh] done in 143ms @ http://localhost:3000/_next/static/chunks/node_modules_next_dist_1ybzpk2._.js:2489
[ 4374907ms] [LOG] [Fast Refresh] rebuilding @ http://localhost:3000/_next/static/chunks/node_modules_next_dist_1ybzpk2._.js:2489
[ 4374981ms] [LOG] [Fast Refresh] done in 184ms @ http://localhost:3000/_next/static/chunks/node_modules_next_dist_1ybzpk2._.js:2489
[ 4375154ms] [LOG] [Fast Refresh] rebuilding @ http://localhost:3000/_next/static/chunks/node_modules_next_dist_1ybzpk2._.js:2489
[ 4375156ms] [LOG] [Fast Refresh] done in 104ms @ http://localhost:3000/_next/static/chunks/node_modules_next_dist_1ybzpk2._.js:2489
[ 4420284ms] [LOG] [Fast Refresh] rebuilding @ http://localhost:3000/_next/static/chunks/node_modules_next_dist_1ybzpk2._.js:2489
[ 4420419ms] [LOG] [Fast Refresh] done in 235ms @ http://localhost:3000/_next/static/chunks/node_modules_next_dist_1ybzpk2._.js:2489
[ 4420524ms] [LOG] [Fast Refresh] rebuilding @ http://localhost:3000/_next/static/chunks/node_modules_next_dist_1ybzpk2._.js:2489
[ 4420534ms] [LOG] [Fast Refresh] done in 113ms @ http://localhost:3000/_next/static/chunks/node_modules_next_dist_1ybzpk2._.js:2489
[ 4428447ms] [LOG] [Fast Refresh] rebuilding @ http://localhost:3000/_next/static/chunks/node_modules_next_dist_1ybzpk2._.js:2489
[ 4428847ms] [LOG] [Fast Refresh] done in 491ms @ http://localhost:3000/_next/static/chunks/node_modules_next_dist_1ybzpk2._.js:2489
[ 4428952ms] [LOG] [Fast Refresh] rebuilding @ http://localhost:3000/_next/static/chunks/node_modules_next_dist_1ybzpk2._.js:2489
[ 4428980ms] [LOG] [Fast Refresh] done in 130ms @ http://localhost:3000/_next/static/chunks/node_modules_next_dist_1ybzpk2._.js:2489
[ 4438772ms] [LOG] [Fast Refresh] rebuilding @ http://localhost:3000/_next/static/chunks/node_modules_next_dist_1ybzpk2._.js:2489
[ 4439778ms] [LOG] [Fast Refresh] done in 1106ms @ http://localhost:3000/_next/static/chunks/node_modules_next_dist_1ybzpk2._.js:2489
[ 4440114ms] [LOG] [Fast Refresh] rebuilding @ http://localhost:3000/_next/static/chunks/node_modules_next_dist_1ybzpk2._.js:2489
[ 4440121ms] [LOG] [Fast Refresh] done in 106ms @ http://localhost:3000/_next/static/chunks/node_modules_next_dist_1ybzpk2._.js:2489
[ 4440385ms] [LOG] [Fast Refresh] rebuilding @ http://localhost:3000/_next/static/chunks/node_modules_next_dist_1ybzpk2._.js:2489
[ 4440467ms] [LOG] [Fast Refresh] done in 184ms @ http://localhost:3000/_next/static/chunks/node_modules_next_dist_1ybzpk2._.js:2489
[ 4453397ms] [LOG] [Fast Refresh] rebuilding @ http://localhost:3000/_next/static/chunks/node_modules_next_dist_1ybzpk2._.js:2489
[ 4453597ms] [LOG] [Fast Refresh] done in 303ms @ http://localhost:3000/_next/static/chunks/node_modules_next_dist_1ybzpk2._.js:2489
[ 4457628ms] [LOG] [Fast Refresh] rebuilding @ http://localhost:3000/_next/static/chunks/node_modules_next_dist_1ybzpk2._.js:2489
[ 4457816ms] [LOG] [Fast Refresh] done in 287ms @ http://localhost:3000/_next/static/chunks/node_modules_next_dist_1ybzpk2._.js:2489
[ 4463220ms] [LOG] [Fast Refresh] rebuilding @ http://localhost:3000/_next/static/chunks/node_modules_next_dist_1ybzpk2._.js:2489
[ 4463353ms] [LOG] [Fast Refresh] done in 239ms @ http://localhost:3000/_next/static/chunks/node_modules_next_dist_1ybzpk2._.js:2489
[ 4463455ms] [LOG] [Fast Refresh] rebuilding @ http://localhost:3000/_next/static/chunks/node_modules_next_dist_1ybzpk2._.js:2489
[ 4463596ms] [LOG] [Fast Refresh] done in 241ms @ http://localhost:3000/_next/static/chunks/node_modules_next_dist_1ybzpk2._.js:2489
[ 4463745ms] [LOG] [Fast Refresh] rebuilding @ http://localhost:3000/_next/static/chunks/node_modules_next_dist_1ybzpk2._.js:2489
[ 4463801ms] [LOG] [Fast Refresh] done in 164ms @ http://localhost:3000/_next/static/chunks/node_modules_next_dist_1ybzpk2._.js:2489
[ 4471313ms] [LOG] [Fast Refresh] rebuilding @ http://localhost:3000/_next/static/chunks/node_modules_next_dist_1ybzpk2._.js:2489
[ 4471378ms] [LOG] [Fast Refresh] done in 170ms @ http://localhost:3000/_next/static/chunks/node_modules_next_dist_1ybzpk2._.js:2489
[ 4486511ms] [LOG] [Fast Refresh] rebuilding @ http://localhost:3000/_next/static/chunks/node_modules_next_dist_1ybzpk2._.js:2489
[ 4487018ms] [LOG] [Fast Refresh] done in 580ms @ http://localhost:3000/_next/static/chunks/node_modules_next_dist_1ybzpk2._.js:2489
[ 4487122ms] [LOG] [Fast Refresh] rebuilding @ http://localhost:3000/_next/static/chunks/node_modules_next_dist_1ybzpk2._.js:2489
[ 4487168ms] [LOG] [Fast Refresh] done in 150ms @ http://localhost:3000/_next/static/chunks/node_modules_next_dist_1ybzpk2._.js:2489
[ 4487275ms] [LOG] [Fast Refresh] rebuilding @ http://localhost:3000/_next/static/chunks/node_modules_next_dist_1ybzpk2._.js:2489
[ 4487554ms] [LOG] [Fast Refresh] done in 385ms @ http://localhost:3000/_next/static/chunks/node_modules_next_dist_1ybzpk2._.js:2489
[ 4487676ms] [LOG] [Fast Refresh] rebuilding @ http://localhost:3000/_next/static/chunks/node_modules_next_dist_1ybzpk2._.js:2489
[ 4487963ms] [INFO] %cDownload the React DevTools for a better development experience: https://react.dev/link/react-devtools font-weight:bold @ http://localhost:3000/_next/static/chunks/node_modules_next_dist_1ybzpk2._.js:2489
[ 4488014ms] [LOG] [HMR] connected @ http://localhost:3000/_next/static/chunks/node_modules_next_dist_1ybzpk2._.js:2489
[ 4488266ms] [WARNING] Image with src "/images/imperial-essence-trading-llc/mobile/imperial-essence-premium-retail-banner-mobile-02.png" has "fill" but is missing "sizes" prop. Please add it to improve page performance. Read more: https://nextjs.org/docs/api-reference/next/image#sizes @ http://localhost:3000/_next/static/chunks/node_modules_next_dist_1ybzpk2._.js:2489
[ 4488266ms] [WARNING] Image with src "/images/brand-free-images/01-cinematic-luxury-perfume-bottle-night.webp" has "fill" but is missing "sizes" prop. Please add it to improve page performance. Read more: https://nextjs.org/docs/api-reference/next/image#sizes @ http://localhost:3000/_next/static/chunks/node_modules_next_dist_1ybzpk2._.js:2489
[ 4488266ms] [WARNING] Image with src "/images/brand-free-images/03-ruby-red-perfume-bottle-with-blossoms.webp" has "fill" but is missing "sizes" prop. Please add it to improve page performance. Read more: https://nextjs.org/docs/api-reference/next/image#sizes @ http://localhost:3000/_next/static/chunks/node_modules_next_dist_1ybzpk2._.js:2489
[ 4488267ms] [WARNING] Image with src "/images/brand-free-images/17-pink-gold-quilted-makeup-compact.webp" has "fill" but is missing "sizes" prop. Please add it to improve page performance. Read more: https://nextjs.org/docs/api-reference/next/image#sizes @ http://localhost:3000/_next/static/chunks/node_modules_next_dist_1ybzpk2._.js:2489
[ 4488267ms] [WARNING] Image with src "/images/brand-free-images/10-amber-glow-beauty-skincare-collection.webp" has "fill" but is missing "sizes" prop. Please add it to improve page performance. Read more: https://nextjs.org/docs/api-reference/next/image#sizes @ http://localhost:3000/_next/static/chunks/node_modules_next_dist_1ybzpk2._.js:2489
[ 4488277ms] [WARNING] Image with src "/images/brand-free-images/30-white-tweed-runway-fashion-look.webp" has "fill" but is missing "sizes" prop. Please add it to improve page performance. Read more: https://nextjs.org/docs/api-reference/next/image#sizes @ http://localhost:3000/_next/static/chunks/node_modules_next_dist_1ybzpk2._.js:2489
[ 4489684ms] [WARNING] Image with src "/images/brand-free-images/28-luxury-duty-free-shopping-corridor.webp" has "fill" but is missing "sizes" prop. Please add it to improve page performance. Read more: https://nextjs.org/docs/api-reference/next/image#sizes @ http://localhost:3000/_next/static/chunks/node_modules_next_dist_1ybzpk2._.js:2489
[ 4489684ms] [WARNING] Image with src "/images/brand-free-images/26-luxury-handbag-boutique-display.webp" has "fill" but is missing "sizes" prop. Please add it to improve page performance. Read more: https://nextjs.org/docs/api-reference/next/image#sizes @ http://localhost:3000/_next/static/chunks/node_modules_next_dist_1ybzpk2._.js:2489
[ 4489684ms] [WARNING] Image with src "/images/brand-free-images/44-emerald-sapphire-diamond-necklace-portrait.webp" has "fill" but is missing "sizes" prop. Please add it to improve page performance. Read more: https://nextjs.org/docs/api-reference/next/image#sizes @ http://localhost:3000/_next/static/chunks/node_modules_next_dist_1ybzpk2._.js:2489
[ 4497149ms] [LOG] [Fast Refresh] rebuilding @ http://localhost:3000/_next/static/chunks/node_modules_next_dist_1ybzpk2._.js:2489
[ 4497269ms] [LOG] [Fast Refresh] done in 221ms @ http://localhost:3000/_next/static/chunks/node_modules_next_dist_1ybzpk2._.js:2489
[ 4497378ms] [LOG] [Fast Refresh] rebuilding @ http://localhost:3000/_next/static/chunks/node_modules_next_dist_1ybzpk2._.js:2489
[ 4497383ms] [LOG] [Fast Refresh] done in 113ms @ http://localhost:3000/_next/static/chunks/node_modules_next_dist_1ybzpk2._.js:2489
[ 4570172ms] [LOG] [Fast Refresh] rebuilding @ http://localhost:3000/_next/static/chunks/node_modules_next_dist_1ybzpk2._.js:2489
[ 4570280ms] [LOG] [Fast Refresh] done in 209ms @ http://localhost:3000/_next/static/chunks/node_modules_next_dist_1ybzpk2._.js:2489
[ 4728165ms] [LOG] [Fast Refresh] rebuilding @ http://localhost:3000/_next/static/chunks/node_modules_next_dist_1ybzpk2._.js:2489
[ 4728239ms] [LOG] [Fast Refresh] done in 142ms @ http://localhost:3000/_next/static/chunks/node_modules_next_dist_1ybzpk2._.js:2489
[ 4737070ms] [LOG] [Fast Refresh] rebuilding @ http://localhost:3000/_next/static/chunks/node_modules_next_dist_1ybzpk2._.js:2489
[ 4737180ms] [LOG] [Fast Refresh] done in 201ms @ http://localhost:3000/_next/static/chunks/node_modules_next_dist_1ybzpk2._.js:2489
[ 4737296ms] [LOG] [Fast Refresh] rebuilding @ http://localhost:3000/_next/static/chunks/node_modules_next_dist_1ybzpk2._.js:2489
[ 4737389ms] [LOG] [Fast Refresh] done in 205ms @ http://localhost:3000/_next/static/chunks/node_modules_next_dist_1ybzpk2._.js:2489
[ 4816645ms] [LOG] [Fast Refresh] rebuilding @ http://localhost:3000/_next/static/chunks/node_modules_next_dist_1ybzpk2._.js:2489
[ 4816891ms] [LOG] [Fast Refresh] done in 173ms @ http://localhost:3000/_next/static/chunks/node_modules_next_dist_1ybzpk2._.js:2489
[ 4836808ms] [LOG] [Fast Refresh] rebuilding @ http://localhost:3000/_next/static/chunks/node_modules_next_dist_1ybzpk2._.js:2489
[ 4836939ms] [LOG] [Fast Refresh] done in 237ms @ http://localhost:3000/_next/static/chunks/node_modules_next_dist_1ybzpk2._.js:2489
[ 4888365ms] [LOG] [Fast Refresh] rebuilding @ http://localhost:3000/_next/static/chunks/node_modules_next_dist_1ybzpk2._.js:2489
[ 4888546ms] [LOG] [Fast Refresh] done in 271ms @ http://localhost:3000/_next/static/chunks/node_modules_next_dist_1ybzpk2._.js:2489
[ 4888652ms] [LOG] [Fast Refresh] rebuilding @ http://localhost:3000/_next/static/chunks/node_modules_next_dist_1ybzpk2._.js:2489
[ 4888654ms] [LOG] [Fast Refresh] done in 103ms @ http://localhost:3000/_next/static/chunks/node_modules_next_dist_1ybzpk2._.js:2489
[ 4974847ms] [LOG] [Fast Refresh] rebuilding @ http://localhost:3000/_next/static/chunks/node_modules_next_dist_1ybzpk2._.js:2489
[ 4974970ms] [LOG] [Fast Refresh] done in 211ms @ http://localhost:3000/_next/static/chunks/node_modules_next_dist_1ybzpk2._.js:2489
[ 4975088ms] [LOG] [Fast Refresh] rebuilding @ http://localhost:3000/_next/static/chunks/node_modules_next_dist_1ybzpk2._.js:2489
[ 4975150ms] [LOG] [Fast Refresh] done in 170ms @ http://localhost:3000/_next/static/chunks/node_modules_next_dist_1ybzpk2._.js:2489
[ 5018285ms] [LOG] [Fast Refresh] rebuilding @ http://localhost:3000/_next/static/chunks/node_modules_next_dist_1ybzpk2._.js:2489
[ 5018423ms] [LOG] [Fast Refresh] done in 227ms @ http://localhost:3000/_next/static/chunks/node_modules_next_dist_1ybzpk2._.js:2489
[ 5018529ms] [LOG] [Fast Refresh] rebuilding @ http://localhost:3000/_next/static/chunks/node_modules_next_dist_1ybzpk2._.js:2489
[ 5018555ms] [LOG] [Fast Refresh] done in 129ms @ http://localhost:3000/_next/static/chunks/node_modules_next_dist_1ybzpk2._.js:2489
[ 5064307ms] [LOG] [Fast Refresh] rebuilding @ http://localhost:3000/_next/static/chunks/node_modules_next_dist_1ybzpk2._.js:2489
[ 5064470ms] [LOG] [Fast Refresh] done in 258ms @ http://localhost:3000/_next/static/chunks/node_modules_next_dist_1ybzpk2._.js:2489
[ 5064579ms] [LOG] [Fast Refresh] rebuilding @ http://localhost:3000/_next/static/chunks/node_modules_next_dist_1ybzpk2._.js:2489
[ 5064608ms] [LOG] [Fast Refresh] done in 130ms @ http://localhost:3000/_next/static/chunks/node_modules_next_dist_1ybzpk2._.js:2489
[ 5064712ms] [LOG] [Fast Refresh] rebuilding @ http://localhost:3000/_next/static/chunks/node_modules_next_dist_1ybzpk2._.js:2489
[ 5064752ms] [LOG] [Fast Refresh] done in 143ms @ http://localhost:3000/_next/static/chunks/node_modules_next_dist_1ybzpk2._.js:2489
